solid OpenSCAD_Model
  facet normal -0.999848 -0.0174495 0
    outer loop
      vertex 0.00365448 5.7906 0
      vertex 0 6 30
      vertex 0 6 0
    endloop
  endfacet
  facet normal -0.999848 -0.0174495 0
    outer loop
      vertex 0 6 30
      vertex 0.00365448 5.7906 0
      vertex 0.00365448 5.7906 30
    endloop
  endfacet
  facet normal 0 0 1
    outer loop
      vertex 7.9 5.8 30
      vertex 10.3 5.8 30
      vertex 10.2973 5.95705 30
    endloop
  endfacet
  facet normal 0 0 1
    outer loop
      vertex 7.89872 5.87329 30
      vertex 10.2973 5.95705 30
      vertex 10.289 6.1139 30
    endloop
  endfacet
  facet normal 0 0 1
    outer loop
      vertex 10.3 5.8 30
      vertex 7.9 5.8 30
      vertex 10.2973 5.64295 30
    endloop
  endfacet
  facet normal 0 0 1
    outer loop
      vertex 7.89872 5.87329 30
      vertex 10.289 6.1139 30
      vertex 10.2753 6.27038 30
    endloop
  endfacet
  facet normal -0 0 1
    outer loop
      vertex 7.89872 5.72671 30
      vertex 10.2973 5.64295 30
      vertex 7.9 5.8 30
    endloop
  endfacet
  facet normal 0 0 1
    outer loop
      vertex 7.89872 5.87329 30
      vertex 10.2753 6.27038 30
      vertex 10.2562 6.42628 30
    endloop
  endfacet
  facet normal 0 0 1
    outer loop
      vertex 10.2973 5.64295 30
      vertex 7.89872 5.72671 30
      vertex 10.289 5.4861 30
    endloop
  endfacet
  facet normal 0 0 1
    outer loop
      vertex 7.89872 5.87329 30
      vertex 10.2562 6.42628 30
      vertex 10.2316 6.58142 30
    endloop
  endfacet
  facet normal -0 0 1
    outer loop
      vertex 7.89488 5.65351 30
      vertex 10.289 5.4861 30
      vertex 7.89872 5.72671 30
    endloop
  endfacet
  facet normal 0 0 1
    outer loop
      vertex 7.89872 5.87329 30
      vertex 10.2316 6.58142 30
      vertex 10.2017 6.7356 30
    endloop
  endfacet
  facet normal 0 0 1
    outer loop
      vertex 10.289 5.4861 30
      vertex 7.89488 5.65351 30
      vertex 10.2753 5.32962 30
    endloop
  endfacet
  facet normal 0 0 1
    outer loop
      vertex 7.89872 5.87329 30
      vertex 10.2017 6.7356 30
      vertex 10.1663 6.88865 30
    endloop
  endfacet
  facet normal -0 0 1
    outer loop
      vertex 7.8885 5.58049 30
      vertex 10.2753 5.32962 30
      vertex 7.89488 5.65351 30
    endloop
  endfacet
  facet normal 0 0 1
    outer loop
      vertex 7.89872 5.87329 30
      vertex 10.1663 6.88865 30
      vertex 10.1257 7.04037 30
    endloop
  endfacet
  facet normal 0 0 1
    outer loop
      vertex 10.2753 5.32962 30
      vertex 7.8885 5.58049 30
      vertex 10.2562 5.17372 30
    endloop
  endfacet
  facet normal 0 0 1
    outer loop
      vertex 7.89872 5.87329 30
      vertex 10.1257 7.04037 30
      vertex 10.0798 7.19058 30
    endloop
  endfacet
  facet normal -0 0 1
    outer loop
      vertex 7.87956 5.50774 30
      vertex 10.2562 5.17372 30
      vertex 7.8885 5.58049 30
    endloop
  endfacet
  facet normal 0 0 1
    outer loop
      vertex 7.89872 5.87329 30
      vertex 10.0798 7.19058 30
      vertex 10.0286 7.33909 30
    endloop
  endfacet
  facet normal 0 0 1
    outer loop
      vertex 10.2562 5.17372 30
      vertex 7.87956 5.50774 30
      vertex 10.2316 5.01858 30
    endloop
  endfacet
  facet normal 0 0 1
    outer loop
      vertex 7.89872 5.87329 30
      vertex 10.0286 7.33909 30
      vertex 9.97233 7.48573 30
    endloop
  endfacet
  facet normal -0 0 1
    outer loop
      vertex 7.8681 5.43534 30
      vertex 10.2316 5.01858 30
      vertex 7.87956 5.50774 30
    endloop
  endfacet
  facet normal 0 0 1
    outer loop
      vertex 7.89872 5.87329 30
      vertex 9.97233 7.48573 30
      vertex 9.91095 7.63031 30
    endloop
  endfacet
  facet normal 0 0 1
    outer loop
      vertex 10.2316 5.01858 30
      vertex 7.8681 5.43534 30
      vertex 10.2017 4.8644 30
    endloop
  endfacet
  facet normal 0 0 1
    outer loop
      vertex 7.89872 5.87329 30
      vertex 9.91095 7.63031 30
      vertex 9.84457 7.77267 30
    endloop
  endfacet
  facet normal -0 0 1
    outer loop
      vertex 7.85411 5.36339 30
      vertex 10.2017 4.8644 30
      vertex 7.8681 5.43534 30
    endloop
  endfacet
  facet normal 0 0 1
    outer loop
      vertex 7.89872 5.87329 30
      vertex 9.84457 7.77267 30
      vertex 9.77326 7.91262 30
    endloop
  endfacet
  facet normal 0 0 1
    outer loop
      vertex 10.2017 4.8644 30
      vertex 7.85411 5.36339 30
      vertex 10.1663 4.71135 30
    endloop
  endfacet
  facet normal 0 0 1
    outer loop
      vertex 7.89872 5.87329 30
      vertex 9.77326 7.91262 30
      vertex 9.69711 8.05 30
    endloop
  endfacet
  facet normal -0 0 1
    outer loop
      vertex 7.83762 5.29196 30
      vertex 10.1663 4.71135 30
      vertex 7.85411 5.36339 30
    endloop
  endfacet
  facet normal 0 0 1
    outer loop
      vertex 7.89872 5.87329 30
      vertex 9.69711 8.05 30
      vertex 9.61622 8.18464 30
    endloop
  endfacet
  facet normal 0 0 1
    outer loop
      vertex 10.1663 4.71135 30
      vertex 7.83762 5.29196 30
      vertex 10.1257 4.55963 30
    endloop
  endfacet
  facet normal 0 0 1
    outer loop
      vertex 7.89872 5.87329 30
      vertex 9.61622 8.18464 30
      vertex 9.53067 8.31637 30
    endloop
  endfacet
  facet normal -0 0 1
    outer loop
      vertex 7.81865 5.22116 30
      vertex 10.1257 4.55963 30
      vertex 7.83762 5.29196 30
    endloop
  endfacet
  facet normal 0 0 1
    outer loop
      vertex 7.89872 5.87329 30
      vertex 9.53067 8.31637 30
      vertex 9.44058 8.44503 30
    endloop
  endfacet
  facet normal 0 0 1
    outer loop
      vertex 10.1257 4.55963 30
      vertex 7.81865 5.22116 30
      vertex 10.0798 4.40942 30
    endloop
  endfacet
  facet normal 0 0 1
    outer loop
      vertex 7.89872 5.87329 30
      vertex 9.44058 8.44503 30
      vertex 9.34605 8.57048 30
    endloop
  endfacet
  facet normal -0 0 1
    outer loop
      vertex 7.79722 5.15106 30
      vertex 10.0798 4.40942 30
      vertex 7.81865 5.22116 30
    endloop
  endfacet
  facet normal 0 0 1
    outer loop
      vertex 7.89872 5.87329 30
      vertex 9.34605 8.57048 30
      vertex 9.2472 8.69254 30
    endloop
  endfacet
  facet normal 0 0 1
    outer loop
      vertex 10.0798 4.40942 30
      vertex 7.79722 5.15106 30
      vertex 10.0286 4.26091 30
    endloop
  endfacet
  facet normal 0 0 1
    outer loop
      vertex 7.89872 5.87329 30
      vertex 9.2472 8.69254 30
      vertex 9.14415 8.81109 30
    endloop
  endfacet
  facet normal -0 0 1
    outer loop
      vertex 7.77335 5.08176 30
      vertex 10.0286 4.26091 30
      vertex 7.79722 5.15106 30
    endloop
  endfacet
  facet normal 0 0 1
    outer loop
      vertex 7.89872 5.87329 30
      vertex 9.14415 8.81109 30
      vertex 9.03703 8.92596 30
    endloop
  endfacet
  facet normal 0 0 1
    outer loop
      vertex 10.0286 4.26091 30
      vertex 7.77335 5.08176 30
      vertex 9.97233 4.11427 30
    endloop
  endfacet
  facet normal 0 0 1
    outer loop
      vertex 7.89872 5.87329 30
      vertex 9.03703 8.92596 30
      vertex 8.92596 9.03703 30
    endloop
  endfacet
  facet normal -0 0 1
    outer loop
      vertex 7.74709 5.01333 30
      vertex 9.97233 4.11427 30
      vertex 7.77335 5.08176 30
    endloop
  endfacet
  facet normal 0 0 1
    outer loop
      vertex 7.89872 5.87329 30
      vertex 8.92596 9.03703 30
      vertex 8.81109 9.14415 30
    endloop
  endfacet
  facet normal 0 0 1
    outer loop
      vertex 9.97233 4.11427 30
      vertex 7.74709 5.01333 30
      vertex 9.91095 3.96968 30
    endloop
  endfacet
  facet normal 0 0 1
    outer loop
      vertex 7.89872 5.87329 30
      vertex 8.81109 9.14415 30
      vertex 8.69254 9.2472 30
    endloop
  endfacet
  facet normal -0 0 1
    outer loop
      vertex 7.71844 4.94585 30
      vertex 9.91095 3.96968 30
      vertex 7.74709 5.01333 30
    endloop
  endfacet
  facet normal 0 0 1
    outer loop
      vertex 7.89872 5.87329 30
      vertex 8.69254 9.2472 30
      vertex 8.57048 9.34605 30
    endloop
  endfacet
  facet normal 0 0 1
    outer loop
      vertex 9.91095 3.96968 30
      vertex 7.71844 4.94585 30
      vertex 9.84457 3.82733 30
    endloop
  endfacet
  facet normal 0 0 1
    outer loop
      vertex 7.89872 5.87329 30
      vertex 8.57048 9.34605 30
      vertex 8.44503 9.44058 30
    endloop
  endfacet
  facet normal -0 0 1
    outer loop
      vertex 7.68747 4.87942 30
      vertex 9.84457 3.82733 30
      vertex 7.71844 4.94585 30
    endloop
  endfacet
  facet normal 0 0 1
    outer loop
      vertex 7.89872 5.87329 30
      vertex 8.44503 9.44058 30
      vertex 8.31637 9.53067 30
    endloop
  endfacet
  facet normal 0 0 1
    outer loop
      vertex 9.84457 3.82733 30
      vertex 7.68747 4.87942 30
      vertex 9.77326 3.68738 30
    endloop
  endfacet
  facet normal -0 0 1
    outer loop
      vertex 7.65419 4.81411 30
      vertex 9.77326 3.68738 30
      vertex 7.68747 4.87942 30
    endloop
  endfacet
  facet normal 0 0 1
    outer loop
      vertex 7.89872 5.87329 30
      vertex 8.31637 9.53067 30
      vertex 8.18464 9.61622 30
    endloop
  endfacet
  facet normal 0 0 1
    outer loop
      vertex 76.3458 6.78589 30
      vertex 74.2267 7.91262 30
      vertex 76.3125 6.72058 30
    endloop
  endfacet
  facet normal 0 0 1
    outer loop
      vertex 76.1 5.8 30
      vertex 75.6836 2.06933 30
      vertex 75.7904 2 30
    endloop
  endfacet
  facet normal -0 0 1
    outer loop
      vertex 74.1554 7.77267 30
      vertex 76.3125 6.72058 30
      vertex 74.2267 7.91262 30
    endloop
  endfacet
  facet normal 0 0 1
    outer loop
      vertex 76.1 5.8 30
      vertex 75.555 2.15942 30
      vertex 75.6836 2.06933 30
    endloop
  endfacet
  facet normal 0 0 1
    outer loop
      vertex 76.3125 6.72058 30
      vertex 74.1554 7.77267 30
      vertex 76.2816 6.65415 30
    endloop
  endfacet
  facet normal 0 0 1
    outer loop
      vertex 76.1 5.8 30
      vertex 75.4295 2.25395 30
      vertex 75.555 2.15942 30
    endloop
  endfacet
  facet normal -0 0 1
    outer loop
      vertex 74.089 7.63031 30
      vertex 76.2816 6.65415 30
      vertex 74.1554 7.77267 30
    endloop
  endfacet
  facet normal 0 0 1
    outer loop
      vertex 76.1 5.8 30
      vertex 75.3075 2.3528 30
      vertex 75.4295 2.25395 30
    endloop
  endfacet
  facet normal 0 0 1
    outer loop
      vertex 76.2816 6.65415 30
      vertex 74.089 7.63031 30
      vertex 76.2529 6.58667 30
    endloop
  endfacet
  facet normal 0 0 1
    outer loop
      vertex 76.1 5.8 30
      vertex 75.1889 2.45585 30
      vertex 75.3075 2.3528 30
    endloop
  endfacet
  facet normal -0 0 1
    outer loop
      vertex 74.0277 7.48573 30
      vertex 76.2529 6.58667 30
      vertex 74.089 7.63031 30
    endloop
  endfacet
  facet normal 0 0 1
    outer loop
      vertex 76.1 5.8 30
      vertex 75.074 2.56297 30
      vertex 75.1889 2.45585 30
    endloop
  endfacet
  facet normal 0 0 1
    outer loop
      vertex 76.2529 6.58667 30
      vertex 74.0277 7.48573 30
      vertex 76.2266 6.51824 30
    endloop
  endfacet
  facet normal 0 0 1
    outer loop
      vertex 76.1 5.8 30
      vertex 74.963 2.67404 30
      vertex 75.074 2.56297 30
    endloop
  endfacet
  facet normal -0 0 1
    outer loop
      vertex 73.9714 7.33909 30
      vertex 76.2266 6.51824 30
      vertex 74.0277 7.48573 30
    endloop
  endfacet
  facet normal 0 0 1
    outer loop
      vertex 76.1 5.8 30
      vertex 74.8559 2.78891 30
      vertex 74.963 2.67404 30
    endloop
  endfacet
  facet normal 0 0 1
    outer loop
      vertex 76.2266 6.51824 30
      vertex 73.9714 7.33909 30
      vertex 76.2028 6.44894 30
    endloop
  endfacet
  facet normal 0 0 1
    outer loop
      vertex 76.1 5.8 30
      vertex 74.7528 2.90746 30
      vertex 74.8559 2.78891 30
    endloop
  endfacet
  facet normal -0 0 1
    outer loop
      vertex 73.9202 7.19058 30
      vertex 76.2028 6.44894 30
      vertex 73.9714 7.33909 30
    endloop
  endfacet
  facet normal 0 0 1
    outer loop
      vertex 76.1 5.8 30
      vertex 74.654 3.02952 30
      vertex 74.7528 2.90746 30
    endloop
  endfacet
  facet normal 0 0 1
    outer loop
      vertex 76.2028 6.44894 30
      vertex 73.9202 7.19058 30
      vertex 76.1814 6.37884 30
    endloop
  endfacet
  facet normal 0 0 1
    outer loop
      vertex 76.1 5.8 30
      vertex 74.5594 3.15497 30
      vertex 74.654 3.02952 30
    endloop
  endfacet
  facet normal -0 0 1
    outer loop
      vertex 73.8743 7.04037 30
      vertex 76.1814 6.37884 30
      vertex 73.9202 7.19058 30
    endloop
  endfacet
  facet normal 0 0 1
    outer loop
      vertex 76.1 5.8 30
      vertex 74.4693 3.28363 30
      vertex 74.5594 3.15497 30
    endloop
  endfacet
  facet normal 0 0 1
    outer loop
      vertex 76.1814 6.37884 30
      vertex 73.8743 7.04037 30
      vertex 76.1624 6.30804 30
    endloop
  endfacet
  facet normal 0 0 1
    outer loop
      vertex 76.1 5.8 30
      vertex 74.3838 3.41536 30
      vertex 74.4693 3.28363 30
    endloop
  endfacet
  facet normal -0 0 1
    outer loop
      vertex 73.8337 6.88865 30
      vertex 76.1624 6.30804 30
      vertex 73.8743 7.04037 30
    endloop
  endfacet
  facet normal 0 0 1
    outer loop
      vertex 76.1 5.8 30
      vertex 74.3029 3.55 30
      vertex 74.3838 3.41536 30
    endloop
  endfacet
  facet normal 0 0 1
    outer loop
      vertex 76.1624 6.30804 30
      vertex 73.8337 6.88865 30
      vertex 76.1459 6.23661 30
    endloop
  endfacet
  facet normal 0 0 1
    outer loop
      vertex 76.1 5.8 30
      vertex 74.2267 3.68738 30
      vertex 74.3029 3.55 30
    endloop
  endfacet
  facet normal -0 0 1
    outer loop
      vertex 73.7983 6.7356 30
      vertex 76.1459 6.23661 30
      vertex 73.8337 6.88865 30
    endloop
  endfacet
  facet normal 0 0 1
    outer loop
      vertex 76.1 5.8 30
      vertex 74.1554 3.82733 30
      vertex 74.2267 3.68738 30
    endloop
  endfacet
  facet normal 0 0 1
    outer loop
      vertex 76.1459 6.23661 30
      vertex 73.7983 6.7356 30
      vertex 76.1319 6.16466 30
    endloop
  endfacet
  facet normal 0 0 1
    outer loop
      vertex 76.1 5.8 30
      vertex 74.089 3.96968 30
      vertex 74.1554 3.82733 30
    endloop
  endfacet
  facet normal -0 0 1
    outer loop
      vertex 73.7684 6.58142 30
      vertex 76.1319 6.16466 30
      vertex 73.7983 6.7356 30
    endloop
  endfacet
  facet normal 0 0 1
    outer loop
      vertex 76.1 5.8 30
      vertex 74.0277 4.11427 30
      vertex 74.089 3.96968 30
    endloop
  endfacet
  facet normal 0 0 1
    outer loop
      vertex 76.1319 6.16466 30
      vertex 73.7684 6.58142 30
      vertex 76.1204 6.09226 30
    endloop
  endfacet
  facet normal 0 0 1
    outer loop
      vertex 76.1 5.8 30
      vertex 73.9714 4.26091 30
      vertex 74.0277 4.11427 30
    endloop
  endfacet
  facet normal -0 0 1
    outer loop
      vertex 73.7438 6.42628 30
      vertex 76.1204 6.09226 30
      vertex 73.7684 6.58142 30
    endloop
  endfacet
  facet normal 0 0 1
    outer loop
      vertex 76.1 5.8 30
      vertex 73.9202 4.40942 30
      vertex 73.9714 4.26091 30
    endloop
  endfacet
  facet normal 0 0 1
    outer loop
      vertex 76.1204 6.09226 30
      vertex 73.7438 6.42628 30
      vertex 76.1115 6.01951 30
    endloop
  endfacet
  facet normal 0 0 1
    outer loop
      vertex 76.1 5.8 30
      vertex 73.8743 4.55963 30
      vertex 73.9202 4.40942 30
    endloop
  endfacet
  facet normal -0 0 1
    outer loop
      vertex 73.7247 6.27038 30
      vertex 76.1115 6.01951 30
      vertex 73.7438 6.42628 30
    endloop
  endfacet
  facet normal 0 0 1
    outer loop
      vertex 76.1 5.8 30
      vertex 73.8337 4.71135 30
      vertex 73.8743 4.55963 30
    endloop
  endfacet
  facet normal 0 0 1
    outer loop
      vertex 76.1115 6.01951 30
      vertex 73.7247 6.27038 30
      vertex 76.1051 5.94649 30
    endloop
  endfacet
  facet normal 0 0 1
    outer loop
      vertex 76.1 5.8 30
      vertex 73.7983 4.8644 30
      vertex 73.8337 4.71135 30
    endloop
  endfacet
  facet normal -0 0 1
    outer loop
      vertex 73.711 6.1139 30
      vertex 76.1051 5.94649 30
      vertex 73.7247 6.27038 30
    endloop
  endfacet
  facet normal 0 0 1
    outer loop
      vertex 76.1 5.8 30
      vertex 73.7684 5.01858 30
      vertex 73.7983 4.8644 30
    endloop
  endfacet
  facet normal 0 0 1
    outer loop
      vertex 76.1051 5.94649 30
      vertex 73.711 6.1139 30
      vertex 76.1013 5.87329 30
    endloop
  endfacet
  facet normal 0 0 1
    outer loop
      vertex 76.1 5.8 30
      vertex 73.7438 5.17372 30
      vertex 73.7684 5.01858 30
    endloop
  endfacet
  facet normal -0 0 1
    outer loop
      vertex 73.7027 5.95705 30
      vertex 76.1013 5.87329 30
      vertex 73.711 6.1139 30
    endloop
  endfacet
  facet normal 0 0 1
    outer loop
      vertex 76.1 5.8 30
      vertex 73.7247 5.32962 30
      vertex 73.7438 5.17372 30
    endloop
  endfacet
  facet normal 0 0 1
    outer loop
      vertex 76.1013 5.87329 30
      vertex 73.7027 5.95705 30
      vertex 76.1 5.8 30
    endloop
  endfacet
  facet normal 0 0 1
    outer loop
      vertex 76.1 5.8 30
      vertex 73.711 5.4861 30
      vertex 73.7247 5.32962 30
    endloop
  endfacet
  facet normal 0 0 1
    outer loop
      vertex 73.7 5.8 30
      vertex 76.1 5.8 30
      vertex 73.7027 5.95705 30
    endloop
  endfacet
  facet normal 0 0 1
    outer loop
      vertex 76.1 5.8 30
      vertex 73.7027 5.64295 30
      vertex 73.711 5.4861 30
    endloop
  endfacet
  facet normal 0 0 1
    outer loop
      vertex 76.1 5.8 30
      vertex 73.7 5.8 30
      vertex 73.7027 5.64295 30
    endloop
  endfacet
  facet normal 0 0 1
    outer loop
      vertex 76.3458 139.186 30
      vertex 74.2267 140.313 30
      vertex 76.3125 139.121 30
    endloop
  endfacet
  facet normal 0 0 1
    outer loop
      vertex 76.1 138.2 30
      vertex 75.6836 134.469 30
      vertex 75.8154 134.384 30
    endloop
  endfacet
  facet normal -0 0 1
    outer loop
      vertex 74.1554 140.173 30
      vertex 76.3125 139.121 30
      vertex 74.2267 140.313 30
    endloop
  endfacet
  facet normal 0 0 1
    outer loop
      vertex 76.1 138.2 30
      vertex 75.555 134.559 30
      vertex 75.6836 134.469 30
    endloop
  endfacet
  facet normal 0 0 1
    outer loop
      vertex 76.3125 139.121 30
      vertex 74.1554 140.173 30
      vertex 76.2816 139.054 30
    endloop
  endfacet
  facet normal 0 0 1
    outer loop
      vertex 76.1 138.2 30
      vertex 75.4295 134.654 30
      vertex 75.555 134.559 30
    endloop
  endfacet
  facet normal -0 0 1
    outer loop
      vertex 74.089 140.03 30
      vertex 76.2816 139.054 30
      vertex 74.1554 140.173 30
    endloop
  endfacet
  facet normal 0 0 1
    outer loop
      vertex 76.1 138.2 30
      vertex 75.3075 134.753 30
      vertex 75.4295 134.654 30
    endloop
  endfacet
  facet normal 0 0 1
    outer loop
      vertex 76.2816 139.054 30
      vertex 74.089 140.03 30
      vertex 76.2529 138.987 30
    endloop
  endfacet
  facet normal 0 0 1
    outer loop
      vertex 76.1 138.2 30
      vertex 75.1889 134.856 30
      vertex 75.3075 134.753 30
    endloop
  endfacet
  facet normal -0 0 1
    outer loop
      vertex 74.0277 139.886 30
      vertex 76.2529 138.987 30
      vertex 74.089 140.03 30
    endloop
  endfacet
  facet normal 0 0 1
    outer loop
      vertex 76.1 138.2 30
      vertex 75.074 134.963 30
      vertex 75.1889 134.856 30
    endloop
  endfacet
  facet normal 0 0 1
    outer loop
      vertex 76.2529 138.987 30
      vertex 74.0277 139.886 30
      vertex 76.2266 138.918 30
    endloop
  endfacet
  facet normal 0 0 1
    outer loop
      vertex 76.1 138.2 30
      vertex 74.963 135.074 30
      vertex 75.074 134.963 30
    endloop
  endfacet
  facet normal -0 0 1
    outer loop
      vertex 73.9714 139.739 30
      vertex 76.2266 138.918 30
      vertex 74.0277 139.886 30
    endloop
  endfacet
  facet normal 0 0 1
    outer loop
      vertex 76.1 138.2 30
      vertex 74.8559 135.189 30
      vertex 74.963 135.074 30
    endloop
  endfacet
  facet normal 0 0 1
    outer loop
      vertex 76.2266 138.918 30
      vertex 73.9714 139.739 30
      vertex 76.2028 138.849 30
    endloop
  endfacet
  facet normal 0 0 1
    outer loop
      vertex 76.1 138.2 30
      vertex 74.7528 135.307 30
      vertex 74.8559 135.189 30
    endloop
  endfacet
  facet normal -0 0 1
    outer loop
      vertex 73.9202 139.591 30
      vertex 76.2028 138.849 30
      vertex 73.9714 139.739 30
    endloop
  endfacet
  facet normal 0 0 1
    outer loop
      vertex 76.1 138.2 30
      vertex 74.654 135.43 30
      vertex 74.7528 135.307 30
    endloop
  endfacet
  facet normal 0 0 1
    outer loop
      vertex 76.2028 138.849 30
      vertex 73.9202 139.591 30
      vertex 76.1814 138.779 30
    endloop
  endfacet
  facet normal 0 0 1
    outer loop
      vertex 76.1 138.2 30
      vertex 74.5594 135.555 30
      vertex 74.654 135.43 30
    endloop
  endfacet
  facet normal -0 0 1
    outer loop
      vertex 73.8743 139.44 30
      vertex 76.1814 138.779 30
      vertex 73.9202 139.591 30
    endloop
  endfacet
  facet normal 0 0 1
    outer loop
      vertex 76.1 138.2 30
      vertex 74.4693 135.684 30
      vertex 74.5594 135.555 30
    endloop
  endfacet
  facet normal 0 0 1
    outer loop
      vertex 76.1814 138.779 30
      vertex 73.8743 139.44 30
      vertex 76.1624 138.708 30
    endloop
  endfacet
  facet normal 0 0 1
    outer loop
      vertex 76.1 138.2 30
      vertex 74.3838 135.815 30
      vertex 74.4693 135.684 30
    endloop
  endfacet
  facet normal -0 0 1
    outer loop
      vertex 73.8337 139.289 30
      vertex 76.1624 138.708 30
      vertex 73.8743 139.44 30
    endloop
  endfacet
  facet normal 0 0 1
    outer loop
      vertex 76.1 138.2 30
      vertex 74.3029 135.95 30
      vertex 74.3838 135.815 30
    endloop
  endfacet
  facet normal 0 0 1
    outer loop
      vertex 76.1624 138.708 30
      vertex 73.8337 139.289 30
      vertex 76.1459 138.637 30
    endloop
  endfacet
  facet normal 0 0 1
    outer loop
      vertex 76.1 138.2 30
      vertex 74.2267 136.087 30
      vertex 74.3029 135.95 30
    endloop
  endfacet
  facet normal -0 0 1
    outer loop
      vertex 73.7983 139.136 30
      vertex 76.1459 138.637 30
      vertex 73.8337 139.289 30
    endloop
  endfacet
  facet normal 0 0 1
    outer loop
      vertex 76.1 138.2 30
      vertex 74.1554 136.227 30
      vertex 74.2267 136.087 30
    endloop
  endfacet
  facet normal 0 0 1
    outer loop
      vertex 76.1459 138.637 30
      vertex 73.7983 139.136 30
      vertex 76.1319 138.565 30
    endloop
  endfacet
  facet normal 0 0 1
    outer loop
      vertex 76.1 138.2 30
      vertex 74.089 136.37 30
      vertex 74.1554 136.227 30
    endloop
  endfacet
  facet normal -0 0 1
    outer loop
      vertex 73.7684 138.981 30
      vertex 76.1319 138.565 30
      vertex 73.7983 139.136 30
    endloop
  endfacet
  facet normal 0 0 1
    outer loop
      vertex 76.1 138.2 30
      vertex 74.0277 136.514 30
      vertex 74.089 136.37 30
    endloop
  endfacet
  facet normal 0 0 1
    outer loop
      vertex 76.1319 138.565 30
      vertex 73.7684 138.981 30
      vertex 76.1204 138.492 30
    endloop
  endfacet
  facet normal 0 0 1
    outer loop
      vertex 76.1 138.2 30
      vertex 73.9714 136.661 30
      vertex 74.0277 136.514 30
    endloop
  endfacet
  facet normal -0 0 1
    outer loop
      vertex 73.7438 138.826 30
      vertex 76.1204 138.492 30
      vertex 73.7684 138.981 30
    endloop
  endfacet
  facet normal 0 0 1
    outer loop
      vertex 76.1 138.2 30
      vertex 73.9202 136.809 30
      vertex 73.9714 136.661 30
    endloop
  endfacet
  facet normal 0 0 1
    outer loop
      vertex 76.1204 138.492 30
      vertex 73.7438 138.826 30
      vertex 76.1115 138.42 30
    endloop
  endfacet
  facet normal 0 0 1
    outer loop
      vertex 76.1 138.2 30
      vertex 73.8743 136.96 30
      vertex 73.9202 136.809 30
    endloop
  endfacet
  facet normal -0 0 1
    outer loop
      vertex 73.7247 138.67 30
      vertex 76.1115 138.42 30
      vertex 73.7438 138.826 30
    endloop
  endfacet
  facet normal 0 0 1
    outer loop
      vertex 76.1 138.2 30
      vertex 73.8337 137.111 30
      vertex 73.8743 136.96 30
    endloop
  endfacet
  facet normal 0 0 1
    outer loop
      vertex 76.1115 138.42 30
      vertex 73.7247 138.67 30
      vertex 76.1051 138.346 30
    endloop
  endfacet
  facet normal 0 0 1
    outer loop
      vertex 76.1 138.2 30
      vertex 73.7983 137.264 30
      vertex 73.8337 137.111 30
    endloop
  endfacet
  facet normal -0 0 1
    outer loop
      vertex 73.711 138.514 30
      vertex 76.1051 138.346 30
      vertex 73.7247 138.67 30
    endloop
  endfacet
  facet normal 0 0 1
    outer loop
      vertex 76.1 138.2 30
      vertex 73.7684 137.419 30
      vertex 73.7983 137.264 30
    endloop
  endfacet
  facet normal 0 0 1
    outer loop
      vertex 76.1051 138.346 30
      vertex 73.711 138.514 30
      vertex 76.1013 138.273 30
    endloop
  endfacet
  facet normal 0 0 1
    outer loop
      vertex 76.1 138.2 30
      vertex 73.7438 137.574 30
      vertex 73.7684 137.419 30
    endloop
  endfacet
  facet normal -0 0 1
    outer loop
      vertex 73.7027 138.357 30
      vertex 76.1013 138.273 30
      vertex 73.711 138.514 30
    endloop
  endfacet
  facet normal 0 0 1
    outer loop
      vertex 76.1 138.2 30
      vertex 73.7247 137.73 30
      vertex 73.7438 137.574 30
    endloop
  endfacet
  facet normal 0 0 1
    outer loop
      vertex 76.1013 138.273 30
      vertex 73.7027 138.357 30
      vertex 76.1 138.2 30
    endloop
  endfacet
  facet normal 0 0 1
    outer loop
      vertex 76.1 138.2 30
      vertex 73.711 137.886 30
      vertex 73.7247 137.73 30
    endloop
  endfacet
  facet normal 0 0 1
    outer loop
      vertex 73.7 138.2 30
      vertex 76.1 138.2 30
      vertex 73.7027 138.357 30
    endloop
  endfacet
  facet normal 0 0 1
    outer loop
      vertex 76.1 138.2 30
      vertex 73.7027 138.043 30
      vertex 73.711 137.886 30
    endloop
  endfacet
  facet normal 0 0 1
    outer loop
      vertex 76.1 138.2 30
      vertex 73.7 138.2 30
      vertex 73.7027 138.043 30
    endloop
  endfacet
  facet normal 0 0 1
    outer loop
      vertex 10.2973 5.95705 30
      vertex 7.89872 5.87329 30
      vertex 7.9 5.8 30
    endloop
  endfacet
  facet normal 0 0 1
    outer loop
      vertex 8.05 9.69711 30
      vertex 7.89488 5.94649 30
      vertex 7.89872 5.87329 30
    endloop
  endfacet
  facet normal 0 0 1
    outer loop
      vertex 8.05 9.69711 30
      vertex 7.8885 6.01951 30
      vertex 7.89488 5.94649 30
    endloop
  endfacet
  facet normal 0 0 1
    outer loop
      vertex 8.05 9.69711 30
      vertex 7.87956 6.09226 30
      vertex 7.8885 6.01951 30
    endloop
  endfacet
  facet normal 0 0 1
    outer loop
      vertex 8.05 9.69711 30
      vertex 7.8681 6.16466 30
      vertex 7.87956 6.09226 30
    endloop
  endfacet
  facet normal 0 0 1
    outer loop
      vertex 8.05 9.69711 30
      vertex 7.85411 6.23661 30
      vertex 7.8681 6.16466 30
    endloop
  endfacet
  facet normal 0 0 1
    outer loop
      vertex 8.05 9.69711 30
      vertex 7.83762 6.30804 30
      vertex 7.85411 6.23661 30
    endloop
  endfacet
  facet normal 0 0 1
    outer loop
      vertex 8.05 9.69711 30
      vertex 7.81865 6.37884 30
      vertex 7.83762 6.30804 30
    endloop
  endfacet
  facet normal 0 0 1
    outer loop
      vertex 8.05 9.69711 30
      vertex 7.79722 6.44894 30
      vertex 7.81865 6.37884 30
    endloop
  endfacet
  facet normal 0 0 1
    outer loop
      vertex 8.05 9.69711 30
      vertex 7.77335 6.51824 30
      vertex 7.79722 6.44894 30
    endloop
  endfacet
  facet normal 0 0 1
    outer loop
      vertex 6.78589 7.65419 30
      vertex 7.91262 9.77326 30
      vertex 7.77267 9.84457 30
    endloop
  endfacet
  facet normal 0 0 1
    outer loop
      vertex 8.05 9.69711 30
      vertex 7.74709 6.58667 30
      vertex 7.77335 6.51824 30
    endloop
  endfacet
  facet normal 0 0 1
    outer loop
      vertex 8.05 9.69711 30
      vertex 7.71844 6.65415 30
      vertex 7.74709 6.58667 30
    endloop
  endfacet
  facet normal 0 0 1
    outer loop
      vertex 8.05 9.69711 30
      vertex 7.68747 6.72058 30
      vertex 7.71844 6.65415 30
    endloop
  endfacet
  facet normal 0 0 1
    outer loop
      vertex 8.05 9.69711 30
      vertex 7.65419 6.78589 30
      vertex 7.68747 6.72058 30
    endloop
  endfacet
  facet normal 0 0 1
    outer loop
      vertex 6.72058 7.68747 30
      vertex 7.77267 9.84457 30
      vertex 7.63031 9.91095 30
    endloop
  endfacet
  facet normal 0 0 1
    outer loop
      vertex 8.05 9.69711 30
      vertex 7.61865 6.85 30
      vertex 7.65419 6.78589 30
    endloop
  endfacet
  facet normal 0 0 1
    outer loop
      vertex 8.05 9.69711 30
      vertex 7.5809 6.91283 30
      vertex 7.61865 6.85 30
    endloop
  endfacet
  facet normal 0 0 1
    outer loop
      vertex 8.05 9.69711 30
      vertex 7.54098 6.9743 30
      vertex 7.5809 6.91283 30
    endloop
  endfacet
  facet normal 0 0 1
    outer loop
      vertex 8.05 9.69711 30
      vertex 7.49893 7.03435 30
      vertex 7.54098 6.9743 30
    endloop
  endfacet
  facet normal 0 0 1
    outer loop
      vertex 6.65415 7.71844 30
      vertex 7.63031 9.91095 30
      vertex 7.48573 9.97233 30
    endloop
  endfacet
  facet normal 0 0 1
    outer loop
      vertex 8.05 9.69711 30
      vertex 7.45482 7.09289 30
      vertex 7.49893 7.03435 30
    endloop
  endfacet
  facet normal 0 0 1
    outer loop
      vertex 8.05 9.69711 30
      vertex 7.40869 7.14985 30
      vertex 7.45482 7.09289 30
    endloop
  endfacet
  facet normal 0 0 1
    outer loop
      vertex 8.05 9.69711 30
      vertex 7.3606 7.20517 30
      vertex 7.40869 7.14985 30
    endloop
  endfacet
  facet normal 0 0 1
    outer loop
      vertex 6.58667 7.74709 30
      vertex 7.48573 9.97233 30
      vertex 7.33909 10.0286 30
    endloop
  endfacet
  facet normal 0 0 1
    outer loop
      vertex 8.05 9.69711 30
      vertex 7.31061 7.25878 30
      vertex 7.3606 7.20517 30
    endloop
  endfacet
  facet normal 0 0 1
    outer loop
      vertex 8.05 9.69711 30
      vertex 7.25878 7.31061 30
      vertex 7.31061 7.25878 30
    endloop
  endfacet
  facet normal 0 0 1
    outer loop
      vertex 8.05 9.69711 30
      vertex 7.20517 7.3606 30
      vertex 7.25878 7.31061 30
    endloop
  endfacet
  facet normal 0 0 1
    outer loop
      vertex 6.51824 7.77335 30
      vertex 7.33909 10.0286 30
      vertex 7.19058 10.0798 30
    endloop
  endfacet
  facet normal 0 0 1
    outer loop
      vertex 8.05 9.69711 30
      vertex 7.14985 7.40869 30
      vertex 7.20517 7.3606 30
    endloop
  endfacet
  facet normal 0 0 1
    outer loop
      vertex 8.05 9.69711 30
      vertex 7.09289 7.45482 30
      vertex 7.14985 7.40869 30
    endloop
  endfacet
  facet normal 0 0 1
    outer loop
      vertex 6.44894 7.79722 30
      vertex 7.19058 10.0798 30
      vertex 7.04037 10.1257 30
    endloop
  endfacet
  facet normal 0 0 1
    outer loop
      vertex 8.05 9.69711 30
      vertex 7.03435 7.49893 30
      vertex 7.09289 7.45482 30
    endloop
  endfacet
  facet normal 0 0 1
    outer loop
      vertex 8.05 9.69711 30
      vertex 6.9743 7.54098 30
      vertex 7.03435 7.49893 30
    endloop
  endfacet
  facet normal 0 0 1
    outer loop
      vertex 8.05 9.69711 30
      vertex 6.91283 7.5809 30
      vertex 6.9743 7.54098 30
    endloop
  endfacet
  facet normal 0 0 1
    outer loop
      vertex 6.37884 7.81865 30
      vertex 7.04037 10.1257 30
      vertex 6.88865 10.1663 30
    endloop
  endfacet
  facet normal 0 0 1
    outer loop
      vertex 8.05 9.69711 30
      vertex 6.85 7.61865 30
      vertex 6.91283 7.5809 30
    endloop
  endfacet
  facet normal 0 0 1
    outer loop
      vertex 7.91262 9.77326 30
      vertex 6.78589 7.65419 30
      vertex 6.85 7.61865 30
    endloop
  endfacet
  facet normal 0 0 1
    outer loop
      vertex 6.30804 7.83762 30
      vertex 6.88865 10.1663 30
      vertex 6.7356 10.2017 30
    endloop
  endfacet
  facet normal 0 0 1
    outer loop
      vertex 7.77267 9.84457 30
      vertex 6.72058 7.68747 30
      vertex 6.78589 7.65419 30
    endloop
  endfacet
  facet normal 0 0 1
    outer loop
      vertex 7.63031 9.91095 30
      vertex 6.65415 7.71844 30
      vertex 6.72058 7.68747 30
    endloop
  endfacet
  facet normal 0 0 1
    outer loop
      vertex 7.48573 9.97233 30
      vertex 6.58667 7.74709 30
      vertex 6.65415 7.71844 30
    endloop
  endfacet
  facet normal 0 0 1
    outer loop
      vertex 6.23661 7.85411 30
      vertex 6.7356 10.2017 30
      vertex 6.58142 10.2316 30
    endloop
  endfacet
  facet normal 0 0 1
    outer loop
      vertex 7.33909 10.0286 30
      vertex 6.51824 7.77335 30
      vertex 6.58667 7.74709 30
    endloop
  endfacet
  facet normal 0 0 1
    outer loop
      vertex 7.19058 10.0798 30
      vertex 6.44894 7.79722 30
      vertex 6.51824 7.77335 30
    endloop
  endfacet
  facet normal 0 0 1
    outer loop
      vertex 6.16466 7.8681 30
      vertex 6.58142 10.2316 30
      vertex 6.42628 10.2562 30
    endloop
  endfacet
  facet normal 0 0 1
    outer loop
      vertex 7.04037 10.1257 30
      vertex 6.37884 7.81865 30
      vertex 6.44894 7.79722 30
    endloop
  endfacet
  facet normal 0 0 1
    outer loop
      vertex 6.88865 10.1663 30
      vertex 6.30804 7.83762 30
      vertex 6.37884 7.81865 30
    endloop
  endfacet
  facet normal 0 0 1
    outer loop
      vertex 6.09226 7.87956 30
      vertex 6.42628 10.2562 30
      vertex 6.27038 10.2753 30
    endloop
  endfacet
  facet normal 0 0 1
    outer loop
      vertex 6.7356 10.2017 30
      vertex 6.23661 7.85411 30
      vertex 6.30804 7.83762 30
    endloop
  endfacet
  facet normal 0 0 1
    outer loop
      vertex 6.58142 10.2316 30
      vertex 6.16466 7.8681 30
      vertex 6.23661 7.85411 30
    endloop
  endfacet
  facet normal 0 0 1
    outer loop
      vertex 6.01951 7.8885 30
      vertex 6.27038 10.2753 30
      vertex 6.1139 10.289 30
    endloop
  endfacet
  facet normal 0 0 1
    outer loop
      vertex 6.42628 10.2562 30
      vertex 6.09226 7.87956 30
      vertex 6.16466 7.8681 30
    endloop
  endfacet
  facet normal 0 0 1
    outer loop
      vertex 6.27038 10.2753 30
      vertex 6.01951 7.8885 30
      vertex 6.09226 7.87956 30
    endloop
  endfacet
  facet normal 0 0 1
    outer loop
      vertex 5.94649 7.89488 30
      vertex 6.1139 10.289 30
      vertex 5.95705 10.2973 30
    endloop
  endfacet
  facet normal 0 0 1
    outer loop
      vertex 6.1139 10.289 30
      vertex 5.94649 7.89488 30
      vertex 6.01951 7.8885 30
    endloop
  endfacet
  facet normal 0 0 1
    outer loop
      vertex 5.95705 10.2973 30
      vertex 5.87329 7.89872 30
      vertex 5.94649 7.89488 30
    endloop
  endfacet
  facet normal 0 0 1
    outer loop
      vertex 5.8 10.3 30
      vertex 5.87329 7.89872 30
      vertex 5.95705 10.2973 30
    endloop
  endfacet
  facet normal 0 0 1
    outer loop
      vertex 5.8 10.3 30
      vertex 5.8 7.9 30
      vertex 5.87329 7.89872 30
    endloop
  endfacet
  facet normal 0 0 1
    outer loop
      vertex 5.8 10.3 30
      vertex 5.72671 7.89872 30
      vertex 5.8 7.9 30
    endloop
  endfacet
  facet normal -0 0 1
    outer loop
      vertex 5.64295 10.2973 30
      vertex 5.72671 7.89872 30
      vertex 5.8 10.3 30
    endloop
  endfacet
  facet normal 0 0 1
    outer loop
      vertex 5.72671 7.89872 30
      vertex 5.64295 10.2973 30
      vertex 5.65351 7.89488 30
    endloop
  endfacet
  facet normal -0 0 1
    outer loop
      vertex 5.4861 10.289 30
      vertex 5.65351 7.89488 30
      vertex 5.64295 10.2973 30
    endloop
  endfacet
  facet normal 0 0 1
    outer loop
      vertex 5.65351 7.89488 30
      vertex 5.4861 10.289 30
      vertex 5.58049 7.8885 30
    endloop
  endfacet
  facet normal -0 0 1
    outer loop
      vertex 5.32962 10.2753 30
      vertex 5.58049 7.8885 30
      vertex 5.4861 10.289 30
    endloop
  endfacet
  facet normal 0 0 1
    outer loop
      vertex 5.58049 7.8885 30
      vertex 5.32962 10.2753 30
      vertex 5.50774 7.87956 30
    endloop
  endfacet
  facet normal -0 0 1
    outer loop
      vertex 5.17372 10.2562 30
      vertex 5.50774 7.87956 30
      vertex 5.32962 10.2753 30
    endloop
  endfacet
  facet normal 0 0 1
    outer loop
      vertex 5.50774 7.87956 30
      vertex 5.17372 10.2562 30
      vertex 5.43534 7.8681 30
    endloop
  endfacet
  facet normal -0 0 1
    outer loop
      vertex 5.01858 10.2316 30
      vertex 5.43534 7.8681 30
      vertex 5.17372 10.2562 30
    endloop
  endfacet
  facet normal 0 0 1
    outer loop
      vertex 5.43534 7.8681 30
      vertex 5.01858 10.2316 30
      vertex 5.36339 7.85411 30
    endloop
  endfacet
  facet normal -0 0 1
    outer loop
      vertex 4.8644 10.2017 30
      vertex 5.36339 7.85411 30
      vertex 5.01858 10.2316 30
    endloop
  endfacet
  facet normal 0 0 1
    outer loop
      vertex 5.36339 7.85411 30
      vertex 4.8644 10.2017 30
      vertex 5.29196 7.83762 30
    endloop
  endfacet
  facet normal -0 0 1
    outer loop
      vertex 4.71135 10.1663 30
      vertex 5.29196 7.83762 30
      vertex 4.8644 10.2017 30
    endloop
  endfacet
  facet normal 0 0 1
    outer loop
      vertex 5.29196 7.83762 30
      vertex 4.71135 10.1663 30
      vertex 5.22116 7.81865 30
    endloop
  endfacet
  facet normal -0 0 1
    outer loop
      vertex 4.55963 10.1257 30
      vertex 5.22116 7.81865 30
      vertex 4.71135 10.1663 30
    endloop
  endfacet
  facet normal 0 0 1
    outer loop
      vertex 5.22116 7.81865 30
      vertex 4.55963 10.1257 30
      vertex 5.15106 7.79722 30
    endloop
  endfacet
  facet normal -0 0 1
    outer loop
      vertex 4.40942 10.0798 30
      vertex 5.15106 7.79722 30
      vertex 4.55963 10.1257 30
    endloop
  endfacet
  facet normal 0 0 1
    outer loop
      vertex 5.15106 7.79722 30
      vertex 4.40942 10.0798 30
      vertex 5.08176 7.77335 30
    endloop
  endfacet
  facet normal -0 0 1
    outer loop
      vertex 4.26091 10.0286 30
      vertex 5.08176 7.77335 30
      vertex 4.40942 10.0798 30
    endloop
  endfacet
  facet normal 0 0 1
    outer loop
      vertex 5.08176 7.77335 30
      vertex 4.26091 10.0286 30
      vertex 5.01333 7.74709 30
    endloop
  endfacet
  facet normal -0 0 1
    outer loop
      vertex 4.11427 9.97233 30
      vertex 5.01333 7.74709 30
      vertex 4.26091 10.0286 30
    endloop
  endfacet
  facet normal 0 0 1
    outer loop
      vertex 5.01333 7.74709 30
      vertex 4.11427 9.97233 30
      vertex 4.94585 7.71844 30
    endloop
  endfacet
  facet normal -0 0 1
    outer loop
      vertex 3.96968 9.91095 30
      vertex 4.94585 7.71844 30
      vertex 4.11427 9.97233 30
    endloop
  endfacet
  facet normal 0 0 1
    outer loop
      vertex 4.94585 7.71844 30
      vertex 3.96968 9.91095 30
      vertex 4.87942 7.68747 30
    endloop
  endfacet
  facet normal -0 0 1
    outer loop
      vertex 3.82733 9.84457 30
      vertex 4.87942 7.68747 30
      vertex 3.96968 9.91095 30
    endloop
  endfacet
  facet normal 0 0 1
    outer loop
      vertex 4.87942 7.68747 30
      vertex 3.82733 9.84457 30
      vertex 4.81411 7.65419 30
    endloop
  endfacet
  facet normal -0 0 1
    outer loop
      vertex 3.68738 9.77326 30
      vertex 4.81411 7.65419 30
      vertex 3.82733 9.84457 30
    endloop
  endfacet
  facet normal 0 0 1
    outer loop
      vertex 4.81411 7.65419 30
      vertex 3.68738 9.77326 30
      vertex 4.75 7.61865 30
    endloop
  endfacet
  facet normal -0 0 1
    outer loop
      vertex 3.55 9.69711 30
      vertex 4.75 7.61865 30
      vertex 3.68738 9.77326 30
    endloop
  endfacet
  facet normal 0 0 1
    outer loop
      vertex 4.75 7.61865 30
      vertex 3.55 9.69711 30
      vertex 4.68717 7.5809 30
    endloop
  endfacet
  facet normal -0 0 1
    outer loop
      vertex 3.41536 9.61622 30
      vertex 4.68717 7.5809 30
      vertex 3.55 9.69711 30
    endloop
  endfacet
  facet normal 0 0 1
    outer loop
      vertex 4.68717 7.5809 30
      vertex 3.41536 9.61622 30
      vertex 4.62569 7.54098 30
    endloop
  endfacet
  facet normal -0 0 1
    outer loop
      vertex 3.28363 9.53067 30
      vertex 4.62569 7.54098 30
      vertex 3.41536 9.61622 30
    endloop
  endfacet
  facet normal 0 0 1
    outer loop
      vertex 4.62569 7.54098 30
      vertex 3.28363 9.53067 30
      vertex 4.56565 7.49893 30
    endloop
  endfacet
  facet normal -0 0 1
    outer loop
      vertex 3.15497 9.44058 30
      vertex 4.56565 7.49893 30
      vertex 3.28363 9.53067 30
    endloop
  endfacet
  facet normal 0 0 1
    outer loop
      vertex 4.56565 7.49893 30
      vertex 3.15497 9.44058 30
      vertex 4.50711 7.45482 30
    endloop
  endfacet
  facet normal -0 0 1
    outer loop
      vertex 3.02952 9.34605 30
      vertex 4.50711 7.45482 30
      vertex 3.15497 9.44058 30
    endloop
  endfacet
  facet normal 0 0 1
    outer loop
      vertex 4.50711 7.45482 30
      vertex 3.02952 9.34605 30
      vertex 4.45015 7.40869 30
    endloop
  endfacet
  facet normal -0 0 1
    outer loop
      vertex 2.90746 9.2472 30
      vertex 4.45015 7.40869 30
      vertex 3.02952 9.34605 30
    endloop
  endfacet
  facet normal 0 0 1
    outer loop
      vertex 4.45015 7.40869 30
      vertex 2.90746 9.2472 30
      vertex 4.39482 7.3606 30
    endloop
  endfacet
  facet normal -0 0 1
    outer loop
      vertex 2.78891 9.14415 30
      vertex 4.39482 7.3606 30
      vertex 2.90746 9.2472 30
    endloop
  endfacet
  facet normal 0 0 1
    outer loop
      vertex 4.39482 7.3606 30
      vertex 2.78891 9.14415 30
      vertex 4.34122 7.31061 30
    endloop
  endfacet
  facet normal -0 0 1
    outer loop
      vertex 2.67404 9.03703 30
      vertex 4.34122 7.31061 30
      vertex 2.78891 9.14415 30
    endloop
  endfacet
  facet normal 0 0 1
    outer loop
      vertex 4.34122 7.31061 30
      vertex 2.67404 9.03703 30
      vertex 4.28939 7.25878 30
    endloop
  endfacet
  facet normal -0 0 1
    outer loop
      vertex 2.56297 8.92596 30
      vertex 4.28939 7.25878 30
      vertex 2.67404 9.03703 30
    endloop
  endfacet
  facet normal 0 0 1
    outer loop
      vertex 4.28939 7.25878 30
      vertex 2.56297 8.92596 30
      vertex 4.2394 7.20517 30
    endloop
  endfacet
  facet normal -0 0 1
    outer loop
      vertex 2.45585 8.81109 30
      vertex 4.2394 7.20517 30
      vertex 2.56297 8.92596 30
    endloop
  endfacet
  facet normal 0 0 1
    outer loop
      vertex 4.2394 7.20517 30
      vertex 2.45585 8.81109 30
      vertex 4.19131 7.14985 30
    endloop
  endfacet
  facet normal -0 0 1
    outer loop
      vertex 2.3528 8.69254 30
      vertex 4.19131 7.14985 30
      vertex 2.45585 8.81109 30
    endloop
  endfacet
  facet normal 0 0 1
    outer loop
      vertex 4.19131 7.14985 30
      vertex 2.3528 8.69254 30
      vertex 4.14518 7.09289 30
    endloop
  endfacet
  facet normal -0 0 1
    outer loop
      vertex 2.25395 8.57048 30
      vertex 4.14518 7.09289 30
      vertex 2.3528 8.69254 30
    endloop
  endfacet
  facet normal 0 0 1
    outer loop
      vertex 4.14518 7.09289 30
      vertex 2.25395 8.57048 30
      vertex 4.10106 7.03435 30
    endloop
  endfacet
  facet normal -0 0 1
    outer loop
      vertex 2.15942 8.44503 30
      vertex 4.10106 7.03435 30
      vertex 2.25395 8.57048 30
    endloop
  endfacet
  facet normal 0 0 1
    outer loop
      vertex 4.10106 7.03435 30
      vertex 2.15942 8.44503 30
      vertex 4.05902 6.9743 30
    endloop
  endfacet
  facet normal -0 0 1
    outer loop
      vertex 2.06933 8.31637 30
      vertex 4.05902 6.9743 30
      vertex 2.15942 8.44503 30
    endloop
  endfacet
  facet normal -0 0 1
    outer loop
      vertex 2 8.20961 30
      vertex 4.05902 6.9743 30
      vertex 2.06933 8.31637 30
    endloop
  endfacet
  facet normal 0 0 1
    outer loop
      vertex 4.0191 6.91283 30
      vertex 2 8.20961 30
      vertex 3.98135 6.85 30
    endloop
  endfacet
  facet normal 0 0 1
    outer loop
      vertex 4.05902 6.9743 30
      vertex 2 8.20961 30
      vertex 4.0191 6.91283 30
    endloop
  endfacet
  facet normal 0 0 1
    outer loop
      vertex 7.9 138.2 30
      vertex 10.3 138.2 30
      vertex 10.2973 138.357 30
    endloop
  endfacet
  facet normal 0 0 1
    outer loop
      vertex 7.89872 138.273 30
      vertex 10.2973 138.357 30
      vertex 10.289 138.514 30
    endloop
  endfacet
  facet normal 0 0 1
    outer loop
      vertex 10.3 138.2 30
      vertex 7.9 138.2 30
      vertex 10.2973 138.043 30
    endloop
  endfacet
  facet normal 0 0 1
    outer loop
      vertex 7.89488 138.346 30
      vertex 10.289 138.514 30
      vertex 10.2753 138.67 30
    endloop
  endfacet
  facet normal -0 0 1
    outer loop
      vertex 7.89872 138.127 30
      vertex 10.2973 138.043 30
      vertex 7.9 138.2 30
    endloop
  endfacet
  facet normal 0 0 1
    outer loop
      vertex 7.8885 138.42 30
      vertex 10.2753 138.67 30
      vertex 10.2562 138.826 30
    endloop
  endfacet
  facet normal 0 0 1
    outer loop
      vertex 10.2973 138.043 30
      vertex 7.89872 138.127 30
      vertex 10.289 137.886 30
    endloop
  endfacet
  facet normal 0 0 1
    outer loop
      vertex 7.87956 138.492 30
      vertex 10.2562 138.826 30
      vertex 10.2316 138.981 30
    endloop
  endfacet
  facet normal -0 0 1
    outer loop
      vertex 7.89488 138.054 30
      vertex 10.289 137.886 30
      vertex 7.89872 138.127 30
    endloop
  endfacet
  facet normal 0 0 1
    outer loop
      vertex 7.8681 138.565 30
      vertex 10.2316 138.981 30
      vertex 10.2017 139.136 30
    endloop
  endfacet
  facet normal 0 0 1
    outer loop
      vertex 10.289 137.886 30
      vertex 7.89488 138.054 30
      vertex 10.2753 137.73 30
    endloop
  endfacet
  facet normal 0 0 1
    outer loop
      vertex 7.85411 138.637 30
      vertex 10.2017 139.136 30
      vertex 10.1663 139.289 30
    endloop
  endfacet
  facet normal -0 0 1
    outer loop
      vertex 7.8885 137.98 30
      vertex 10.2753 137.73 30
      vertex 7.89488 138.054 30
    endloop
  endfacet
  facet normal 0 0 1
    outer loop
      vertex 7.83762 138.708 30
      vertex 10.1663 139.289 30
      vertex 10.1257 139.44 30
    endloop
  endfacet
  facet normal 0 0 1
    outer loop
      vertex 10.2753 137.73 30
      vertex 7.8885 137.98 30
      vertex 10.2562 137.574 30
    endloop
  endfacet
  facet normal 0 0 1
    outer loop
      vertex 7.81865 138.779 30
      vertex 10.1257 139.44 30
      vertex 10.0798 139.591 30
    endloop
  endfacet
  facet normal -0 0 1
    outer loop
      vertex 7.87956 137.908 30
      vertex 10.2562 137.574 30
      vertex 7.8885 137.98 30
    endloop
  endfacet
  facet normal 0 0 1
    outer loop
      vertex 7.79722 138.849 30
      vertex 10.0798 139.591 30
      vertex 10.0286 139.739 30
    endloop
  endfacet
  facet normal 0 0 1
    outer loop
      vertex 10.2562 137.574 30
      vertex 7.87956 137.908 30
      vertex 10.2316 137.419 30
    endloop
  endfacet
  facet normal 0 0 1
    outer loop
      vertex 7.77335 138.918 30
      vertex 10.0286 139.739 30
      vertex 9.97233 139.886 30
    endloop
  endfacet
  facet normal -0 0 1
    outer loop
      vertex 7.8681 137.835 30
      vertex 10.2316 137.419 30
      vertex 7.87956 137.908 30
    endloop
  endfacet
  facet normal 0 0 1
    outer loop
      vertex 7.74709 138.987 30
      vertex 9.97233 139.886 30
      vertex 9.91095 140.03 30
    endloop
  endfacet
  facet normal 0 0 1
    outer loop
      vertex 10.2316 137.419 30
      vertex 7.8681 137.835 30
      vertex 10.2017 137.264 30
    endloop
  endfacet
  facet normal 0 0 1
    outer loop
      vertex 7.71844 139.054 30
      vertex 9.91095 140.03 30
      vertex 9.84457 140.173 30
    endloop
  endfacet
  facet normal -0 0 1
    outer loop
      vertex 7.85411 137.763 30
      vertex 10.2017 137.264 30
      vertex 7.8681 137.835 30
    endloop
  endfacet
  facet normal 0 0 1
    outer loop
      vertex 7.68747 139.121 30
      vertex 9.84457 140.173 30
      vertex 9.77326 140.313 30
    endloop
  endfacet
  facet normal 0 0 1
    outer loop
      vertex 10.2017 137.264 30
      vertex 7.85411 137.763 30
      vertex 10.1663 137.111 30
    endloop
  endfacet
  facet normal 0 0 1
    outer loop
      vertex 7.65419 139.186 30
      vertex 9.77326 140.313 30
      vertex 9.69711 140.45 30
    endloop
  endfacet
  facet normal -0 0 1
    outer loop
      vertex 7.83762 137.692 30
      vertex 10.1663 137.111 30
      vertex 7.85411 137.763 30
    endloop
  endfacet
  facet normal 0 0 1
    outer loop
      vertex 7.61865 139.25 30
      vertex 9.69711 140.45 30
      vertex 9.61622 140.585 30
    endloop
  endfacet
  facet normal 0 0 1
    outer loop
      vertex 10.1663 137.111 30
      vertex 7.83762 137.692 30
      vertex 10.1257 136.96 30
    endloop
  endfacet
  facet normal 0 0 1
    outer loop
      vertex 7.5809 139.313 30
      vertex 9.61622 140.585 30
      vertex 9.53067 140.716 30
    endloop
  endfacet
  facet normal -0 0 1
    outer loop
      vertex 7.81865 137.621 30
      vertex 10.1257 136.96 30
      vertex 7.83762 137.692 30
    endloop
  endfacet
  facet normal 0 0 1
    outer loop
      vertex 7.54098 139.374 30
      vertex 9.53067 140.716 30
      vertex 9.44058 140.845 30
    endloop
  endfacet
  facet normal 0 0 1
    outer loop
      vertex 10.1257 136.96 30
      vertex 7.81865 137.621 30
      vertex 10.0798 136.809 30
    endloop
  endfacet
  facet normal 0 0 1
    outer loop
      vertex 7.49893 139.434 30
      vertex 9.44058 140.845 30
      vertex 9.34605 140.97 30
    endloop
  endfacet
  facet normal -0 0 1
    outer loop
      vertex 7.79722 137.551 30
      vertex 10.0798 136.809 30
      vertex 7.81865 137.621 30
    endloop
  endfacet
  facet normal 0 0 1
    outer loop
      vertex 7.45482 139.493 30
      vertex 9.34605 140.97 30
      vertex 9.2472 141.093 30
    endloop
  endfacet
  facet normal 0 0 1
    outer loop
      vertex 10.0798 136.809 30
      vertex 7.79722 137.551 30
      vertex 10.0286 136.661 30
    endloop
  endfacet
  facet normal 0 0 1
    outer loop
      vertex 7.40869 139.55 30
      vertex 9.2472 141.093 30
      vertex 9.14415 141.211 30
    endloop
  endfacet
  facet normal -0 0 1
    outer loop
      vertex 7.77335 137.482 30
      vertex 10.0286 136.661 30
      vertex 7.79722 137.551 30
    endloop
  endfacet
  facet normal 0 0 1
    outer loop
      vertex 7.3606 139.605 30
      vertex 9.14415 141.211 30
      vertex 9.03703 141.326 30
    endloop
  endfacet
  facet normal 0 0 1
    outer loop
      vertex 10.0286 136.661 30
      vertex 7.77335 137.482 30
      vertex 9.97233 136.514 30
    endloop
  endfacet
  facet normal 0 0 1
    outer loop
      vertex 7.31061 139.659 30
      vertex 9.03703 141.326 30
      vertex 8.92596 141.437 30
    endloop
  endfacet
  facet normal -0 0 1
    outer loop
      vertex 7.74709 137.413 30
      vertex 9.97233 136.514 30
      vertex 7.77335 137.482 30
    endloop
  endfacet
  facet normal 0 0 1
    outer loop
      vertex 7.25878 139.711 30
      vertex 8.92596 141.437 30
      vertex 8.81109 141.544 30
    endloop
  endfacet
  facet normal 0 0 1
    outer loop
      vertex 9.97233 136.514 30
      vertex 7.74709 137.413 30
      vertex 9.91095 136.37 30
    endloop
  endfacet
  facet normal 0 0 1
    outer loop
      vertex 7.20517 139.761 30
      vertex 8.81109 141.544 30
      vertex 8.69254 141.647 30
    endloop
  endfacet
  facet normal -0 0 1
    outer loop
      vertex 7.71844 137.346 30
      vertex 9.91095 136.37 30
      vertex 7.74709 137.413 30
    endloop
  endfacet
  facet normal 0 0 1
    outer loop
      vertex 7.14985 139.809 30
      vertex 8.69254 141.647 30
      vertex 8.57048 141.746 30
    endloop
  endfacet
  facet normal 0 0 1
    outer loop
      vertex 9.91095 136.37 30
      vertex 7.71844 137.346 30
      vertex 9.84457 136.227 30
    endloop
  endfacet
  facet normal 0 0 1
    outer loop
      vertex 7.09289 139.855 30
      vertex 8.57048 141.746 30
      vertex 8.44503 141.841 30
    endloop
  endfacet
  facet normal -0 0 1
    outer loop
      vertex 7.68747 137.279 30
      vertex 9.84457 136.227 30
      vertex 7.71844 137.346 30
    endloop
  endfacet
  facet normal 0 0 1
    outer loop
      vertex 7.03435 139.899 30
      vertex 8.44503 141.841 30
      vertex 8.31637 141.931 30
    endloop
  endfacet
  facet normal 0 0 1
    outer loop
      vertex 9.84457 136.227 30
      vertex 7.68747 137.279 30
      vertex 9.77326 136.087 30
    endloop
  endfacet
  facet normal 0 0 1
    outer loop
      vertex 6.9743 139.941 30
      vertex 8.31637 141.931 30
      vertex 8.20961 142 30
    endloop
  endfacet
  facet normal -0 0 1
    outer loop
      vertex 7.65419 137.214 30
      vertex 9.77326 136.087 30
      vertex 7.68747 137.279 30
    endloop
  endfacet
  facet normal -0 0 1
    outer loop
      vertex 7.5809 137.087 30
      vertex 9.61622 135.815 30
      vertex 7.61865 137.15 30
    endloop
  endfacet
  facet normal 0 0 1
    outer loop
      vertex 9.61622 135.815 30
      vertex 7.5809 137.087 30
      vertex 9.53067 135.684 30
    endloop
  endfacet
  facet normal -0 0 1
    outer loop
      vertex 7.54098 137.026 30
      vertex 9.53067 135.684 30
      vertex 7.5809 137.087 30
    endloop
  endfacet
  facet normal 0 0 1
    outer loop
      vertex 9.53067 135.684 30
      vertex 7.54098 137.026 30
      vertex 9.44058 135.555 30
    endloop
  endfacet
  facet normal -0 0 1
    outer loop
      vertex 7.49893 136.966 30
      vertex 9.44058 135.555 30
      vertex 7.54098 137.026 30
    endloop
  endfacet
  facet normal 0 0 1
    outer loop
      vertex 9.44058 135.555 30
      vertex 7.49893 136.966 30
      vertex 9.34605 135.43 30
    endloop
  endfacet
  facet normal -0 0 1
    outer loop
      vertex 7.45482 136.907 30
      vertex 9.34605 135.43 30
      vertex 7.49893 136.966 30
    endloop
  endfacet
  facet normal 0 0 1
    outer loop
      vertex 9.34605 135.43 30
      vertex 7.45482 136.907 30
      vertex 9.2472 135.307 30
    endloop
  endfacet
  facet normal -0 0 1
    outer loop
      vertex 7.40869 136.85 30
      vertex 9.2472 135.307 30
      vertex 7.45482 136.907 30
    endloop
  endfacet
  facet normal 0 0 1
    outer loop
      vertex 9.2472 135.307 30
      vertex 7.40869 136.85 30
      vertex 9.14415 135.189 30
    endloop
  endfacet
  facet normal -0 0 1
    outer loop
      vertex 7.3606 136.795 30
      vertex 9.14415 135.189 30
      vertex 7.40869 136.85 30
    endloop
  endfacet
  facet normal 0 0 1
    outer loop
      vertex 9.14415 135.189 30
      vertex 7.3606 136.795 30
      vertex 9.03703 135.074 30
    endloop
  endfacet
  facet normal -0 0 1
    outer loop
      vertex 7.31061 136.741 30
      vertex 9.03703 135.074 30
      vertex 7.3606 136.795 30
    endloop
  endfacet
  facet normal 0 0 1
    outer loop
      vertex 9.03703 135.074 30
      vertex 7.31061 136.741 30
      vertex 8.92596 134.963 30
    endloop
  endfacet
  facet normal -0 0 1
    outer loop
      vertex 7.25878 136.689 30
      vertex 8.92596 134.963 30
      vertex 7.31061 136.741 30
    endloop
  endfacet
  facet normal 0 0 1
    outer loop
      vertex 8.92596 134.963 30
      vertex 7.25878 136.689 30
      vertex 8.81109 134.856 30
    endloop
  endfacet
  facet normal -0 0 1
    outer loop
      vertex 7.20517 136.639 30
      vertex 8.81109 134.856 30
      vertex 7.25878 136.689 30
    endloop
  endfacet
  facet normal 0 0 1
    outer loop
      vertex 8.81109 134.856 30
      vertex 7.20517 136.639 30
      vertex 8.69254 134.753 30
    endloop
  endfacet
  facet normal -0 0 1
    outer loop
      vertex 7.14985 136.591 30
      vertex 8.69254 134.753 30
      vertex 7.20517 136.639 30
    endloop
  endfacet
  facet normal 0 0 1
    outer loop
      vertex 8.69254 134.753 30
      vertex 7.14985 136.591 30
      vertex 8.57048 134.654 30
    endloop
  endfacet
  facet normal -0 0 1
    outer loop
      vertex 7.09289 136.545 30
      vertex 8.57048 134.654 30
      vertex 7.14985 136.591 30
    endloop
  endfacet
  facet normal 0 0 1
    outer loop
      vertex 8.57048 134.654 30
      vertex 7.09289 136.545 30
      vertex 8.44503 134.559 30
    endloop
  endfacet
  facet normal -0 0 1
    outer loop
      vertex 7.03435 136.501 30
      vertex 8.44503 134.559 30
      vertex 7.09289 136.545 30
    endloop
  endfacet
  facet normal 0 0 1
    outer loop
      vertex 8.44503 134.559 30
      vertex 7.03435 136.501 30
      vertex 8.31637 134.469 30
    endloop
  endfacet
  facet normal -0 0 1
    outer loop
      vertex 6.9743 136.459 30
      vertex 8.31637 134.469 30
      vertex 7.03435 136.501 30
    endloop
  endfacet
  facet normal 0 0 1
    outer loop
      vertex 8.31637 134.469 30
      vertex 6.9743 136.459 30
      vertex 8.18464 134.384 30
    endloop
  endfacet
  facet normal -0 0 1
    outer loop
      vertex 6.91283 136.419 30
      vertex 8.18464 134.384 30
      vertex 6.9743 136.459 30
    endloop
  endfacet
  facet normal 0 0 1
    outer loop
      vertex 8.18464 134.384 30
      vertex 6.91283 136.419 30
      vertex 8.05 134.303 30
    endloop
  endfacet
  facet normal -0 0 1
    outer loop
      vertex 6.85 136.381 30
      vertex 8.05 134.303 30
      vertex 6.91283 136.419 30
    endloop
  endfacet
  facet normal 0 0 1
    outer loop
      vertex 8.05 134.303 30
      vertex 6.85 136.381 30
      vertex 7.91262 134.227 30
    endloop
  endfacet
  facet normal -0 0 1
    outer loop
      vertex 6.78589 136.346 30
      vertex 7.91262 134.227 30
      vertex 6.85 136.381 30
    endloop
  endfacet
  facet normal 0 0 1
    outer loop
      vertex 7.91262 134.227 30
      vertex 6.78589 136.346 30
      vertex 7.77267 134.155 30
    endloop
  endfacet
  facet normal -0 0 1
    outer loop
      vertex 6.72058 136.313 30
      vertex 7.77267 134.155 30
      vertex 6.78589 136.346 30
    endloop
  endfacet
  facet normal 0 0 1
    outer loop
      vertex 7.77267 134.155 30
      vertex 6.72058 136.313 30
      vertex 7.63031 134.089 30
    endloop
  endfacet
  facet normal -0 0 1
    outer loop
      vertex 6.65415 136.282 30
      vertex 7.63031 134.089 30
      vertex 6.72058 136.313 30
    endloop
  endfacet
  facet normal 0 0 1
    outer loop
      vertex 7.63031 134.089 30
      vertex 6.65415 136.282 30
      vertex 7.48573 134.028 30
    endloop
  endfacet
  facet normal -0 0 1
    outer loop
      vertex 6.58667 136.253 30
      vertex 7.48573 134.028 30
      vertex 6.65415 136.282 30
    endloop
  endfacet
  facet normal 0 0 1
    outer loop
      vertex 7.48573 134.028 30
      vertex 6.58667 136.253 30
      vertex 7.33909 133.971 30
    endloop
  endfacet
  facet normal -0 0 1
    outer loop
      vertex 6.51824 136.227 30
      vertex 7.33909 133.971 30
      vertex 6.58667 136.253 30
    endloop
  endfacet
  facet normal 0 0 1
    outer loop
      vertex 7.33909 133.971 30
      vertex 6.51824 136.227 30
      vertex 7.19058 133.92 30
    endloop
  endfacet
  facet normal -0 0 1
    outer loop
      vertex 6.44894 136.203 30
      vertex 7.19058 133.92 30
      vertex 6.51824 136.227 30
    endloop
  endfacet
  facet normal 0 0 1
    outer loop
      vertex 7.19058 133.92 30
      vertex 6.44894 136.203 30
      vertex 7.04037 133.874 30
    endloop
  endfacet
  facet normal -0 0 1
    outer loop
      vertex 6.37884 136.181 30
      vertex 7.04037 133.874 30
      vertex 6.44894 136.203 30
    endloop
  endfacet
  facet normal 0 0 1
    outer loop
      vertex 7.04037 133.874 30
      vertex 6.37884 136.181 30
      vertex 6.88865 133.834 30
    endloop
  endfacet
  facet normal -0 0 1
    outer loop
      vertex 6.30804 136.162 30
      vertex 6.88865 133.834 30
      vertex 6.37884 136.181 30
    endloop
  endfacet
  facet normal 0 0 1
    outer loop
      vertex 6.88865 133.834 30
      vertex 6.30804 136.162 30
      vertex 6.7356 133.798 30
    endloop
  endfacet
  facet normal -0 0 1
    outer loop
      vertex 6.23661 136.146 30
      vertex 6.7356 133.798 30
      vertex 6.30804 136.162 30
    endloop
  endfacet
  facet normal 0 0 1
    outer loop
      vertex 6.7356 133.798 30
      vertex 6.23661 136.146 30
      vertex 6.58142 133.768 30
    endloop
  endfacet
  facet normal -0 0 1
    outer loop
      vertex 6.16466 136.132 30
      vertex 6.58142 133.768 30
      vertex 6.23661 136.146 30
    endloop
  endfacet
  facet normal 0 0 1
    outer loop
      vertex 6.58142 133.768 30
      vertex 6.16466 136.132 30
      vertex 6.42628 133.744 30
    endloop
  endfacet
  facet normal -0 0 1
    outer loop
      vertex 6.09226 136.12 30
      vertex 6.42628 133.744 30
      vertex 6.16466 136.132 30
    endloop
  endfacet
  facet normal 0 0 1
    outer loop
      vertex 6.42628 133.744 30
      vertex 6.09226 136.12 30
      vertex 6.27038 133.725 30
    endloop
  endfacet
  facet normal -0 0 1
    outer loop
      vertex 6.01951 136.112 30
      vertex 6.27038 133.725 30
      vertex 6.09226 136.12 30
    endloop
  endfacet
  facet normal 0 0 1
    outer loop
      vertex 6.27038 133.725 30
      vertex 6.01951 136.112 30
      vertex 6.1139 133.711 30
    endloop
  endfacet
  facet normal -0 0 1
    outer loop
      vertex 5.94649 136.105 30
      vertex 6.1139 133.711 30
      vertex 6.01951 136.112 30
    endloop
  endfacet
  facet normal 0 0 1
    outer loop
      vertex 6.1139 133.711 30
      vertex 5.94649 136.105 30
      vertex 5.95705 133.703 30
    endloop
  endfacet
  facet normal -0 0 1
    outer loop
      vertex 5.87329 136.101 30
      vertex 5.95705 133.703 30
      vertex 5.94649 136.105 30
    endloop
  endfacet
  facet normal -0 0 1
    outer loop
      vertex 5.8 136.1 30
      vertex 5.95705 133.703 30
      vertex 5.87329 136.101 30
    endloop
  endfacet
  facet normal 0 0 1
    outer loop
      vertex 5.8 136.1 30
      vertex 5.8 133.7 30
      vertex 5.95705 133.703 30
    endloop
  endfacet
  facet normal 0 0 1
    outer loop
      vertex 5.72671 136.101 30
      vertex 5.8 133.7 30
      vertex 5.8 136.1 30
    endloop
  endfacet
  facet normal 0 0 1
    outer loop
      vertex 5.64295 133.703 30
      vertex 5.72671 136.101 30
      vertex 5.65351 136.105 30
    endloop
  endfacet
  facet normal 0 0 1
    outer loop
      vertex 5.72671 136.101 30
      vertex 5.64295 133.703 30
      vertex 5.8 133.7 30
    endloop
  endfacet
  facet normal 0 0 1
    outer loop
      vertex 5.4861 133.711 30
      vertex 5.65351 136.105 30
      vertex 5.58049 136.112 30
    endloop
  endfacet
  facet normal 0 0 1
    outer loop
      vertex 5.32962 133.725 30
      vertex 5.58049 136.112 30
      vertex 5.50774 136.12 30
    endloop
  endfacet
  facet normal 0 0 1
    outer loop
      vertex 5.65351 136.105 30
      vertex 5.4861 133.711 30
      vertex 5.64295 133.703 30
    endloop
  endfacet
  facet normal 0 0 1
    outer loop
      vertex 5.17372 133.744 30
      vertex 5.50774 136.12 30
      vertex 5.43534 136.132 30
    endloop
  endfacet
  facet normal 0 0 1
    outer loop
      vertex 5.01858 133.768 30
      vertex 5.43534 136.132 30
      vertex 5.36339 136.146 30
    endloop
  endfacet
  facet normal 0 0 1
    outer loop
      vertex 5.58049 136.112 30
      vertex 5.32962 133.725 30
      vertex 5.4861 133.711 30
    endloop
  endfacet
  facet normal 0 0 1
    outer loop
      vertex 4.8644 133.798 30
      vertex 5.36339 136.146 30
      vertex 5.29196 136.162 30
    endloop
  endfacet
  facet normal 0 0 1
    outer loop
      vertex 4.71135 133.834 30
      vertex 5.29196 136.162 30
      vertex 5.22116 136.181 30
    endloop
  endfacet
  facet normal 0 0 1
    outer loop
      vertex 5.50774 136.12 30
      vertex 5.17372 133.744 30
      vertex 5.32962 133.725 30
    endloop
  endfacet
  facet normal 0 0 1
    outer loop
      vertex 4.55963 133.874 30
      vertex 5.22116 136.181 30
      vertex 5.15106 136.203 30
    endloop
  endfacet
  facet normal 0 0 1
    outer loop
      vertex 4.40942 133.92 30
      vertex 5.15106 136.203 30
      vertex 5.08176 136.227 30
    endloop
  endfacet
  facet normal 0 0 1
    outer loop
      vertex 5.43534 136.132 30
      vertex 5.01858 133.768 30
      vertex 5.17372 133.744 30
    endloop
  endfacet
  facet normal 0 0 1
    outer loop
      vertex 4.26091 133.971 30
      vertex 5.08176 136.227 30
      vertex 5.01333 136.253 30
    endloop
  endfacet
  facet normal 0 0 1
    outer loop
      vertex 4.11427 134.028 30
      vertex 5.01333 136.253 30
      vertex 4.94585 136.282 30
    endloop
  endfacet
  facet normal 0 0 1
    outer loop
      vertex 3.96968 134.089 30
      vertex 4.94585 136.282 30
      vertex 4.87942 136.313 30
    endloop
  endfacet
  facet normal 0 0 1
    outer loop
      vertex 5.36339 136.146 30
      vertex 4.8644 133.798 30
      vertex 5.01858 133.768 30
    endloop
  endfacet
  facet normal 0 0 1
    outer loop
      vertex 3.82733 134.155 30
      vertex 4.87942 136.313 30
      vertex 4.81411 136.346 30
    endloop
  endfacet
  facet normal 0 0 1
    outer loop
      vertex 3.68738 134.227 30
      vertex 4.81411 136.346 30
      vertex 4.75 136.381 30
    endloop
  endfacet
  facet normal 0 0 1
    outer loop
      vertex 5.29196 136.162 30
      vertex 4.71135 133.834 30
      vertex 4.8644 133.798 30
    endloop
  endfacet
  facet normal 0 0 1
    outer loop
      vertex 3.55 134.303 30
      vertex 4.75 136.381 30
      vertex 4.68717 136.419 30
    endloop
  endfacet
  facet normal 0 0 1
    outer loop
      vertex 3.41536 134.384 30
      vertex 4.68717 136.419 30
      vertex 4.62569 136.459 30
    endloop
  endfacet
  facet normal 0 0 1
    outer loop
      vertex 3.28363 134.469 30
      vertex 4.62569 136.459 30
      vertex 4.56565 136.501 30
    endloop
  endfacet
  facet normal 0 0 1
    outer loop
      vertex 5.22116 136.181 30
      vertex 4.55963 133.874 30
      vertex 4.71135 133.834 30
    endloop
  endfacet
  facet normal 0 0 1
    outer loop
      vertex 3.15497 134.559 30
      vertex 4.56565 136.501 30
      vertex 4.50711 136.545 30
    endloop
  endfacet
  facet normal 0 0 1
    outer loop
      vertex 3.02952 134.654 30
      vertex 4.50711 136.545 30
      vertex 4.45015 136.591 30
    endloop
  endfacet
  facet normal 0 0 1
    outer loop
      vertex 5.15106 136.203 30
      vertex 4.40942 133.92 30
      vertex 4.55963 133.874 30
    endloop
  endfacet
  facet normal 0 0 1
    outer loop
      vertex 2.90746 134.753 30
      vertex 4.45015 136.591 30
      vertex 4.39482 136.639 30
    endloop
  endfacet
  facet normal 0 0 1
    outer loop
      vertex 2.78891 134.856 30
      vertex 4.39482 136.639 30
      vertex 4.34122 136.689 30
    endloop
  endfacet
  facet normal 0 0 1
    outer loop
      vertex 2.67404 134.963 30
      vertex 4.34122 136.689 30
      vertex 4.28939 136.741 30
    endloop
  endfacet
  facet normal 0 0 1
    outer loop
      vertex 5.08176 136.227 30
      vertex 4.26091 133.971 30
      vertex 4.40942 133.92 30
    endloop
  endfacet
  facet normal 0 0 1
    outer loop
      vertex 2.56297 135.074 30
      vertex 4.28939 136.741 30
      vertex 4.2394 136.795 30
    endloop
  endfacet
  facet normal 0 0 1
    outer loop
      vertex 2.45585 135.189 30
      vertex 4.2394 136.795 30
      vertex 4.19131 136.85 30
    endloop
  endfacet
  facet normal 0 0 1
    outer loop
      vertex 2.3528 135.307 30
      vertex 4.19131 136.85 30
      vertex 4.14518 136.907 30
    endloop
  endfacet
  facet normal 0 0 1
    outer loop
      vertex 5.01333 136.253 30
      vertex 4.11427 134.028 30
      vertex 4.26091 133.971 30
    endloop
  endfacet
  facet normal 0 0 1
    outer loop
      vertex 2.25395 135.43 30
      vertex 4.14518 136.907 30
      vertex 4.10106 136.966 30
    endloop
  endfacet
  facet normal 0 0 1
    outer loop
      vertex 2.15942 135.555 30
      vertex 4.10106 136.966 30
      vertex 4.05902 137.026 30
    endloop
  endfacet
  facet normal 0 0 1
    outer loop
      vertex 2 135.79 30
      vertex 4.05902 137.026 30
      vertex 4.0191 137.087 30
    endloop
  endfacet
  facet normal 0 0 1
    outer loop
      vertex 2 135.79 30
      vertex 4.0191 137.087 30
      vertex 3.98135 137.15 30
    endloop
  endfacet
  facet normal 0 0 1
    outer loop
      vertex 4.94585 136.282 30
      vertex 3.96968 134.089 30
      vertex 4.11427 134.028 30
    endloop
  endfacet
  facet normal 0 0 1
    outer loop
      vertex 2 135.79 30
      vertex 3.98135 137.15 30
      vertex 3.94581 137.214 30
    endloop
  endfacet
  facet normal 0 0 1
    outer loop
      vertex 2 135.79 30
      vertex 3.94581 137.214 30
      vertex 3.91253 137.279 30
    endloop
  endfacet
  facet normal 0 0 1
    outer loop
      vertex 2 135.79 30
      vertex 3.91253 137.279 30
      vertex 3.88155 137.346 30
    endloop
  endfacet
  facet normal 0 0 1
    outer loop
      vertex 2 135.79 30
      vertex 3.88155 137.346 30
      vertex 3.85291 137.413 30
    endloop
  endfacet
  facet normal 0 0 1
    outer loop
      vertex 4.87942 136.313 30
      vertex 3.82733 134.155 30
      vertex 3.96968 134.089 30
    endloop
  endfacet
  facet normal 0 0 1
    outer loop
      vertex 2 135.79 30
      vertex 3.85291 137.413 30
      vertex 3.82664 137.482 30
    endloop
  endfacet
  facet normal 0 0 1
    outer loop
      vertex 2 135.79 30
      vertex 3.82664 137.482 30
      vertex 3.80278 137.551 30
    endloop
  endfacet
  facet normal 0 0 1
    outer loop
      vertex 2 135.79 30
      vertex 3.80278 137.551 30
      vertex 3.78135 137.621 30
    endloop
  endfacet
  facet normal 0 0 1
    outer loop
      vertex 2 135.79 30
      vertex 3.78135 137.621 30
      vertex 3.76238 137.692 30
    endloop
  endfacet
  facet normal 0 0 1
    outer loop
      vertex 2 135.79 30
      vertex 3.76238 137.692 30
      vertex 3.74589 137.763 30
    endloop
  endfacet
  facet normal 0 0 1
    outer loop
      vertex 2 135.79 30
      vertex 3.74589 137.763 30
      vertex 3.7319 137.835 30
    endloop
  endfacet
  facet normal 0 0 1
    outer loop
      vertex 2 135.79 30
      vertex 3.7319 137.835 30
      vertex 3.72044 137.908 30
    endloop
  endfacet
  facet normal 0 0 1
    outer loop
      vertex 0 138 30
      vertex 3.72044 137.908 30
      vertex 3.7115 137.98 30
    endloop
  endfacet
  facet normal -0 0 1
    outer loop
      vertex 0 138 30
      vertex 3.7115 137.98 30
      vertex 3.70512 138.054 30
    endloop
  endfacet
  facet normal 0 0 1
    outer loop
      vertex 0 138 30
      vertex 3.70512 138.054 30
      vertex 3.70128 138.127 30
    endloop
  endfacet
  facet normal 0 0 1
    outer loop
      vertex 4.81411 136.346 30
      vertex 3.68738 134.227 30
      vertex 3.82733 134.155 30
    endloop
  endfacet
  facet normal 0 0 1
    outer loop
      vertex 0.00365448 138.209 30
      vertex 3.70128 138.127 30
      vertex 3.7 138.2 30
    endloop
  endfacet
  facet normal 0 0 1
    outer loop
      vertex 83.9963 5.7906 30
      vertex 80.2987 5.87329 30
      vertex 80.3 5.8 30
    endloop
  endfacet
  facet normal 0 0 1
    outer loop
      vertex 80.45 9.69711 30
      vertex 80.2949 5.94649 30
      vertex 80.2987 5.87329 30
    endloop
  endfacet
  facet normal 0 0 1
    outer loop
      vertex 80.45 9.69711 30
      vertex 80.2885 6.01951 30
      vertex 80.2949 5.94649 30
    endloop
  endfacet
  facet normal 0 0 1
    outer loop
      vertex 80.45 9.69711 30
      vertex 80.2796 6.09226 30
      vertex 80.2885 6.01951 30
    endloop
  endfacet
  facet normal 0 0 1
    outer loop
      vertex 80.45 9.69711 30
      vertex 80.2681 6.16466 30
      vertex 80.2796 6.09226 30
    endloop
  endfacet
  facet normal 0 0 1
    outer loop
      vertex 80.45 9.69711 30
      vertex 80.2541 6.23661 30
      vertex 80.2681 6.16466 30
    endloop
  endfacet
  facet normal 0 0 1
    outer loop
      vertex 80.45 9.69711 30
      vertex 80.2376 6.30804 30
      vertex 80.2541 6.23661 30
    endloop
  endfacet
  facet normal 0 0 1
    outer loop
      vertex 80.45 9.69711 30
      vertex 80.2187 6.37884 30
      vertex 80.2376 6.30804 30
    endloop
  endfacet
  facet normal 0 0 1
    outer loop
      vertex 80.45 9.69711 30
      vertex 80.1972 6.44894 30
      vertex 80.2187 6.37884 30
    endloop
  endfacet
  facet normal 0 0 1
    outer loop
      vertex 80.45 9.69711 30
      vertex 80.1734 6.51824 30
      vertex 80.1972 6.44894 30
    endloop
  endfacet
  facet normal 0 0 1
    outer loop
      vertex 79.1859 7.65419 30
      vertex 80.3126 9.77326 30
      vertex 80.1727 9.84457 30
    endloop
  endfacet
  facet normal 0 0 1
    outer loop
      vertex 80.45 9.69711 30
      vertex 80.1471 6.58667 30
      vertex 80.1734 6.51824 30
    endloop
  endfacet
  facet normal 0 0 1
    outer loop
      vertex 80.45 9.69711 30
      vertex 80.1184 6.65415 30
      vertex 80.1471 6.58667 30
    endloop
  endfacet
  facet normal 0 0 1
    outer loop
      vertex 80.45 9.69711 30
      vertex 80.0875 6.72058 30
      vertex 80.1184 6.65415 30
    endloop
  endfacet
  facet normal 0 0 1
    outer loop
      vertex 80.45 9.69711 30
      vertex 80.0542 6.78589 30
      vertex 80.0875 6.72058 30
    endloop
  endfacet
  facet normal 0 0 1
    outer loop
      vertex 79.1206 7.68747 30
      vertex 80.1727 9.84457 30
      vertex 80.0303 9.91095 30
    endloop
  endfacet
  facet normal 0 0 1
    outer loop
      vertex 80.45 9.69711 30
      vertex 80.0187 6.85 30
      vertex 80.0542 6.78589 30
    endloop
  endfacet
  facet normal 0 0 1
    outer loop
      vertex 80.45 9.69711 30
      vertex 79.9809 6.91283 30
      vertex 80.0187 6.85 30
    endloop
  endfacet
  facet normal 0 0 1
    outer loop
      vertex 80.45 9.69711 30
      vertex 79.941 6.9743 30
      vertex 79.9809 6.91283 30
    endloop
  endfacet
  facet normal 0 0 1
    outer loop
      vertex 80.45 9.69711 30
      vertex 79.8989 7.03435 30
      vertex 79.941 6.9743 30
    endloop
  endfacet
  facet normal 0 0 1
    outer loop
      vertex 79.0541 7.71844 30
      vertex 80.0303 9.91095 30
      vertex 79.8857 9.97233 30
    endloop
  endfacet
  facet normal 0 0 1
    outer loop
      vertex 80.45 9.69711 30
      vertex 79.8548 7.09289 30
      vertex 79.8989 7.03435 30
    endloop
  endfacet
  facet normal 0 0 1
    outer loop
      vertex 80.45 9.69711 30
      vertex 79.8087 7.14985 30
      vertex 79.8548 7.09289 30
    endloop
  endfacet
  facet normal 0 0 1
    outer loop
      vertex 80.45 9.69711 30
      vertex 79.7606 7.20517 30
      vertex 79.8087 7.14985 30
    endloop
  endfacet
  facet normal 0 0 1
    outer loop
      vertex 78.9867 7.74709 30
      vertex 79.8857 9.97233 30
      vertex 79.7391 10.0286 30
    endloop
  endfacet
  facet normal 0 0 1
    outer loop
      vertex 80.45 9.69711 30
      vertex 79.7106 7.25878 30
      vertex 79.7606 7.20517 30
    endloop
  endfacet
  facet normal 0 0 1
    outer loop
      vertex 80.45 9.69711 30
      vertex 79.6588 7.31061 30
      vertex 79.7106 7.25878 30
    endloop
  endfacet
  facet normal 0 0 1
    outer loop
      vertex 80.45 9.69711 30
      vertex 79.6052 7.3606 30
      vertex 79.6588 7.31061 30
    endloop
  endfacet
  facet normal 0 0 1
    outer loop
      vertex 78.9182 7.77335 30
      vertex 79.7391 10.0286 30
      vertex 79.5906 10.0798 30
    endloop
  endfacet
  facet normal 0 0 1
    outer loop
      vertex 80.45 9.69711 30
      vertex 79.5499 7.40869 30
      vertex 79.6052 7.3606 30
    endloop
  endfacet
  facet normal 0 0 1
    outer loop
      vertex 80.45 9.69711 30
      vertex 79.4929 7.45482 30
      vertex 79.5499 7.40869 30
    endloop
  endfacet
  facet normal 0 0 1
    outer loop
      vertex 78.8489 7.79722 30
      vertex 79.5906 10.0798 30
      vertex 79.4404 10.1257 30
    endloop
  endfacet
  facet normal 0 0 1
    outer loop
      vertex 80.45 9.69711 30
      vertex 79.4343 7.49893 30
      vertex 79.4929 7.45482 30
    endloop
  endfacet
  facet normal 0 0 1
    outer loop
      vertex 80.45 9.69711 30
      vertex 79.3743 7.54098 30
      vertex 79.4343 7.49893 30
    endloop
  endfacet
  facet normal 0 0 1
    outer loop
      vertex 80.45 9.69711 30
      vertex 79.3128 7.5809 30
      vertex 79.3743 7.54098 30
    endloop
  endfacet
  facet normal 0 0 1
    outer loop
      vertex 78.7788 7.81865 30
      vertex 79.4404 10.1257 30
      vertex 79.2887 10.1663 30
    endloop
  endfacet
  facet normal 0 0 1
    outer loop
      vertex 80.45 9.69711 30
      vertex 79.25 7.61865 30
      vertex 79.3128 7.5809 30
    endloop
  endfacet
  facet normal 0 0 1
    outer loop
      vertex 80.3126 9.77326 30
      vertex 79.1859 7.65419 30
      vertex 79.25 7.61865 30
    endloop
  endfacet
  facet normal 0 0 1
    outer loop
      vertex 78.708 7.83762 30
      vertex 79.2887 10.1663 30
      vertex 79.1356 10.2017 30
    endloop
  endfacet
  facet normal 0 0 1
    outer loop
      vertex 80.1727 9.84457 30
      vertex 79.1206 7.68747 30
      vertex 79.1859 7.65419 30
    endloop
  endfacet
  facet normal 0 0 1
    outer loop
      vertex 80.0303 9.91095 30
      vertex 79.0541 7.71844 30
      vertex 79.1206 7.68747 30
    endloop
  endfacet
  facet normal 0 0 1
    outer loop
      vertex 79.8857 9.97233 30
      vertex 78.9867 7.74709 30
      vertex 79.0541 7.71844 30
    endloop
  endfacet
  facet normal 0 0 1
    outer loop
      vertex 78.6366 7.85411 30
      vertex 79.1356 10.2017 30
      vertex 78.9814 10.2316 30
    endloop
  endfacet
  facet normal 0 0 1
    outer loop
      vertex 79.7391 10.0286 30
      vertex 78.9182 7.77335 30
      vertex 78.9867 7.74709 30
    endloop
  endfacet
  facet normal 0 0 1
    outer loop
      vertex 79.5906 10.0798 30
      vertex 78.8489 7.79722 30
      vertex 78.9182 7.77335 30
    endloop
  endfacet
  facet normal 0 0 1
    outer loop
      vertex 78.5647 7.8681 30
      vertex 78.9814 10.2316 30
      vertex 78.8263 10.2562 30
    endloop
  endfacet
  facet normal 0 0 1
    outer loop
      vertex 79.4404 10.1257 30
      vertex 78.7788 7.81865 30
      vertex 78.8489 7.79722 30
    endloop
  endfacet
  facet normal 0 0 1
    outer loop
      vertex 79.2887 10.1663 30
      vertex 78.708 7.83762 30
      vertex 78.7788 7.81865 30
    endloop
  endfacet
  facet normal 0 0 1
    outer loop
      vertex 78.4923 7.87956 30
      vertex 78.8263 10.2562 30
      vertex 78.6704 10.2753 30
    endloop
  endfacet
  facet normal 0 0 1
    outer loop
      vertex 79.1356 10.2017 30
      vertex 78.6366 7.85411 30
      vertex 78.708 7.83762 30
    endloop
  endfacet
  facet normal 0 0 1
    outer loop
      vertex 78.9814 10.2316 30
      vertex 78.5647 7.8681 30
      vertex 78.6366 7.85411 30
    endloop
  endfacet
  facet normal 0 0 1
    outer loop
      vertex 78.4195 7.8885 30
      vertex 78.6704 10.2753 30
      vertex 78.5139 10.289 30
    endloop
  endfacet
  facet normal 0 0 1
    outer loop
      vertex 78.8263 10.2562 30
      vertex 78.4923 7.87956 30
      vertex 78.5647 7.8681 30
    endloop
  endfacet
  facet normal 0 0 1
    outer loop
      vertex 78.6704 10.2753 30
      vertex 78.4195 7.8885 30
      vertex 78.4923 7.87956 30
    endloop
  endfacet
  facet normal 0 0 1
    outer loop
      vertex 78.3465 7.89488 30
      vertex 78.5139 10.289 30
      vertex 78.357 10.2973 30
    endloop
  endfacet
  facet normal 0 0 1
    outer loop
      vertex 78.5139 10.289 30
      vertex 78.3465 7.89488 30
      vertex 78.4195 7.8885 30
    endloop
  endfacet
  facet normal 0 0 1
    outer loop
      vertex 78.357 10.2973 30
      vertex 78.2733 7.89872 30
      vertex 78.3465 7.89488 30
    endloop
  endfacet
  facet normal 0 0 1
    outer loop
      vertex 78.2 10.3 30
      vertex 78.2733 7.89872 30
      vertex 78.357 10.2973 30
    endloop
  endfacet
  facet normal 0 0 1
    outer loop
      vertex 78.2 10.3 30
      vertex 78.2 7.9 30
      vertex 78.2733 7.89872 30
    endloop
  endfacet
  facet normal 0 0 1
    outer loop
      vertex 78.2 10.3 30
      vertex 78.1267 7.89872 30
      vertex 78.2 7.9 30
    endloop
  endfacet
  facet normal -0 0 1
    outer loop
      vertex 78.043 10.2973 30
      vertex 78.1267 7.89872 30
      vertex 78.2 10.3 30
    endloop
  endfacet
  facet normal 0 0 1
    outer loop
      vertex 78.1267 7.89872 30
      vertex 78.043 10.2973 30
      vertex 78.0535 7.89488 30
    endloop
  endfacet
  facet normal -0 0 1
    outer loop
      vertex 77.8861 10.289 30
      vertex 78.0535 7.89488 30
      vertex 78.043 10.2973 30
    endloop
  endfacet
  facet normal 0 0 1
    outer loop
      vertex 78.0535 7.89488 30
      vertex 77.8861 10.289 30
      vertex 77.9805 7.8885 30
    endloop
  endfacet
  facet normal -0 0 1
    outer loop
      vertex 77.7296 10.2753 30
      vertex 77.9805 7.8885 30
      vertex 77.8861 10.289 30
    endloop
  endfacet
  facet normal 0 0 1
    outer loop
      vertex 77.9805 7.8885 30
      vertex 77.7296 10.2753 30
      vertex 77.9077 7.87956 30
    endloop
  endfacet
  facet normal -0 0 1
    outer loop
      vertex 77.5737 10.2562 30
      vertex 77.9077 7.87956 30
      vertex 77.7296 10.2753 30
    endloop
  endfacet
  facet normal 0 0 1
    outer loop
      vertex 77.9077 7.87956 30
      vertex 77.5737 10.2562 30
      vertex 77.8353 7.8681 30
    endloop
  endfacet
  facet normal -0 0 1
    outer loop
      vertex 77.4186 10.2316 30
      vertex 77.8353 7.8681 30
      vertex 77.5737 10.2562 30
    endloop
  endfacet
  facet normal 0 0 1
    outer loop
      vertex 77.8353 7.8681 30
      vertex 77.4186 10.2316 30
      vertex 77.7634 7.85411 30
    endloop
  endfacet
  facet normal -0 0 1
    outer loop
      vertex 77.2644 10.2017 30
      vertex 77.7634 7.85411 30
      vertex 77.4186 10.2316 30
    endloop
  endfacet
  facet normal 0 0 1
    outer loop
      vertex 77.7634 7.85411 30
      vertex 77.2644 10.2017 30
      vertex 77.692 7.83762 30
    endloop
  endfacet
  facet normal -0 0 1
    outer loop
      vertex 77.1114 10.1663 30
      vertex 77.692 7.83762 30
      vertex 77.2644 10.2017 30
    endloop
  endfacet
  facet normal 0 0 1
    outer loop
      vertex 77.692 7.83762 30
      vertex 77.1114 10.1663 30
      vertex 77.6212 7.81865 30
    endloop
  endfacet
  facet normal -0 0 1
    outer loop
      vertex 76.9596 10.1257 30
      vertex 77.6212 7.81865 30
      vertex 77.1114 10.1663 30
    endloop
  endfacet
  facet normal 0 0 1
    outer loop
      vertex 77.6212 7.81865 30
      vertex 76.9596 10.1257 30
      vertex 77.5511 7.79722 30
    endloop
  endfacet
  facet normal -0 0 1
    outer loop
      vertex 76.8094 10.0798 30
      vertex 77.5511 7.79722 30
      vertex 76.9596 10.1257 30
    endloop
  endfacet
  facet normal 0 0 1
    outer loop
      vertex 77.5511 7.79722 30
      vertex 76.8094 10.0798 30
      vertex 77.4818 7.77335 30
    endloop
  endfacet
  facet normal -0 0 1
    outer loop
      vertex 76.6609 10.0286 30
      vertex 77.4818 7.77335 30
      vertex 76.8094 10.0798 30
    endloop
  endfacet
  facet normal 0 0 1
    outer loop
      vertex 77.4818 7.77335 30
      vertex 76.6609 10.0286 30
      vertex 77.4133 7.74709 30
    endloop
  endfacet
  facet normal -0 0 1
    outer loop
      vertex 76.5143 9.97233 30
      vertex 77.4133 7.74709 30
      vertex 76.6609 10.0286 30
    endloop
  endfacet
  facet normal 0 0 1
    outer loop
      vertex 77.4133 7.74709 30
      vertex 76.5143 9.97233 30
      vertex 77.3459 7.71844 30
    endloop
  endfacet
  facet normal -0 0 1
    outer loop
      vertex 76.3697 9.91095 30
      vertex 77.3459 7.71844 30
      vertex 76.5143 9.97233 30
    endloop
  endfacet
  facet normal 0 0 1
    outer loop
      vertex 77.3459 7.71844 30
      vertex 76.3697 9.91095 30
      vertex 77.2794 7.68747 30
    endloop
  endfacet
  facet normal -0 0 1
    outer loop
      vertex 76.2273 9.84457 30
      vertex 77.2794 7.68747 30
      vertex 76.3697 9.91095 30
    endloop
  endfacet
  facet normal 0 0 1
    outer loop
      vertex 77.2794 7.68747 30
      vertex 76.2273 9.84457 30
      vertex 77.2141 7.65419 30
    endloop
  endfacet
  facet normal -0 0 1
    outer loop
      vertex 76.0874 9.77326 30
      vertex 77.2141 7.65419 30
      vertex 76.2273 9.84457 30
    endloop
  endfacet
  facet normal 0 0 1
    outer loop
      vertex 77.2141 7.65419 30
      vertex 76.0874 9.77326 30
      vertex 77.15 7.61865 30
    endloop
  endfacet
  facet normal -0 0 1
    outer loop
      vertex 75.95 9.69711 30
      vertex 77.15 7.61865 30
      vertex 76.0874 9.77326 30
    endloop
  endfacet
  facet normal 0 0 1
    outer loop
      vertex 77.15 7.61865 30
      vertex 75.95 9.69711 30
      vertex 77.0872 7.5809 30
    endloop
  endfacet
  facet normal -0 0 1
    outer loop
      vertex 75.8154 9.61622 30
      vertex 77.0872 7.5809 30
      vertex 75.95 9.69711 30
    endloop
  endfacet
  facet normal 0 0 1
    outer loop
      vertex 77.0872 7.5809 30
      vertex 75.8154 9.61622 30
      vertex 77.0257 7.54098 30
    endloop
  endfacet
  facet normal -0 0 1
    outer loop
      vertex 75.6836 9.53067 30
      vertex 77.0257 7.54098 30
      vertex 75.8154 9.61622 30
    endloop
  endfacet
  facet normal 0 0 1
    outer loop
      vertex 77.0257 7.54098 30
      vertex 75.6836 9.53067 30
      vertex 76.9657 7.49893 30
    endloop
  endfacet
  facet normal -0 0 1
    outer loop
      vertex 75.555 9.44058 30
      vertex 76.9657 7.49893 30
      vertex 75.6836 9.53067 30
    endloop
  endfacet
  facet normal 0 0 1
    outer loop
      vertex 76.9657 7.49893 30
      vertex 75.555 9.44058 30
      vertex 76.9071 7.45482 30
    endloop
  endfacet
  facet normal -0 0 1
    outer loop
      vertex 75.4295 9.34605 30
      vertex 76.9071 7.45482 30
      vertex 75.555 9.44058 30
    endloop
  endfacet
  facet normal 0 0 1
    outer loop
      vertex 76.9071 7.45482 30
      vertex 75.4295 9.34605 30
      vertex 76.8501 7.40869 30
    endloop
  endfacet
  facet normal -0 0 1
    outer loop
      vertex 75.3075 9.2472 30
      vertex 76.8501 7.40869 30
      vertex 75.4295 9.34605 30
    endloop
  endfacet
  facet normal 0 0 1
    outer loop
      vertex 76.8501 7.40869 30
      vertex 75.3075 9.2472 30
      vertex 76.7948 7.3606 30
    endloop
  endfacet
  facet normal -0 0 1
    outer loop
      vertex 75.1889 9.14415 30
      vertex 76.7948 7.3606 30
      vertex 75.3075 9.2472 30
    endloop
  endfacet
  facet normal 0 0 1
    outer loop
      vertex 76.7948 7.3606 30
      vertex 75.1889 9.14415 30
      vertex 76.7412 7.31061 30
    endloop
  endfacet
  facet normal -0 0 1
    outer loop
      vertex 75.074 9.03703 30
      vertex 76.7412 7.31061 30
      vertex 75.1889 9.14415 30
    endloop
  endfacet
  facet normal 0 0 1
    outer loop
      vertex 76.7412 7.31061 30
      vertex 75.074 9.03703 30
      vertex 76.6894 7.25878 30
    endloop
  endfacet
  facet normal -0 0 1
    outer loop
      vertex 74.963 8.92596 30
      vertex 76.6894 7.25878 30
      vertex 75.074 9.03703 30
    endloop
  endfacet
  facet normal 0 0 1
    outer loop
      vertex 76.6894 7.25878 30
      vertex 74.963 8.92596 30
      vertex 76.6394 7.20517 30
    endloop
  endfacet
  facet normal -0 0 1
    outer loop
      vertex 74.8559 8.81109 30
      vertex 76.6394 7.20517 30
      vertex 74.963 8.92596 30
    endloop
  endfacet
  facet normal 0 0 1
    outer loop
      vertex 76.6394 7.20517 30
      vertex 74.8559 8.81109 30
      vertex 76.5913 7.14985 30
    endloop
  endfacet
  facet normal -0 0 1
    outer loop
      vertex 74.7528 8.69254 30
      vertex 76.5913 7.14985 30
      vertex 74.8559 8.81109 30
    endloop
  endfacet
  facet normal 0 0 1
    outer loop
      vertex 76.5913 7.14985 30
      vertex 74.7528 8.69254 30
      vertex 76.5452 7.09289 30
    endloop
  endfacet
  facet normal -0 0 1
    outer loop
      vertex 74.654 8.57048 30
      vertex 76.5452 7.09289 30
      vertex 74.7528 8.69254 30
    endloop
  endfacet
  facet normal 0 0 1
    outer loop
      vertex 76.5452 7.09289 30
      vertex 74.654 8.57048 30
      vertex 76.5011 7.03435 30
    endloop
  endfacet
  facet normal -0 0 1
    outer loop
      vertex 74.5594 8.44503 30
      vertex 76.5011 7.03435 30
      vertex 74.654 8.57048 30
    endloop
  endfacet
  facet normal 0 0 1
    outer loop
      vertex 76.5011 7.03435 30
      vertex 74.5594 8.44503 30
      vertex 76.459 6.9743 30
    endloop
  endfacet
  facet normal -0 0 1
    outer loop
      vertex 74.4693 8.31637 30
      vertex 76.459 6.9743 30
      vertex 74.5594 8.44503 30
    endloop
  endfacet
  facet normal 0 0 1
    outer loop
      vertex 76.459 6.9743 30
      vertex 74.4693 8.31637 30
      vertex 76.4191 6.91283 30
    endloop
  endfacet
  facet normal 0 0 1
    outer loop
      vertex 76.4191 6.91283 30
      vertex 74.3838 8.18464 30
      vertex 76.3813 6.85 30
    endloop
  endfacet
  facet normal -0 0 1
    outer loop
      vertex 74.3838 8.18464 30
      vertex 76.4191 6.91283 30
      vertex 74.4693 8.31637 30
    endloop
  endfacet
  facet normal -0 0 1
    outer loop
      vertex 80.2987 138.127 30
      vertex 84 138 30
      vertex 83.9963 138.209 30
    endloop
  endfacet
  facet normal 0 0 1
    outer loop
      vertex 84 138 30
      vertex 82 135.79 30
      vertex 84 6 30
    endloop
  endfacet
  facet normal 0 0 1
    outer loop
      vertex 80.3 138.2 30
      vertex 83.9963 138.209 30
      vertex 83.9854 138.419 30
    endloop
  endfacet
  facet normal -0 0 1
    outer loop
      vertex 82 8.20961 30
      vertex 84 6 30
      vertex 82 135.79 30
    endloop
  endfacet
  facet normal 0 0 1
    outer loop
      vertex 80.2987 138.273 30
      vertex 83.9854 138.419 30
      vertex 83.9671 138.627 30
    endloop
  endfacet
  facet normal 0 0 1
    outer loop
      vertex 80.2987 5.87329 30
      vertex 84 6 30
      vertex 82 8.20961 30
    endloop
  endfacet
  facet normal 0 0 1
    outer loop
      vertex 80.2949 138.346 30
      vertex 83.9671 138.627 30
      vertex 83.9416 138.835 30
    endloop
  endfacet
  facet normal -0 0 1
    outer loop
      vertex 80.2987 5.87329 30
      vertex 83.9963 5.7906 30
      vertex 84 6 30
    endloop
  endfacet
  facet normal 0 0 1
    outer loop
      vertex 80.2885 138.42 30
      vertex 83.9416 138.835 30
      vertex 83.9088 139.042 30
    endloop
  endfacet
  facet normal 0 0 1
    outer loop
      vertex 83.9963 5.7906 30
      vertex 80.3 5.8 30
      vertex 83.9854 5.58146 30
    endloop
  endfacet
  facet normal 0 0 1
    outer loop
      vertex 80.2796 138.492 30
      vertex 83.9088 139.042 30
      vertex 83.8689 139.247 30
    endloop
  endfacet
  facet normal -0 0 1
    outer loop
      vertex 80.2987 5.72671 30
      vertex 83.9854 5.58146 30
      vertex 80.3 5.8 30
    endloop
  endfacet
  facet normal 0 0 1
    outer loop
      vertex 80.2681 138.565 30
      vertex 83.8689 139.247 30
      vertex 83.8218 139.452 30
    endloop
  endfacet
  facet normal 0 0 1
    outer loop
      vertex 83.9854 5.58146 30
      vertex 80.2987 5.72671 30
      vertex 83.9671 5.37283 30
    endloop
  endfacet
  facet normal 0 0 1
    outer loop
      vertex 80.2541 138.637 30
      vertex 83.8218 139.452 30
      vertex 83.7676 139.654 30
    endloop
  endfacet
  facet normal -0 0 1
    outer loop
      vertex 80.2949 5.65351 30
      vertex 83.9671 5.37283 30
      vertex 80.2987 5.72671 30
    endloop
  endfacet
  facet normal 0 0 1
    outer loop
      vertex 80.2376 138.708 30
      vertex 83.7676 139.654 30
      vertex 83.7063 139.854 30
    endloop
  endfacet
  facet normal 0 0 1
    outer loop
      vertex 83.9671 5.37283 30
      vertex 80.2949 5.65351 30
      vertex 83.9416 5.16496 30
    endloop
  endfacet
  facet normal 0 0 1
    outer loop
      vertex 80.2187 138.779 30
      vertex 83.7063 139.854 30
      vertex 83.6382 140.052 30
    endloop
  endfacet
  facet normal -0 0 1
    outer loop
      vertex 80.2885 5.58049 30
      vertex 83.9416 5.16496 30
      vertex 80.2949 5.65351 30
    endloop
  endfacet
  facet normal 0 0 1
    outer loop
      vertex 80.1734 138.918 30
      vertex 83.6382 140.052 30
      vertex 83.5631 140.248 30
    endloop
  endfacet
  facet normal 0 0 1
    outer loop
      vertex 83.9416 5.16496 30
      vertex 80.2885 5.58049 30
      vertex 83.9088 4.95811 30
    endloop
  endfacet
  facet normal 0 0 1
    outer loop
      vertex 80.1471 138.987 30
      vertex 83.5631 140.248 30
      vertex 83.4813 140.44 30
    endloop
  endfacet
  facet normal -0 0 1
    outer loop
      vertex 80.2796 5.50774 30
      vertex 83.9088 4.95811 30
      vertex 80.2885 5.58049 30
    endloop
  endfacet
  facet normal 0 0 1
    outer loop
      vertex 80.1184 139.054 30
      vertex 83.4813 140.44 30
      vertex 83.3928 140.63 30
    endloop
  endfacet
  facet normal 0 0 1
    outer loop
      vertex 83.9088 4.95811 30
      vertex 80.2796 5.50774 30
      vertex 83.8689 4.75253 30
    endloop
  endfacet
  facet normal 0 0 1
    outer loop
      vertex 80.0875 139.121 30
      vertex 83.3928 140.63 30
      vertex 83.2977 140.817 30
    endloop
  endfacet
  facet normal -0 0 1
    outer loop
      vertex 80.2681 5.43534 30
      vertex 83.8689 4.75253 30
      vertex 80.2796 5.50774 30
    endloop
  endfacet
  facet normal 0 0 1
    outer loop
      vertex 80.0542 139.186 30
      vertex 83.2977 140.817 30
      vertex 83.1962 141 30
    endloop
  endfacet
  facet normal 0 0 1
    outer loop
      vertex 83.8689 4.75253 30
      vertex 80.2681 5.43534 30
      vertex 83.8218 4.54847 30
    endloop
  endfacet
  facet normal 0 0 1
    outer loop
      vertex 80.0187 139.25 30
      vertex 83.1962 141 30
      vertex 83.0883 141.18 30
    endloop
  endfacet
  facet normal -0 0 1
    outer loop
      vertex 80.2541 5.36339 30
      vertex 83.8218 4.54847 30
      vertex 80.2681 5.43534 30
    endloop
  endfacet
  facet normal 0 0 1
    outer loop
      vertex 79.9809 139.313 30
      vertex 83.0883 141.18 30
      vertex 82.9742 141.355 30
    endloop
  endfacet
  facet normal 0 0 1
    outer loop
      vertex 83.8218 4.54847 30
      vertex 80.2541 5.36339 30
      vertex 83.7676 4.34618 30
    endloop
  endfacet
  facet normal 0 0 1
    outer loop
      vertex 79.941 139.374 30
      vertex 82.9742 141.355 30
      vertex 82.8541 141.527 30
    endloop
  endfacet
  facet normal 0 0 1
    outer loop
      vertex 83.7676 4.34618 30
      vertex 80.2376 5.29196 30
      vertex 83.7063 4.1459 30
    endloop
  endfacet
  facet normal 0 0 1
    outer loop
      vertex 79.8989 139.434 30
      vertex 82.8541 141.527 30
      vertex 82.7281 141.694 30
    endloop
  endfacet
  facet normal -0 0 1
    outer loop
      vertex 80.2187 5.22116 30
      vertex 83.7063 4.1459 30
      vertex 80.2376 5.29196 30
    endloop
  endfacet
  facet normal 0 0 1
    outer loop
      vertex 79.8548 139.493 30
      vertex 82.7281 141.694 30
      vertex 82.5963 141.857 30
    endloop
  endfacet
  facet normal -0 0 1
    outer loop
      vertex 80.1972 5.15106 30
      vertex 83.6382 3.94788 30
      vertex 80.2187 5.22116 30
    endloop
  endfacet
  facet normal 0 0 1
    outer loop
      vertex 79.8087 139.55 30
      vertex 82.5963 141.857 30
      vertex 82.4589 142.015 30
    endloop
  endfacet
  facet normal -0 0 1
    outer loop
      vertex 80.1734 5.08176 30
      vertex 83.6382 3.94788 30
      vertex 80.1972 5.15106 30
    endloop
  endfacet
  facet normal 0 0 1
    outer loop
      vertex 79.7606 139.605 30
      vertex 82.4589 142.015 30
      vertex 82.316 142.168 30
    endloop
  endfacet
  facet normal 0 0 1
    outer loop
      vertex 83.6382 3.94788 30
      vertex 80.1734 5.08176 30
      vertex 83.5631 3.75236 30
    endloop
  endfacet
  facet normal 0 0 1
    outer loop
      vertex 79.7106 139.659 30
      vertex 82.316 142.168 30
      vertex 82.168 142.316 30
    endloop
  endfacet
  facet normal 0 0 1
    outer loop
      vertex 83.5631 3.75236 30
      vertex 80.1471 5.01333 30
      vertex 83.4813 3.55958 30
    endloop
  endfacet
  facet normal 0 0 1
    outer loop
      vertex 79.6588 139.711 30
      vertex 82.168 142.316 30
      vertex 82.0148 142.459 30
    endloop
  endfacet
  facet normal -0 0 1
    outer loop
      vertex 80.1184 4.94585 30
      vertex 83.4813 3.55958 30
      vertex 80.1471 5.01333 30
    endloop
  endfacet
  facet normal -0 0 1
    outer loop
      vertex 80.0875 4.87942 30
      vertex 83.3928 3.36977 30
      vertex 80.1184 4.94585 30
    endloop
  endfacet
  facet normal 0 0 1
    outer loop
      vertex 83.9088 139.042 30
      vertex 80.2796 138.492 30
      vertex 80.2885 138.42 30
    endloop
  endfacet
  facet normal 0 0 1
    outer loop
      vertex 79.5499 139.809 30
      vertex 82.0148 142.459 30
      vertex 81.8567 142.596 30
    endloop
  endfacet
  facet normal 0 0 1
    outer loop
      vertex 83.9416 138.835 30
      vertex 80.2885 138.42 30
      vertex 80.2949 138.346 30
    endloop
  endfacet
  facet normal 0 0 1
    outer loop
      vertex 83.9854 138.419 30
      vertex 80.2987 138.273 30
      vertex 80.3 138.2 30
    endloop
  endfacet
  facet normal 0 0 1
    outer loop
      vertex 79.4929 139.855 30
      vertex 81.8567 142.596 30
      vertex 81.694 142.728 30
    endloop
  endfacet
  facet normal 0 0 1
    outer loop
      vertex 83.9963 138.209 30
      vertex 80.3 138.2 30
      vertex 80.2987 138.127 30
    endloop
  endfacet
  facet normal 0 0 1
    outer loop
      vertex 84 138 30
      vertex 80.2987 138.127 30
      vertex 80.2949 138.054 30
    endloop
  endfacet
  facet normal 0 0 1
    outer loop
      vertex 79.4343 139.899 30
      vertex 81.694 142.728 30
      vertex 81.5267 142.854 30
    endloop
  endfacet
  facet normal 0 0 1
    outer loop
      vertex 84 138 30
      vertex 80.2949 138.054 30
      vertex 80.2885 137.98 30
    endloop
  endfacet
  facet normal 0 0 1
    outer loop
      vertex 79.3743 139.941 30
      vertex 81.5267 142.854 30
      vertex 81.3552 142.974 30
    endloop
  endfacet
  facet normal 0 0 1
    outer loop
      vertex 84 138 30
      vertex 80.2796 137.908 30
      vertex 82 135.79 30
    endloop
  endfacet
  facet normal -0 0 1
    outer loop
      vertex 80.2681 137.835 30
      vertex 82 135.79 30
      vertex 80.2796 137.908 30
    endloop
  endfacet
  facet normal 0 0 1
    outer loop
      vertex 79.3128 139.981 30
      vertex 81.3552 142.974 30
      vertex 81.1795 143.088 30
    endloop
  endfacet
  facet normal -0 0 1
    outer loop
      vertex 80.2541 137.763 30
      vertex 82 135.79 30
      vertex 80.2681 137.835 30
    endloop
  endfacet
  facet normal 0 0 1
    outer loop
      vertex 79.25 140.019 30
      vertex 81.1795 143.088 30
      vertex 81 143.196 30
    endloop
  endfacet
  facet normal -0 0 1
    outer loop
      vertex 80.2376 137.692 30
      vertex 82 135.79 30
      vertex 80.2541 137.763 30
    endloop
  endfacet
  facet normal -0 0 1
    outer loop
      vertex 80.1972 137.551 30
      vertex 82 135.79 30
      vertex 80.2187 137.621 30
    endloop
  endfacet
  facet normal 0 0 1
    outer loop
      vertex 79.1859 140.054 30
      vertex 81 143.196 30
      vertex 80.8168 143.298 30
    endloop
  endfacet
  facet normal -0 0 1
    outer loop
      vertex 80.1734 137.482 30
      vertex 82 135.79 30
      vertex 80.1972 137.551 30
    endloop
  endfacet
  facet normal 0 0 1
    outer loop
      vertex 79.1206 140.087 30
      vertex 80.8168 143.298 30
      vertex 80.6302 143.393 30
    endloop
  endfacet
  facet normal -0 0 1
    outer loop
      vertex 80.1471 137.413 30
      vertex 82 135.79 30
      vertex 80.1734 137.482 30
    endloop
  endfacet
  facet normal -0 0 1
    outer loop
      vertex 80.0875 137.279 30
      vertex 82 135.79 30
      vertex 80.1184 137.346 30
    endloop
  endfacet
  facet normal 0 0 1
    outer loop
      vertex 79.0541 140.118 30
      vertex 80.6302 143.393 30
      vertex 80.4404 143.481 30
    endloop
  endfacet
  facet normal -0 0 1
    outer loop
      vertex 80.0542 137.214 30
      vertex 82 135.79 30
      vertex 80.0875 137.279 30
    endloop
  endfacet
  facet normal -0 0 1
    outer loop
      vertex 80.0187 137.15 30
      vertex 82 135.79 30
      vertex 80.0542 137.214 30
    endloop
  endfacet
  facet normal -0 0 1
    outer loop
      vertex 80.1184 137.346 30
      vertex 82 135.79 30
      vertex 80.1471 137.413 30
    endloop
  endfacet
  facet normal -0 0 1
    outer loop
      vertex 80.2187 137.621 30
      vertex 82 135.79 30
      vertex 80.2376 137.692 30
    endloop
  endfacet
  facet normal 0 0 1
    outer loop
      vertex 84 138 30
      vertex 80.2885 137.98 30
      vertex 80.2796 137.908 30
    endloop
  endfacet
  facet normal 0 0 1
    outer loop
      vertex 83.9671 138.627 30
      vertex 80.2949 138.346 30
      vertex 80.2987 138.273 30
    endloop
  endfacet
  facet normal 0 0 1
    outer loop
      vertex 83.8689 139.247 30
      vertex 80.2681 138.565 30
      vertex 80.2796 138.492 30
    endloop
  endfacet
  facet normal 0 0 1
    outer loop
      vertex 83.8218 139.452 30
      vertex 80.2541 138.637 30
      vertex 80.2681 138.565 30
    endloop
  endfacet
  facet normal 0 0 1
    outer loop
      vertex 78.9867 140.147 30
      vertex 80.4404 143.481 30
      vertex 80.2476 143.563 30
    endloop
  endfacet
  facet normal 0 0 1
    outer loop
      vertex 83.7676 139.654 30
      vertex 80.2376 138.708 30
      vertex 80.2541 138.637 30
    endloop
  endfacet
  facet normal 0 0 1
    outer loop
      vertex 83.7063 139.854 30
      vertex 80.2187 138.779 30
      vertex 80.2376 138.708 30
    endloop
  endfacet
  facet normal 0 0 1
    outer loop
      vertex 83.6382 140.052 30
      vertex 80.1972 138.849 30
      vertex 80.2187 138.779 30
    endloop
  endfacet
  facet normal 0 0 1
    outer loop
      vertex 83.6382 140.052 30
      vertex 80.1734 138.918 30
      vertex 80.1972 138.849 30
    endloop
  endfacet
  facet normal 0 0 1
    outer loop
      vertex 83.5631 140.248 30
      vertex 80.1471 138.987 30
      vertex 80.1734 138.918 30
    endloop
  endfacet
  facet normal 0 0 1
    outer loop
      vertex 83.4813 140.44 30
      vertex 80.1184 139.054 30
      vertex 80.1471 138.987 30
    endloop
  endfacet
  facet normal 0 0 1
    outer loop
      vertex 83.3928 140.63 30
      vertex 80.0875 139.121 30
      vertex 80.1184 139.054 30
    endloop
  endfacet
  facet normal 0 0 1
    outer loop
      vertex 83.2977 140.817 30
      vertex 80.0542 139.186 30
      vertex 80.0875 139.121 30
    endloop
  endfacet
  facet normal 0 0 1
    outer loop
      vertex 78.9182 140.173 30
      vertex 80.2476 143.563 30
      vertex 80.0521 143.638 30
    endloop
  endfacet
  facet normal 0 0 1
    outer loop
      vertex 83.1962 141 30
      vertex 80.0187 139.25 30
      vertex 80.0542 139.186 30
    endloop
  endfacet
  facet normal 0 0 1
    outer loop
      vertex 83.0883 141.18 30
      vertex 79.9809 139.313 30
      vertex 80.0187 139.25 30
    endloop
  endfacet
  facet normal 0 0 1
    outer loop
      vertex 82.9742 141.355 30
      vertex 79.941 139.374 30
      vertex 79.9809 139.313 30
    endloop
  endfacet
  facet normal 0 0 1
    outer loop
      vertex 82.8541 141.527 30
      vertex 79.8989 139.434 30
      vertex 79.941 139.374 30
    endloop
  endfacet
  facet normal 0 0 1
    outer loop
      vertex 82.7281 141.694 30
      vertex 79.8548 139.493 30
      vertex 79.8989 139.434 30
    endloop
  endfacet
  facet normal 0 0 1
    outer loop
      vertex 78.8489 140.197 30
      vertex 80.0521 143.638 30
      vertex 79.8541 143.706 30
    endloop
  endfacet
  facet normal 0 0 1
    outer loop
      vertex 82.5963 141.857 30
      vertex 79.8087 139.55 30
      vertex 79.8548 139.493 30
    endloop
  endfacet
  facet normal 0 0 1
    outer loop
      vertex 82.4589 142.015 30
      vertex 79.7606 139.605 30
      vertex 79.8087 139.55 30
    endloop
  endfacet
  facet normal 0 0 1
    outer loop
      vertex 82.316 142.168 30
      vertex 79.7106 139.659 30
      vertex 79.7606 139.605 30
    endloop
  endfacet
  facet normal 0 0 1
    outer loop
      vertex 82.168 142.316 30
      vertex 79.6588 139.711 30
      vertex 79.7106 139.659 30
    endloop
  endfacet
  facet normal 0 0 1
    outer loop
      vertex 78.7788 140.219 30
      vertex 79.8541 143.706 30
      vertex 79.6538 143.768 30
    endloop
  endfacet
  facet normal 0 0 1
    outer loop
      vertex 82.0148 142.459 30
      vertex 79.6052 139.761 30
      vertex 79.6588 139.711 30
    endloop
  endfacet
  facet normal 0 0 1
    outer loop
      vertex 82.0148 142.459 30
      vertex 79.5499 139.809 30
      vertex 79.6052 139.761 30
    endloop
  endfacet
  facet normal 0 0 1
    outer loop
      vertex 81.8567 142.596 30
      vertex 79.4929 139.855 30
      vertex 79.5499 139.809 30
    endloop
  endfacet
  facet normal 0 0 1
    outer loop
      vertex 78.708 140.238 30
      vertex 79.6538 143.768 30
      vertex 79.4515 143.822 30
    endloop
  endfacet
  facet normal 0 0 1
    outer loop
      vertex 81.694 142.728 30
      vertex 79.4343 139.899 30
      vertex 79.4929 139.855 30
    endloop
  endfacet
  facet normal 0 0 1
    outer loop
      vertex 81.5267 142.854 30
      vertex 79.3743 139.941 30
      vertex 79.4343 139.899 30
    endloop
  endfacet
  facet normal 0 0 1
    outer loop
      vertex 81.3552 142.974 30
      vertex 79.3128 139.981 30
      vertex 79.3743 139.941 30
    endloop
  endfacet
  facet normal 0 0 1
    outer loop
      vertex 81.1795 143.088 30
      vertex 79.25 140.019 30
      vertex 79.3128 139.981 30
    endloop
  endfacet
  facet normal 0 0 1
    outer loop
      vertex 78.6366 140.254 30
      vertex 79.4515 143.822 30
      vertex 79.2475 143.869 30
    endloop
  endfacet
  facet normal 0 0 1
    outer loop
      vertex 81 143.196 30
      vertex 79.1859 140.054 30
      vertex 79.25 140.019 30
    endloop
  endfacet
  facet normal 0 0 1
    outer loop
      vertex 80.8168 143.298 30
      vertex 79.1206 140.087 30
      vertex 79.1859 140.054 30
    endloop
  endfacet
  facet normal 0 0 1
    outer loop
      vertex 80.6302 143.393 30
      vertex 79.0541 140.118 30
      vertex 79.1206 140.087 30
    endloop
  endfacet
  facet normal 0 0 1
    outer loop
      vertex 78.4923 140.28 30
      vertex 79.2475 143.869 30
      vertex 79.0419 143.909 30
    endloop
  endfacet
  facet normal 0 0 1
    outer loop
      vertex 80.4404 143.481 30
      vertex 78.9867 140.147 30
      vertex 79.0541 140.118 30
    endloop
  endfacet
  facet normal 0 0 1
    outer loop
      vertex 80.2476 143.563 30
      vertex 78.9182 140.173 30
      vertex 78.9867 140.147 30
    endloop
  endfacet
  facet normal 0 0 1
    outer loop
      vertex 80.0521 143.638 30
      vertex 78.8489 140.197 30
      vertex 78.9182 140.173 30
    endloop
  endfacet
  facet normal 0 0 1
    outer loop
      vertex 78.4195 140.288 30
      vertex 79.0419 143.909 30
      vertex 78.835 143.942 30
    endloop
  endfacet
  facet normal 0 0 1
    outer loop
      vertex 79.8541 143.706 30
      vertex 78.7788 140.219 30
      vertex 78.8489 140.197 30
    endloop
  endfacet
  facet normal 0 0 1
    outer loop
      vertex 79.6538 143.768 30
      vertex 78.708 140.238 30
      vertex 78.7788 140.219 30
    endloop
  endfacet
  facet normal 0 0 1
    outer loop
      vertex 79.4515 143.822 30
      vertex 78.6366 140.254 30
      vertex 78.708 140.238 30
    endloop
  endfacet
  facet normal 0 0 1
    outer loop
      vertex 78.3465 140.295 30
      vertex 78.835 143.942 30
      vertex 78.6272 143.967 30
    endloop
  endfacet
  facet normal 0 0 1
    outer loop
      vertex 79.2475 143.869 30
      vertex 78.5647 140.268 30
      vertex 78.6366 140.254 30
    endloop
  endfacet
  facet normal 0 0 1
    outer loop
      vertex 79.2475 143.869 30
      vertex 78.4923 140.28 30
      vertex 78.5647 140.268 30
    endloop
  endfacet
  facet normal 0 0 1
    outer loop
      vertex 79.0419 143.909 30
      vertex 78.4195 140.288 30
      vertex 78.4923 140.28 30
    endloop
  endfacet
  facet normal 0 0 1
    outer loop
      vertex 78.2733 140.299 30
      vertex 78.6272 143.967 30
      vertex 78.4185 143.985 30
    endloop
  endfacet
  facet normal 0 0 1
    outer loop
      vertex 78.835 143.942 30
      vertex 78.3465 140.295 30
      vertex 78.4195 140.288 30
    endloop
  endfacet
  facet normal 0 0 1
    outer loop
      vertex 78.6272 143.967 30
      vertex 78.2733 140.299 30
      vertex 78.3465 140.295 30
    endloop
  endfacet
  facet normal 0 0 1
    outer loop
      vertex 78.2 140.3 30
      vertex 78.4185 143.985 30
      vertex 78.2094 143.996 30
    endloop
  endfacet
  facet normal 0 0 1
    outer loop
      vertex 78.4185 143.985 30
      vertex 78.2 140.3 30
      vertex 78.2733 140.299 30
    endloop
  endfacet
  facet normal 0 0 1
    outer loop
      vertex 78.2094 143.996 30
      vertex 78.1267 140.299 30
      vertex 78.2 140.3 30
    endloop
  endfacet
  facet normal 0 0 1
    outer loop
      vertex 78 144 30
      vertex 78.1267 140.299 30
      vertex 78.2094 143.996 30
    endloop
  endfacet
  facet normal 0 0 1
    outer loop
      vertex 78.1267 140.299 30
      vertex 78 144 30
      vertex 78.0535 140.295 30
    endloop
  endfacet
  facet normal 0 0 1
    outer loop
      vertex 78 144 30
      vertex 77.9805 140.288 30
      vertex 78.0535 140.295 30
    endloop
  endfacet
  facet normal 0 0 1
    outer loop
      vertex 78 144 30
      vertex 77.9077 140.28 30
      vertex 77.9805 140.288 30
    endloop
  endfacet
  facet normal -0 0 1
    outer loop
      vertex 75.7904 142 30
      vertex 77.9077 140.28 30
      vertex 78 144 30
    endloop
  endfacet
  facet normal 0 0 1
    outer loop
      vertex 77.9077 140.28 30
      vertex 75.7904 142 30
      vertex 77.8353 140.268 30
    endloop
  endfacet
  facet normal 0 0 1
    outer loop
      vertex 77.8353 140.268 30
      vertex 75.7904 142 30
      vertex 77.7634 140.254 30
    endloop
  endfacet
  facet normal 0 0 1
    outer loop
      vertex 77.7634 140.254 30
      vertex 75.7904 142 30
      vertex 77.692 140.238 30
    endloop
  endfacet
  facet normal 0 0 1
    outer loop
      vertex 77.692 140.238 30
      vertex 75.7904 142 30
      vertex 77.6212 140.219 30
    endloop
  endfacet
  facet normal 0 0 1
    outer loop
      vertex 77.6212 140.219 30
      vertex 75.7904 142 30
      vertex 77.5511 140.197 30
    endloop
  endfacet
  facet normal 0 0 1
    outer loop
      vertex 77.5511 140.197 30
      vertex 75.7904 142 30
      vertex 77.4818 140.173 30
    endloop
  endfacet
  facet normal 0 0 1
    outer loop
      vertex 77.4818 140.173 30
      vertex 75.7904 142 30
      vertex 77.4133 140.147 30
    endloop
  endfacet
  facet normal 0 0 1
    outer loop
      vertex 77.4133 140.147 30
      vertex 75.7904 142 30
      vertex 77.3459 140.118 30
    endloop
  endfacet
  facet normal 0 0 1
    outer loop
      vertex 77.3459 140.118 30
      vertex 75.7904 142 30
      vertex 77.2794 140.087 30
    endloop
  endfacet
  facet normal 0 0 1
    outer loop
      vertex 77.2794 140.087 30
      vertex 75.7904 142 30
      vertex 77.2141 140.054 30
    endloop
  endfacet
  facet normal 0 0 1
    outer loop
      vertex 77.2141 140.054 30
      vertex 75.7904 142 30
      vertex 77.15 140.019 30
    endloop
  endfacet
  facet normal 0 0 1
    outer loop
      vertex 77.15 140.019 30
      vertex 75.7904 142 30
      vertex 77.0872 139.981 30
    endloop
  endfacet
  facet normal 0 0 1
    outer loop
      vertex 77.0872 139.981 30
      vertex 75.7904 142 30
      vertex 77.0257 139.941 30
    endloop
  endfacet
  facet normal -0 0 1
    outer loop
      vertex 75.6836 141.931 30
      vertex 77.0257 139.941 30
      vertex 75.7904 142 30
    endloop
  endfacet
  facet normal 0 0 1
    outer loop
      vertex 77.0257 139.941 30
      vertex 75.6836 141.931 30
      vertex 76.9657 139.899 30
    endloop
  endfacet
  facet normal -0 0 1
    outer loop
      vertex 75.555 141.841 30
      vertex 76.9657 139.899 30
      vertex 75.6836 141.931 30
    endloop
  endfacet
  facet normal 0 0 1
    outer loop
      vertex 76.9657 139.899 30
      vertex 75.555 141.841 30
      vertex 76.9071 139.855 30
    endloop
  endfacet
  facet normal -0 0 1
    outer loop
      vertex 75.4295 141.746 30
      vertex 76.9071 139.855 30
      vertex 75.555 141.841 30
    endloop
  endfacet
  facet normal 0 0 1
    outer loop
      vertex 76.9071 139.855 30
      vertex 75.4295 141.746 30
      vertex 76.8501 139.809 30
    endloop
  endfacet
  facet normal -0 0 1
    outer loop
      vertex 75.3075 141.647 30
      vertex 76.8501 139.809 30
      vertex 75.4295 141.746 30
    endloop
  endfacet
  facet normal 0 0 1
    outer loop
      vertex 76.8501 139.809 30
      vertex 75.3075 141.647 30
      vertex 76.7948 139.761 30
    endloop
  endfacet
  facet normal -0 0 1
    outer loop
      vertex 75.1889 141.544 30
      vertex 76.7948 139.761 30
      vertex 75.3075 141.647 30
    endloop
  endfacet
  facet normal 0 0 1
    outer loop
      vertex 76.7948 139.761 30
      vertex 75.1889 141.544 30
      vertex 76.7412 139.711 30
    endloop
  endfacet
  facet normal -0 0 1
    outer loop
      vertex 75.074 141.437 30
      vertex 76.7412 139.711 30
      vertex 75.1889 141.544 30
    endloop
  endfacet
  facet normal 0 0 1
    outer loop
      vertex 76.7412 139.711 30
      vertex 75.074 141.437 30
      vertex 76.6894 139.659 30
    endloop
  endfacet
  facet normal -0 0 1
    outer loop
      vertex 74.963 141.326 30
      vertex 76.6894 139.659 30
      vertex 75.074 141.437 30
    endloop
  endfacet
  facet normal 0 0 1
    outer loop
      vertex 76.6894 139.659 30
      vertex 74.963 141.326 30
      vertex 76.6394 139.605 30
    endloop
  endfacet
  facet normal -0 0 1
    outer loop
      vertex 74.8559 141.211 30
      vertex 76.6394 139.605 30
      vertex 74.963 141.326 30
    endloop
  endfacet
  facet normal 0 0 1
    outer loop
      vertex 76.6394 139.605 30
      vertex 74.8559 141.211 30
      vertex 76.5913 139.55 30
    endloop
  endfacet
  facet normal -0 0 1
    outer loop
      vertex 74.7528 141.093 30
      vertex 76.5913 139.55 30
      vertex 74.8559 141.211 30
    endloop
  endfacet
  facet normal 0 0 1
    outer loop
      vertex 77.15 136.381 30
      vertex 75.95 134.303 30
      vertex 76.0874 134.227 30
    endloop
  endfacet
  facet normal 0 0 1
    outer loop
      vertex 76.3813 139.25 30
      vertex 74.3029 140.45 30
      vertex 76.3458 139.186 30
    endloop
  endfacet
  facet normal 0 0 1
    outer loop
      vertex 76.1013 138.127 30
      vertex 75.8154 134.384 30
      vertex 75.95 134.303 30
    endloop
  endfacet
  facet normal -0 0 1
    outer loop
      vertex 74.3029 140.45 30
      vertex 76.3813 139.25 30
      vertex 74.3838 140.585 30
    endloop
  endfacet
  facet normal -0 0 1
    outer loop
      vertex 74.2267 140.313 30
      vertex 76.3458 139.186 30
      vertex 74.3029 140.45 30
    endloop
  endfacet
  facet normal 0 0 1
    outer loop
      vertex 76.4191 139.313 30
      vertex 74.3838 140.585 30
      vertex 76.3813 139.25 30
    endloop
  endfacet
  facet normal -0 0 1
    outer loop
      vertex 74.3838 140.585 30
      vertex 76.4191 139.313 30
      vertex 74.4693 140.716 30
    endloop
  endfacet
  facet normal 0 0 1
    outer loop
      vertex 76.459 139.374 30
      vertex 74.4693 140.716 30
      vertex 76.4191 139.313 30
    endloop
  endfacet
  facet normal -0 0 1
    outer loop
      vertex 74.4693 140.716 30
      vertex 76.459 139.374 30
      vertex 74.5594 140.845 30
    endloop
  endfacet
  facet normal 0 0 1
    outer loop
      vertex 76.5011 139.434 30
      vertex 74.5594 140.845 30
      vertex 76.459 139.374 30
    endloop
  endfacet
  facet normal -0 0 1
    outer loop
      vertex 74.5594 140.845 30
      vertex 76.5011 139.434 30
      vertex 74.654 140.97 30
    endloop
  endfacet
  facet normal 0 0 1
    outer loop
      vertex 76.5452 139.493 30
      vertex 74.654 140.97 30
      vertex 76.5011 139.434 30
    endloop
  endfacet
  facet normal -0 0 1
    outer loop
      vertex 74.654 140.97 30
      vertex 76.5452 139.493 30
      vertex 74.7528 141.093 30
    endloop
  endfacet
  facet normal 0 0 1
    outer loop
      vertex 76.5913 139.55 30
      vertex 74.7528 141.093 30
      vertex 76.5452 139.493 30
    endloop
  endfacet
  facet normal 0 0 1
    outer loop
      vertex 78 144 30
      vertex 8.20961 142 30
      vertex 75.7904 142 30
    endloop
  endfacet
  facet normal 0 0 1
    outer loop
      vertex 9.77326 136.087 30
      vertex 7.65419 137.214 30
      vertex 9.69711 135.95 30
    endloop
  endfacet
  facet normal -0 0 1
    outer loop
      vertex 7.61865 137.15 30
      vertex 9.69711 135.95 30
      vertex 7.65419 137.214 30
    endloop
  endfacet
  facet normal 0 0 1
    outer loop
      vertex 9.69711 135.95 30
      vertex 7.61865 137.15 30
      vertex 9.61622 135.815 30
    endloop
  endfacet
  facet normal 0 0 1
    outer loop
      vertex 10.2973 138.357 30
      vertex 7.89872 138.273 30
      vertex 7.9 138.2 30
    endloop
  endfacet
  facet normal 0 0 1
    outer loop
      vertex 10.289 138.514 30
      vertex 7.89488 138.346 30
      vertex 7.89872 138.273 30
    endloop
  endfacet
  facet normal 0 0 1
    outer loop
      vertex 10.2753 138.67 30
      vertex 7.8885 138.42 30
      vertex 7.89488 138.346 30
    endloop
  endfacet
  facet normal 0 0 1
    outer loop
      vertex 10.2562 138.826 30
      vertex 7.87956 138.492 30
      vertex 7.8885 138.42 30
    endloop
  endfacet
  facet normal 0 0 1
    outer loop
      vertex 10.2316 138.981 30
      vertex 7.8681 138.565 30
      vertex 7.87956 138.492 30
    endloop
  endfacet
  facet normal 0 0 1
    outer loop
      vertex 10.2017 139.136 30
      vertex 7.85411 138.637 30
      vertex 7.8681 138.565 30
    endloop
  endfacet
  facet normal 0 0 1
    outer loop
      vertex 10.1663 139.289 30
      vertex 7.83762 138.708 30
      vertex 7.85411 138.637 30
    endloop
  endfacet
  facet normal 0 0 1
    outer loop
      vertex 10.1257 139.44 30
      vertex 7.81865 138.779 30
      vertex 7.83762 138.708 30
    endloop
  endfacet
  facet normal 0 0 1
    outer loop
      vertex 10.0798 139.591 30
      vertex 7.79722 138.849 30
      vertex 7.81865 138.779 30
    endloop
  endfacet
  facet normal 0 0 1
    outer loop
      vertex 10.0286 139.739 30
      vertex 7.77335 138.918 30
      vertex 7.79722 138.849 30
    endloop
  endfacet
  facet normal 0 0 1
    outer loop
      vertex 9.97233 139.886 30
      vertex 7.74709 138.987 30
      vertex 7.77335 138.918 30
    endloop
  endfacet
  facet normal 0 0 1
    outer loop
      vertex 9.91095 140.03 30
      vertex 7.71844 139.054 30
      vertex 7.74709 138.987 30
    endloop
  endfacet
  facet normal 0 0 1
    outer loop
      vertex 9.84457 140.173 30
      vertex 7.68747 139.121 30
      vertex 7.71844 139.054 30
    endloop
  endfacet
  facet normal 0 0 1
    outer loop
      vertex 9.77326 140.313 30
      vertex 7.65419 139.186 30
      vertex 7.68747 139.121 30
    endloop
  endfacet
  facet normal 0 0 1
    outer loop
      vertex 9.69711 140.45 30
      vertex 7.61865 139.25 30
      vertex 7.65419 139.186 30
    endloop
  endfacet
  facet normal 0 0 1
    outer loop
      vertex 9.61622 140.585 30
      vertex 7.5809 139.313 30
      vertex 7.61865 139.25 30
    endloop
  endfacet
  facet normal 0 0 1
    outer loop
      vertex 9.53067 140.716 30
      vertex 7.54098 139.374 30
      vertex 7.5809 139.313 30
    endloop
  endfacet
  facet normal 0 0 1
    outer loop
      vertex 9.44058 140.845 30
      vertex 7.49893 139.434 30
      vertex 7.54098 139.374 30
    endloop
  endfacet
  facet normal 0 0 1
    outer loop
      vertex 9.34605 140.97 30
      vertex 7.45482 139.493 30
      vertex 7.49893 139.434 30
    endloop
  endfacet
  facet normal 0 0 1
    outer loop
      vertex 9.2472 141.093 30
      vertex 7.40869 139.55 30
      vertex 7.45482 139.493 30
    endloop
  endfacet
  facet normal 0 0 1
    outer loop
      vertex 9.14415 141.211 30
      vertex 7.3606 139.605 30
      vertex 7.40869 139.55 30
    endloop
  endfacet
  facet normal 0 0 1
    outer loop
      vertex 9.03703 141.326 30
      vertex 7.31061 139.659 30
      vertex 7.3606 139.605 30
    endloop
  endfacet
  facet normal 0 0 1
    outer loop
      vertex 8.92596 141.437 30
      vertex 7.25878 139.711 30
      vertex 7.31061 139.659 30
    endloop
  endfacet
  facet normal 0 0 1
    outer loop
      vertex 8.81109 141.544 30
      vertex 7.20517 139.761 30
      vertex 7.25878 139.711 30
    endloop
  endfacet
  facet normal 0 0 1
    outer loop
      vertex 8.69254 141.647 30
      vertex 7.14985 139.809 30
      vertex 7.20517 139.761 30
    endloop
  endfacet
  facet normal 0 0 1
    outer loop
      vertex 8.57048 141.746 30
      vertex 7.09289 139.855 30
      vertex 7.14985 139.809 30
    endloop
  endfacet
  facet normal 0 0 1
    outer loop
      vertex 8.44503 141.841 30
      vertex 7.03435 139.899 30
      vertex 7.09289 139.855 30
    endloop
  endfacet
  facet normal 0 0 1
    outer loop
      vertex 8.31637 141.931 30
      vertex 6.9743 139.941 30
      vertex 7.03435 139.899 30
    endloop
  endfacet
  facet normal 0 0 1
    outer loop
      vertex 8.20961 142 30
      vertex 6.91283 139.981 30
      vertex 6.9743 139.941 30
    endloop
  endfacet
  facet normal 0 0 1
    outer loop
      vertex 8.20961 142 30
      vertex 6.85 140.019 30
      vertex 6.91283 139.981 30
    endloop
  endfacet
  facet normal 0 0 1
    outer loop
      vertex 8.20961 142 30
      vertex 6.78589 140.054 30
      vertex 6.85 140.019 30
    endloop
  endfacet
  facet normal 0 0 1
    outer loop
      vertex 8.20961 142 30
      vertex 6.72058 140.087 30
      vertex 6.78589 140.054 30
    endloop
  endfacet
  facet normal 0 0 1
    outer loop
      vertex 8.20961 142 30
      vertex 6.65415 140.118 30
      vertex 6.72058 140.087 30
    endloop
  endfacet
  facet normal 0 0 1
    outer loop
      vertex 8.20961 142 30
      vertex 6.58667 140.147 30
      vertex 6.65415 140.118 30
    endloop
  endfacet
  facet normal 0 0 1
    outer loop
      vertex 8.20961 142 30
      vertex 6.51824 140.173 30
      vertex 6.58667 140.147 30
    endloop
  endfacet
  facet normal 0 0 1
    outer loop
      vertex 8.20961 142 30
      vertex 6.44894 140.197 30
      vertex 6.51824 140.173 30
    endloop
  endfacet
  facet normal 0 0 1
    outer loop
      vertex 8.20961 142 30
      vertex 6.37884 140.219 30
      vertex 6.44894 140.197 30
    endloop
  endfacet
  facet normal 0 0 1
    outer loop
      vertex 8.20961 142 30
      vertex 6.30804 140.238 30
      vertex 6.37884 140.219 30
    endloop
  endfacet
  facet normal 0 0 1
    outer loop
      vertex 8.20961 142 30
      vertex 6.23661 140.254 30
      vertex 6.30804 140.238 30
    endloop
  endfacet
  facet normal 0 0 1
    outer loop
      vertex 8.20961 142 30
      vertex 6.16466 140.268 30
      vertex 6.23661 140.254 30
    endloop
  endfacet
  facet normal 0 0 1
    outer loop
      vertex 8.20961 142 30
      vertex 6.09226 140.28 30
      vertex 6.16466 140.268 30
    endloop
  endfacet
  facet normal 0 0 1
    outer loop
      vertex 6 144 30
      vertex 6.09226 140.28 30
      vertex 8.20961 142 30
    endloop
  endfacet
  facet normal -0 0 1
    outer loop
      vertex 6 144 30
      vertex 8.20961 142 30
      vertex 78 144 30
    endloop
  endfacet
  facet normal 0 0 1
    outer loop
      vertex 6.09226 140.28 30
      vertex 6 144 30
      vertex 6.01951 140.288 30
    endloop
  endfacet
  facet normal 0 0 1
    outer loop
      vertex 6 144 30
      vertex 5.94649 140.295 30
      vertex 6.01951 140.288 30
    endloop
  endfacet
  facet normal 0 0 1
    outer loop
      vertex 6 144 30
      vertex 5.87329 140.299 30
      vertex 5.94649 140.295 30
    endloop
  endfacet
  facet normal -0 0 1
    outer loop
      vertex 5.7906 143.996 30
      vertex 5.87329 140.299 30
      vertex 6 144 30
    endloop
  endfacet
  facet normal 0 0 1
    outer loop
      vertex 5.87329 140.299 30
      vertex 5.7906 143.996 30
      vertex 5.8 140.3 30
    endloop
  endfacet
  facet normal -0 0 1
    outer loop
      vertex 5.58146 143.985 30
      vertex 5.8 140.3 30
      vertex 5.7906 143.996 30
    endloop
  endfacet
  facet normal 0 0 1
    outer loop
      vertex 5.8 140.3 30
      vertex 5.58146 143.985 30
      vertex 5.72671 140.299 30
    endloop
  endfacet
  facet normal -0 0 1
    outer loop
      vertex 5.37283 143.967 30
      vertex 5.72671 140.299 30
      vertex 5.58146 143.985 30
    endloop
  endfacet
  facet normal 0 0 1
    outer loop
      vertex 5.72671 140.299 30
      vertex 5.37283 143.967 30
      vertex 5.65351 140.295 30
    endloop
  endfacet
  facet normal -0 0 1
    outer loop
      vertex 5.16496 143.942 30
      vertex 5.65351 140.295 30
      vertex 5.37283 143.967 30
    endloop
  endfacet
  facet normal 0 0 1
    outer loop
      vertex 5.65351 140.295 30
      vertex 5.16496 143.942 30
      vertex 5.58049 140.288 30
    endloop
  endfacet
  facet normal -0 0 1
    outer loop
      vertex 4.95811 143.909 30
      vertex 5.58049 140.288 30
      vertex 5.16496 143.942 30
    endloop
  endfacet
  facet normal 0 0 1
    outer loop
      vertex 5.58049 140.288 30
      vertex 4.95811 143.909 30
      vertex 5.50774 140.28 30
    endloop
  endfacet
  facet normal -0 0 1
    outer loop
      vertex 4.75253 143.869 30
      vertex 5.50774 140.28 30
      vertex 4.95811 143.909 30
    endloop
  endfacet
  facet normal 0 0 1
    outer loop
      vertex 5.50774 140.28 30
      vertex 4.75253 143.869 30
      vertex 5.43534 140.268 30
    endloop
  endfacet
  facet normal 0 0 1
    outer loop
      vertex 5.43534 140.268 30
      vertex 4.75253 143.869 30
      vertex 5.36339 140.254 30
    endloop
  endfacet
  facet normal -0 0 1
    outer loop
      vertex 4.54847 143.822 30
      vertex 5.36339 140.254 30
      vertex 4.75253 143.869 30
    endloop
  endfacet
  facet normal 0 0 1
    outer loop
      vertex 5.36339 140.254 30
      vertex 4.54847 143.822 30
      vertex 5.29196 140.238 30
    endloop
  endfacet
  facet normal -0 0 1
    outer loop
      vertex 4.34618 143.768 30
      vertex 5.29196 140.238 30
      vertex 4.54847 143.822 30
    endloop
  endfacet
  facet normal 0 0 1
    outer loop
      vertex 5.29196 140.238 30
      vertex 4.34618 143.768 30
      vertex 5.22116 140.219 30
    endloop
  endfacet
  facet normal -0 0 1
    outer loop
      vertex 4.1459 143.706 30
      vertex 5.22116 140.219 30
      vertex 4.34618 143.768 30
    endloop
  endfacet
  facet normal 0 0 1
    outer loop
      vertex 5.22116 140.219 30
      vertex 4.1459 143.706 30
      vertex 5.15106 140.197 30
    endloop
  endfacet
  facet normal -0 0 1
    outer loop
      vertex 3.94788 143.638 30
      vertex 5.15106 140.197 30
      vertex 4.1459 143.706 30
    endloop
  endfacet
  facet normal 0 0 1
    outer loop
      vertex 5.15106 140.197 30
      vertex 3.94788 143.638 30
      vertex 5.08176 140.173 30
    endloop
  endfacet
  facet normal -0 0 1
    outer loop
      vertex 3.75236 143.563 30
      vertex 5.08176 140.173 30
      vertex 3.94788 143.638 30
    endloop
  endfacet
  facet normal 0 0 1
    outer loop
      vertex 5.08176 140.173 30
      vertex 3.75236 143.563 30
      vertex 5.01333 140.147 30
    endloop
  endfacet
  facet normal -0 0 1
    outer loop
      vertex 3.55958 143.481 30
      vertex 5.01333 140.147 30
      vertex 3.75236 143.563 30
    endloop
  endfacet
  facet normal 0 0 1
    outer loop
      vertex 5.01333 140.147 30
      vertex 3.55958 143.481 30
      vertex 4.94585 140.118 30
    endloop
  endfacet
  facet normal -0 0 1
    outer loop
      vertex 3.36977 143.393 30
      vertex 4.94585 140.118 30
      vertex 3.55958 143.481 30
    endloop
  endfacet
  facet normal 0 0 1
    outer loop
      vertex 4.94585 140.118 30
      vertex 3.36977 143.393 30
      vertex 4.87942 140.087 30
    endloop
  endfacet
  facet normal -0 0 1
    outer loop
      vertex 3.18317 143.298 30
      vertex 4.87942 140.087 30
      vertex 3.36977 143.393 30
    endloop
  endfacet
  facet normal 0 0 1
    outer loop
      vertex 4.87942 140.087 30
      vertex 3.18317 143.298 30
      vertex 4.81411 140.054 30
    endloop
  endfacet
  facet normal -0 0 1
    outer loop
      vertex 3 143.196 30
      vertex 4.81411 140.054 30
      vertex 3.18317 143.298 30
    endloop
  endfacet
  facet normal 0 0 1
    outer loop
      vertex 4.81411 140.054 30
      vertex 3 143.196 30
      vertex 4.75 140.019 30
    endloop
  endfacet
  facet normal -0 0 1
    outer loop
      vertex 2.82048 143.088 30
      vertex 4.75 140.019 30
      vertex 3 143.196 30
    endloop
  endfacet
  facet normal 0 0 1
    outer loop
      vertex 4.75 140.019 30
      vertex 2.82048 143.088 30
      vertex 4.68717 139.981 30
    endloop
  endfacet
  facet normal -0 0 1
    outer loop
      vertex 2.64484 142.974 30
      vertex 4.68717 139.981 30
      vertex 2.82048 143.088 30
    endloop
  endfacet
  facet normal 0 0 1
    outer loop
      vertex 4.68717 139.981 30
      vertex 2.64484 142.974 30
      vertex 4.62569 139.941 30
    endloop
  endfacet
  facet normal -0 0 1
    outer loop
      vertex 2.47329 142.854 30
      vertex 4.62569 139.941 30
      vertex 2.64484 142.974 30
    endloop
  endfacet
  facet normal 0 0 1
    outer loop
      vertex 4.62569 139.941 30
      vertex 2.47329 142.854 30
      vertex 4.56565 139.899 30
    endloop
  endfacet
  facet normal -0 0 1
    outer loop
      vertex 2.30603 142.728 30
      vertex 4.56565 139.899 30
      vertex 2.47329 142.854 30
    endloop
  endfacet
  facet normal 0 0 1
    outer loop
      vertex 4.56565 139.899 30
      vertex 2.30603 142.728 30
      vertex 4.50711 139.855 30
    endloop
  endfacet
  facet normal -0 0 1
    outer loop
      vertex 2.14327 142.596 30
      vertex 4.50711 139.855 30
      vertex 2.30603 142.728 30
    endloop
  endfacet
  facet normal 0 0 1
    outer loop
      vertex 4.50711 139.855 30
      vertex 2.14327 142.596 30
      vertex 4.45015 139.809 30
    endloop
  endfacet
  facet normal -0 0 1
    outer loop
      vertex 1.98522 142.459 30
      vertex 4.45015 139.809 30
      vertex 2.14327 142.596 30
    endloop
  endfacet
  facet normal 0 0 1
    outer loop
      vertex 4.45015 139.809 30
      vertex 1.98522 142.459 30
      vertex 4.39482 139.761 30
    endloop
  endfacet
  facet normal 0 0 1
    outer loop
      vertex 4.39482 139.761 30
      vertex 1.98522 142.459 30
      vertex 4.34122 139.711 30
    endloop
  endfacet
  facet normal -0 0 1
    outer loop
      vertex 1.83205 142.316 30
      vertex 4.34122 139.711 30
      vertex 1.98522 142.459 30
    endloop
  endfacet
  facet normal 0 0 1
    outer loop
      vertex 4.34122 139.711 30
      vertex 1.83205 142.316 30
      vertex 4.28939 139.659 30
    endloop
  endfacet
  facet normal -0 0 1
    outer loop
      vertex 1.68396 142.168 30
      vertex 4.28939 139.659 30
      vertex 1.83205 142.316 30
    endloop
  endfacet
  facet normal 0 0 1
    outer loop
      vertex 4.28939 139.659 30
      vertex 1.68396 142.168 30
      vertex 4.2394 139.605 30
    endloop
  endfacet
  facet normal -0 0 1
    outer loop
      vertex 1.54113 142.015 30
      vertex 4.2394 139.605 30
      vertex 1.68396 142.168 30
    endloop
  endfacet
  facet normal 0 0 1
    outer loop
      vertex 4.2394 139.605 30
      vertex 1.54113 142.015 30
      vertex 4.19131 139.55 30
    endloop
  endfacet
  facet normal -0 0 1
    outer loop
      vertex 1.40373 141.857 30
      vertex 4.19131 139.55 30
      vertex 1.54113 142.015 30
    endloop
  endfacet
  facet normal 0 0 1
    outer loop
      vertex 4.19131 139.55 30
      vertex 1.40373 141.857 30
      vertex 4.14518 139.493 30
    endloop
  endfacet
  facet normal -0 0 1
    outer loop
      vertex 1.27194 141.694 30
      vertex 4.14518 139.493 30
      vertex 1.40373 141.857 30
    endloop
  endfacet
  facet normal 0 0 1
    outer loop
      vertex 4.14518 139.493 30
      vertex 1.27194 141.694 30
      vertex 4.10106 139.434 30
    endloop
  endfacet
  facet normal -0 0 1
    outer loop
      vertex 1.1459 141.527 30
      vertex 4.10106 139.434 30
      vertex 1.27194 141.694 30
    endloop
  endfacet
  facet normal 0 0 1
    outer loop
      vertex 4.10106 139.434 30
      vertex 1.1459 141.527 30
      vertex 4.05902 139.374 30
    endloop
  endfacet
  facet normal -0 0 1
    outer loop
      vertex 1.02577 141.355 30
      vertex 4.05902 139.374 30
      vertex 1.1459 141.527 30
    endloop
  endfacet
  facet normal 0 0 1
    outer loop
      vertex 4.05902 139.374 30
      vertex 1.02577 141.355 30
      vertex 4.0191 139.313 30
    endloop
  endfacet
  facet normal -0 0 1
    outer loop
      vertex 0.911711 141.18 30
      vertex 4.0191 139.313 30
      vertex 1.02577 141.355 30
    endloop
  endfacet
  facet normal 0 0 1
    outer loop
      vertex 4.05902 137.026 30
      vertex 2 135.79 30
      vertex 2.06933 135.684 30
    endloop
  endfacet
  facet normal 0 0 1
    outer loop
      vertex 4.75 136.381 30
      vertex 3.55 134.303 30
      vertex 3.68738 134.227 30
    endloop
  endfacet
  facet normal 0 0 1
    outer loop
      vertex 4.0191 139.313 30
      vertex 0.911711 141.18 30
      vertex 3.98135 139.25 30
    endloop
  endfacet
  facet normal 0 0 1
    outer loop
      vertex 4.68717 136.419 30
      vertex 3.41536 134.384 30
      vertex 3.55 134.303 30
    endloop
  endfacet
  facet normal -0 0 1
    outer loop
      vertex 0.803847 141 30
      vertex 3.98135 139.25 30
      vertex 0.911711 141.18 30
    endloop
  endfacet
  facet normal 0 0 1
    outer loop
      vertex 4.62569 136.459 30
      vertex 3.28363 134.469 30
      vertex 3.41536 134.384 30
    endloop
  endfacet
  facet normal 0 0 1
    outer loop
      vertex 4.56565 136.501 30
      vertex 3.15497 134.559 30
      vertex 3.28363 134.469 30
    endloop
  endfacet
  facet normal 0 0 1
    outer loop
      vertex 3.98135 139.25 30
      vertex 0.803847 141 30
      vertex 3.94581 139.186 30
    endloop
  endfacet
  facet normal 0 0 1
    outer loop
      vertex 4.50711 136.545 30
      vertex 3.02952 134.654 30
      vertex 3.15497 134.559 30
    endloop
  endfacet
  facet normal -0 0 1
    outer loop
      vertex 0.702314 140.817 30
      vertex 3.94581 139.186 30
      vertex 0.803847 141 30
    endloop
  endfacet
  facet normal 0 0 1
    outer loop
      vertex 4.45015 136.591 30
      vertex 2.90746 134.753 30
      vertex 3.02952 134.654 30
    endloop
  endfacet
  facet normal 0 0 1
    outer loop
      vertex 4.39482 136.639 30
      vertex 2.78891 134.856 30
      vertex 2.90746 134.753 30
    endloop
  endfacet
  facet normal 0 0 1
    outer loop
      vertex 3.94581 139.186 30
      vertex 0.702314 140.817 30
      vertex 3.91253 139.121 30
    endloop
  endfacet
  facet normal 0 0 1
    outer loop
      vertex 4.34122 136.689 30
      vertex 2.67404 134.963 30
      vertex 2.78891 134.856 30
    endloop
  endfacet
  facet normal -0 0 1
    outer loop
      vertex 0.607235 140.63 30
      vertex 3.91253 139.121 30
      vertex 0.702314 140.817 30
    endloop
  endfacet
  facet normal 0 0 1
    outer loop
      vertex 4.28939 136.741 30
      vertex 2.56297 135.074 30
      vertex 2.67404 134.963 30
    endloop
  endfacet
  facet normal 0 0 1
    outer loop
      vertex 4.2394 136.795 30
      vertex 2.45585 135.189 30
      vertex 2.56297 135.074 30
    endloop
  endfacet
  facet normal 0 0 1
    outer loop
      vertex 3.91253 139.121 30
      vertex 0.607235 140.63 30
      vertex 3.88155 139.054 30
    endloop
  endfacet
  facet normal 0 0 1
    outer loop
      vertex 4.19131 136.85 30
      vertex 2.3528 135.307 30
      vertex 2.45585 135.189 30
    endloop
  endfacet
  facet normal 0 0 1
    outer loop
      vertex 4.14518 136.907 30
      vertex 2.25395 135.43 30
      vertex 2.3528 135.307 30
    endloop
  endfacet
  facet normal -0 0 1
    outer loop
      vertex 0.518726 140.44 30
      vertex 3.88155 139.054 30
      vertex 0.607235 140.63 30
    endloop
  endfacet
  facet normal 0 0 1
    outer loop
      vertex 4.10106 136.966 30
      vertex 2.15942 135.555 30
      vertex 2.25395 135.43 30
    endloop
  endfacet
  facet normal 0 0 1
    outer loop
      vertex 4.05902 137.026 30
      vertex 2.06933 135.684 30
      vertex 2.15942 135.555 30
    endloop
  endfacet
  facet normal -0 0 1
    outer loop
      vertex 0.436896 140.248 30
      vertex 3.85291 138.987 30
      vertex 0.518726 140.44 30
    endloop
  endfacet
  facet normal 0 0 1
    outer loop
      vertex 3.88155 139.054 30
      vertex 0.518726 140.44 30
      vertex 3.85291 138.987 30
    endloop
  endfacet
  facet normal 0 0 1
    outer loop
      vertex 83.3928 3.36977 30
      vertex 80.0875 4.87942 30
      vertex 83.2977 3.18317 30
    endloop
  endfacet
  facet normal 0 0 1
    outer loop
      vertex 80.2987 5.87329 30
      vertex 82 8.20961 30
      vertex 81.9307 8.31637 30
    endloop
  endfacet
  facet normal -0 0 1
    outer loop
      vertex 80.0542 4.81411 30
      vertex 83.2977 3.18317 30
      vertex 80.0875 4.87942 30
    endloop
  endfacet
  facet normal 0 0 1
    outer loop
      vertex 80.2987 5.87329 30
      vertex 81.9307 8.31637 30
      vertex 81.8406 8.44503 30
    endloop
  endfacet
  facet normal 0 0 1
    outer loop
      vertex 80.2987 5.87329 30
      vertex 81.8406 8.44503 30
      vertex 81.746 8.57048 30
    endloop
  endfacet
  facet normal 0 0 1
    outer loop
      vertex 83.4813 3.55958 30
      vertex 80.1184 4.94585 30
      vertex 83.3928 3.36977 30
    endloop
  endfacet
  facet normal 0 0 1
    outer loop
      vertex 80.2987 5.87329 30
      vertex 81.746 8.57048 30
      vertex 81.6472 8.69254 30
    endloop
  endfacet
  facet normal 0 0 1
    outer loop
      vertex 80.2987 5.87329 30
      vertex 81.6472 8.69254 30
      vertex 81.5442 8.81109 30
    endloop
  endfacet
  facet normal 0 0 1
    outer loop
      vertex 83.2977 3.18317 30
      vertex 80.0542 4.81411 30
      vertex 83.1962 3 30
    endloop
  endfacet
  facet normal 0 0 1
    outer loop
      vertex 80.2987 5.87329 30
      vertex 81.5442 8.81109 30
      vertex 81.437 8.92596 30
    endloop
  endfacet
  facet normal -0 0 1
    outer loop
      vertex 80.1471 5.01333 30
      vertex 83.5631 3.75236 30
      vertex 80.1734 5.08176 30
    endloop
  endfacet
  facet normal 0 0 1
    outer loop
      vertex 80.2987 5.87329 30
      vertex 81.437 8.92596 30
      vertex 81.326 9.03703 30
    endloop
  endfacet
  facet normal 0 0 1
    outer loop
      vertex 80.2987 5.87329 30
      vertex 81.326 9.03703 30
      vertex 81.2111 9.14415 30
    endloop
  endfacet
  facet normal -0 0 1
    outer loop
      vertex 80.0187 4.75 30
      vertex 83.1962 3 30
      vertex 80.0542 4.81411 30
    endloop
  endfacet
  facet normal 0 0 1
    outer loop
      vertex 80.2987 5.87329 30
      vertex 81.2111 9.14415 30
      vertex 81.0925 9.2472 30
    endloop
  endfacet
  facet normal 0 0 1
    outer loop
      vertex 83.1962 3 30
      vertex 80.0187 4.75 30
      vertex 83.0883 2.82048 30
    endloop
  endfacet
  facet normal 0 0 1
    outer loop
      vertex 80.2987 5.87329 30
      vertex 81.0925 9.2472 30
      vertex 80.9705 9.34605 30
    endloop
  endfacet
  facet normal 0 0 1
    outer loop
      vertex 80.2987 5.87329 30
      vertex 80.9705 9.34605 30
      vertex 80.845 9.44058 30
    endloop
  endfacet
  facet normal 0 0 1
    outer loop
      vertex 83.7063 4.1459 30
      vertex 80.2187 5.22116 30
      vertex 83.6382 3.94788 30
    endloop
  endfacet
  facet normal 0 0 1
    outer loop
      vertex 80.2987 5.87329 30
      vertex 80.845 9.44058 30
      vertex 80.7164 9.53067 30
    endloop
  endfacet
  facet normal -0 0 1
    outer loop
      vertex 79.9809 4.68717 30
      vertex 83.0883 2.82048 30
      vertex 80.0187 4.75 30
    endloop
  endfacet
  facet normal 0 0 1
    outer loop
      vertex 80.2987 5.87329 30
      vertex 80.7164 9.53067 30
      vertex 80.5846 9.61622 30
    endloop
  endfacet
  facet normal 0 0 1
    outer loop
      vertex 80.2987 5.87329 30
      vertex 80.5846 9.61622 30
      vertex 80.45 9.69711 30
    endloop
  endfacet
  facet normal -0 0 1
    outer loop
      vertex 80.2376 5.29196 30
      vertex 83.7676 4.34618 30
      vertex 80.2541 5.36339 30
    endloop
  endfacet
  facet normal 0 0 1
    outer loop
      vertex 79.25 7.61865 30
      vertex 80.45 9.69711 30
      vertex 80.3126 9.77326 30
    endloop
  endfacet
  facet normal 0 0 1
    outer loop
      vertex 83.0883 2.82048 30
      vertex 79.9809 4.68717 30
      vertex 82.9742 2.64484 30
    endloop
  endfacet
  facet normal -0 0 1
    outer loop
      vertex 79.941 4.62569 30
      vertex 82.9742 2.64484 30
      vertex 79.9809 4.68717 30
    endloop
  endfacet
  facet normal 0 0 1
    outer loop
      vertex 82.9742 2.64484 30
      vertex 79.941 4.62569 30
      vertex 82.8541 2.47329 30
    endloop
  endfacet
  facet normal -0 0 1
    outer loop
      vertex 79.8989 4.56565 30
      vertex 82.8541 2.47329 30
      vertex 79.941 4.62569 30
    endloop
  endfacet
  facet normal 0 0 1
    outer loop
      vertex 82.8541 2.47329 30
      vertex 79.8989 4.56565 30
      vertex 82.7281 2.30603 30
    endloop
  endfacet
  facet normal -0 0 1
    outer loop
      vertex 79.8548 4.50711 30
      vertex 82.7281 2.30603 30
      vertex 79.8989 4.56565 30
    endloop
  endfacet
  facet normal 0 0 1
    outer loop
      vertex 82.7281 2.30603 30
      vertex 79.8548 4.50711 30
      vertex 82.5963 2.14327 30
    endloop
  endfacet
  facet normal -0 0 1
    outer loop
      vertex 79.8087 4.45015 30
      vertex 82.5963 2.14327 30
      vertex 79.8548 4.50711 30
    endloop
  endfacet
  facet normal 0 0 1
    outer loop
      vertex 82.5963 2.14327 30
      vertex 79.8087 4.45015 30
      vertex 82.4589 1.98522 30
    endloop
  endfacet
  facet normal -0 0 1
    outer loop
      vertex 79.7606 4.39482 30
      vertex 82.4589 1.98522 30
      vertex 79.8087 4.45015 30
    endloop
  endfacet
  facet normal 0 0 1
    outer loop
      vertex 82.4589 1.98522 30
      vertex 79.7606 4.39482 30
      vertex 82.316 1.83205 30
    endloop
  endfacet
  facet normal -0 0 1
    outer loop
      vertex 79.7106 4.34122 30
      vertex 82.316 1.83205 30
      vertex 79.7606 4.39482 30
    endloop
  endfacet
  facet normal 0 0 1
    outer loop
      vertex 82.316 1.83205 30
      vertex 79.7106 4.34122 30
      vertex 82.168 1.68396 30
    endloop
  endfacet
  facet normal -0 0 1
    outer loop
      vertex 79.6588 4.28939 30
      vertex 82.168 1.68396 30
      vertex 79.7106 4.34122 30
    endloop
  endfacet
  facet normal 0 0 1
    outer loop
      vertex 82.168 1.68396 30
      vertex 79.6588 4.28939 30
      vertex 82.0148 1.54113 30
    endloop
  endfacet
  facet normal -0 0 1
    outer loop
      vertex 79.6052 4.2394 30
      vertex 82.0148 1.54113 30
      vertex 79.6588 4.28939 30
    endloop
  endfacet
  facet normal -0 0 1
    outer loop
      vertex 79.5499 4.19131 30
      vertex 82.0148 1.54113 30
      vertex 79.6052 4.2394 30
    endloop
  endfacet
  facet normal 0 0 1
    outer loop
      vertex 82.0148 1.54113 30
      vertex 79.5499 4.19131 30
      vertex 81.8567 1.40373 30
    endloop
  endfacet
  facet normal -0 0 1
    outer loop
      vertex 79.4929 4.14518 30
      vertex 81.8567 1.40373 30
      vertex 79.5499 4.19131 30
    endloop
  endfacet
  facet normal 0 0 1
    outer loop
      vertex 81.8567 1.40373 30
      vertex 79.4929 4.14518 30
      vertex 81.694 1.27194 30
    endloop
  endfacet
  facet normal -0 0 1
    outer loop
      vertex 79.4343 4.10106 30
      vertex 81.694 1.27194 30
      vertex 79.4929 4.14518 30
    endloop
  endfacet
  facet normal 0 0 1
    outer loop
      vertex 81.694 1.27194 30
      vertex 79.4343 4.10106 30
      vertex 81.5267 1.1459 30
    endloop
  endfacet
  facet normal -0 0 1
    outer loop
      vertex 79.3743 4.05902 30
      vertex 81.5267 1.1459 30
      vertex 79.4343 4.10106 30
    endloop
  endfacet
  facet normal 0 0 1
    outer loop
      vertex 81.5267 1.1459 30
      vertex 79.3743 4.05902 30
      vertex 81.3552 1.02577 30
    endloop
  endfacet
  facet normal -0 0 1
    outer loop
      vertex 79.3128 4.0191 30
      vertex 81.3552 1.02577 30
      vertex 79.3743 4.05902 30
    endloop
  endfacet
  facet normal 0 0 1
    outer loop
      vertex 81.3552 1.02577 30
      vertex 79.3128 4.0191 30
      vertex 81.1795 0.911711 30
    endloop
  endfacet
  facet normal -0 0 1
    outer loop
      vertex 79.25 3.98135 30
      vertex 81.1795 0.911711 30
      vertex 79.3128 4.0191 30
    endloop
  endfacet
  facet normal 0 0 1
    outer loop
      vertex 81.1795 0.911711 30
      vertex 79.25 3.98135 30
      vertex 81 0.803847 30
    endloop
  endfacet
  facet normal -0 0 1
    outer loop
      vertex 79.1859 3.94581 30
      vertex 81 0.803847 30
      vertex 79.25 3.98135 30
    endloop
  endfacet
  facet normal 0 0 1
    outer loop
      vertex 81 0.803847 30
      vertex 79.1859 3.94581 30
      vertex 80.8168 0.702314 30
    endloop
  endfacet
  facet normal -0 0 1
    outer loop
      vertex 79.1206 3.91253 30
      vertex 80.8168 0.702314 30
      vertex 79.1859 3.94581 30
    endloop
  endfacet
  facet normal 0 0 1
    outer loop
      vertex 80.8168 0.702314 30
      vertex 79.1206 3.91253 30
      vertex 80.6302 0.607235 30
    endloop
  endfacet
  facet normal -0 0 1
    outer loop
      vertex 79.0541 3.88155 30
      vertex 80.6302 0.607235 30
      vertex 79.1206 3.91253 30
    endloop
  endfacet
  facet normal 0 0 1
    outer loop
      vertex 80.6302 0.607235 30
      vertex 79.0541 3.88155 30
      vertex 80.4404 0.518726 30
    endloop
  endfacet
  facet normal -0 0 1
    outer loop
      vertex 78.9867 3.85291 30
      vertex 80.4404 0.518726 30
      vertex 79.0541 3.88155 30
    endloop
  endfacet
  facet normal 0 0 1
    outer loop
      vertex 80.4404 0.518726 30
      vertex 78.9867 3.85291 30
      vertex 80.2476 0.436896 30
    endloop
  endfacet
  facet normal -0 0 1
    outer loop
      vertex 78.9182 3.82664 30
      vertex 80.2476 0.436896 30
      vertex 78.9867 3.85291 30
    endloop
  endfacet
  facet normal 0 0 1
    outer loop
      vertex 80.2476 0.436896 30
      vertex 78.9182 3.82664 30
      vertex 80.0521 0.361844 30
    endloop
  endfacet
  facet normal -0 0 1
    outer loop
      vertex 78.8489 3.80278 30
      vertex 80.0521 0.361844 30
      vertex 78.9182 3.82664 30
    endloop
  endfacet
  facet normal 0 0 1
    outer loop
      vertex 80.0521 0.361844 30
      vertex 78.8489 3.80278 30
      vertex 79.8541 0.29366 30
    endloop
  endfacet
  facet normal -0 0 1
    outer loop
      vertex 78.7788 3.78135 30
      vertex 79.8541 0.29366 30
      vertex 78.8489 3.80278 30
    endloop
  endfacet
  facet normal 0 0 1
    outer loop
      vertex 79.8541 0.29366 30
      vertex 78.7788 3.78135 30
      vertex 79.6538 0.23243 30
    endloop
  endfacet
  facet normal -0 0 1
    outer loop
      vertex 78.708 3.76238 30
      vertex 79.6538 0.23243 30
      vertex 78.7788 3.78135 30
    endloop
  endfacet
  facet normal 0 0 1
    outer loop
      vertex 79.6538 0.23243 30
      vertex 78.708 3.76238 30
      vertex 79.4515 0.178226 30
    endloop
  endfacet
  facet normal -0 0 1
    outer loop
      vertex 78.6366 3.74589 30
      vertex 79.4515 0.178226 30
      vertex 78.708 3.76238 30
    endloop
  endfacet
  facet normal 0 0 1
    outer loop
      vertex 79.4515 0.178226 30
      vertex 78.6366 3.74589 30
      vertex 79.2475 0.131114 30
    endloop
  endfacet
  facet normal -0 0 1
    outer loop
      vertex 78.5647 3.7319 30
      vertex 79.2475 0.131114 30
      vertex 78.6366 3.74589 30
    endloop
  endfacet
  facet normal -0 0 1
    outer loop
      vertex 78.4923 3.72044 30
      vertex 79.2475 0.131114 30
      vertex 78.5647 3.7319 30
    endloop
  endfacet
  facet normal 0 0 1
    outer loop
      vertex 79.2475 0.131114 30
      vertex 78.4923 3.72044 30
      vertex 79.0419 0.0911531 30
    endloop
  endfacet
  facet normal -0 0 1
    outer loop
      vertex 78.4195 3.7115 30
      vertex 79.0419 0.0911531 30
      vertex 78.4923 3.72044 30
    endloop
  endfacet
  facet normal 0 0 1
    outer loop
      vertex 79.0419 0.0911531 30
      vertex 78.4195 3.7115 30
      vertex 78.835 0.0583916 30
    endloop
  endfacet
  facet normal -0 0 1
    outer loop
      vertex 78.3465 3.70512 30
      vertex 78.835 0.0583916 30
      vertex 78.4195 3.7115 30
    endloop
  endfacet
  facet normal 0 0 1
    outer loop
      vertex 78.835 0.0583916 30
      vertex 78.3465 3.70512 30
      vertex 78.6272 0.0328684 30
    endloop
  endfacet
  facet normal -0 0 1
    outer loop
      vertex 78.2733 3.70128 30
      vertex 78.6272 0.0328684 30
      vertex 78.3465 3.70512 30
    endloop
  endfacet
  facet normal 0 0 1
    outer loop
      vertex 78.6272 0.0328684 30
      vertex 78.2733 3.70128 30
      vertex 78.4185 0.0146151 30
    endloop
  endfacet
  facet normal -0 0 1
    outer loop
      vertex 78.2 3.7 30
      vertex 78.4185 0.0146151 30
      vertex 78.2733 3.70128 30
    endloop
  endfacet
  facet normal 0 0 1
    outer loop
      vertex 78.4185 0.0146151 30
      vertex 78.2 3.7 30
      vertex 78.2094 0.00365448 30
    endloop
  endfacet
  facet normal 0 0 1
    outer loop
      vertex 78.1267 3.70128 30
      vertex 78.2094 0.00365448 30
      vertex 78.2 3.7 30
    endloop
  endfacet
  facet normal 0 0 1
    outer loop
      vertex 78 0 30
      vertex 78.1267 3.70128 30
      vertex 78.0535 3.70512 30
    endloop
  endfacet
  facet normal 0 0 1
    outer loop
      vertex 78.1267 3.70128 30
      vertex 78 0 30
      vertex 78.2094 0.00365448 30
    endloop
  endfacet
  facet normal 0 0 1
    outer loop
      vertex 77.9805 3.7115 30
      vertex 78 0 30
      vertex 78.0535 3.70512 30
    endloop
  endfacet
  facet normal 0 0 1
    outer loop
      vertex 77.9077 3.72044 30
      vertex 78 0 30
      vertex 77.9805 3.7115 30
    endloop
  endfacet
  facet normal 0 0 1
    outer loop
      vertex 75.7904 2 30
      vertex 77.9077 3.72044 30
      vertex 77.8353 3.7319 30
    endloop
  endfacet
  facet normal 0 0 1
    outer loop
      vertex 75.7904 2 30
      vertex 77.8353 3.7319 30
      vertex 77.7634 3.74589 30
    endloop
  endfacet
  facet normal 0 0 1
    outer loop
      vertex 75.7904 2 30
      vertex 77.7634 3.74589 30
      vertex 77.692 3.76238 30
    endloop
  endfacet
  facet normal 0 0 1
    outer loop
      vertex 75.7904 2 30
      vertex 77.692 3.76238 30
      vertex 77.6212 3.78135 30
    endloop
  endfacet
  facet normal 0 0 1
    outer loop
      vertex 75.7904 2 30
      vertex 77.6212 3.78135 30
      vertex 77.5511 3.80278 30
    endloop
  endfacet
  facet normal 0 0 1
    outer loop
      vertex 75.7904 2 30
      vertex 77.5511 3.80278 30
      vertex 77.4818 3.82664 30
    endloop
  endfacet
  facet normal 0 0 1
    outer loop
      vertex 75.7904 2 30
      vertex 77.4818 3.82664 30
      vertex 77.4133 3.85291 30
    endloop
  endfacet
  facet normal 0 0 1
    outer loop
      vertex 75.7904 2 30
      vertex 77.4133 3.85291 30
      vertex 77.3459 3.88155 30
    endloop
  endfacet
  facet normal 0 0 1
    outer loop
      vertex 75.7904 2 30
      vertex 77.3459 3.88155 30
      vertex 77.2794 3.91253 30
    endloop
  endfacet
  facet normal 0 0 1
    outer loop
      vertex 75.7904 2 30
      vertex 77.2794 3.91253 30
      vertex 77.2141 3.94581 30
    endloop
  endfacet
  facet normal 0 0 1
    outer loop
      vertex 75.7904 2 30
      vertex 77.2141 3.94581 30
      vertex 77.15 3.98135 30
    endloop
  endfacet
  facet normal 0 0 1
    outer loop
      vertex 75.7904 2 30
      vertex 77.15 3.98135 30
      vertex 77.0872 4.0191 30
    endloop
  endfacet
  facet normal 0 0 1
    outer loop
      vertex 75.7904 2 30
      vertex 77.0872 4.0191 30
      vertex 77.0257 4.05902 30
    endloop
  endfacet
  facet normal 0 0 1
    outer loop
      vertex 75.7904 2 30
      vertex 77.0257 4.05902 30
      vertex 76.9657 4.10106 30
    endloop
  endfacet
  facet normal 0 0 1
    outer loop
      vertex 75.7904 2 30
      vertex 76.9657 4.10106 30
      vertex 76.9071 4.14518 30
    endloop
  endfacet
  facet normal 0 0 1
    outer loop
      vertex 75.7904 2 30
      vertex 76.9071 4.14518 30
      vertex 76.8501 4.19131 30
    endloop
  endfacet
  facet normal 0 0 1
    outer loop
      vertex 75.7904 2 30
      vertex 76.8501 4.19131 30
      vertex 76.7948 4.2394 30
    endloop
  endfacet
  facet normal 0 0 1
    outer loop
      vertex 75.7904 2 30
      vertex 76.7948 4.2394 30
      vertex 76.7412 4.28939 30
    endloop
  endfacet
  facet normal 0 0 1
    outer loop
      vertex 75.7904 2 30
      vertex 76.7412 4.28939 30
      vertex 76.6894 4.34122 30
    endloop
  endfacet
  facet normal 0 0 1
    outer loop
      vertex 75.7904 2 30
      vertex 76.6894 4.34122 30
      vertex 76.6394 4.39482 30
    endloop
  endfacet
  facet normal 0 0 1
    outer loop
      vertex 75.7904 2 30
      vertex 76.6394 4.39482 30
      vertex 76.5913 4.45015 30
    endloop
  endfacet
  facet normal 0 0 1
    outer loop
      vertex 75.7904 2 30
      vertex 76.5913 4.45015 30
      vertex 76.5452 4.50711 30
    endloop
  endfacet
  facet normal 0 0 1
    outer loop
      vertex 75.7904 2 30
      vertex 76.5452 4.50711 30
      vertex 76.5011 4.56565 30
    endloop
  endfacet
  facet normal 0 0 1
    outer loop
      vertex 75.7904 2 30
      vertex 76.5011 4.56565 30
      vertex 76.459 4.62569 30
    endloop
  endfacet
  facet normal 0 0 1
    outer loop
      vertex 75.7904 2 30
      vertex 76.459 4.62569 30
      vertex 76.4191 4.68717 30
    endloop
  endfacet
  facet normal 0 0 1
    outer loop
      vertex 75.7904 2 30
      vertex 76.4191 4.68717 30
      vertex 76.3813 4.75 30
    endloop
  endfacet
  facet normal 0 0 1
    outer loop
      vertex 75.7904 2 30
      vertex 76.3813 4.75 30
      vertex 76.3458 4.81411 30
    endloop
  endfacet
  facet normal 0 0 1
    outer loop
      vertex 75.7904 2 30
      vertex 76.3458 4.81411 30
      vertex 76.3125 4.87942 30
    endloop
  endfacet
  facet normal 0 0 1
    outer loop
      vertex 75.7904 2 30
      vertex 76.3125 4.87942 30
      vertex 76.2816 4.94585 30
    endloop
  endfacet
  facet normal 0 0 1
    outer loop
      vertex 75.7904 2 30
      vertex 76.2816 4.94585 30
      vertex 76.2529 5.01333 30
    endloop
  endfacet
  facet normal 0 0 1
    outer loop
      vertex 75.7904 2 30
      vertex 76.2529 5.01333 30
      vertex 76.2266 5.08176 30
    endloop
  endfacet
  facet normal -0 0 1
    outer loop
      vertex 74.3029 8.05 30
      vertex 76.3813 6.85 30
      vertex 74.3838 8.18464 30
    endloop
  endfacet
  facet normal 0 0 1
    outer loop
      vertex 76.3813 6.85 30
      vertex 74.3029 8.05 30
      vertex 76.3458 6.78589 30
    endloop
  endfacet
  facet normal -0 0 1
    outer loop
      vertex 74.2267 7.91262 30
      vertex 76.3458 6.78589 30
      vertex 74.3029 8.05 30
    endloop
  endfacet
  facet normal 0 0 1
    outer loop
      vertex 76.1 5.8 30
      vertex 75.7904 2 30
      vertex 76.1013 5.72671 30
    endloop
  endfacet
  facet normal 0 0 1
    outer loop
      vertex 76.1013 5.72671 30
      vertex 75.7904 2 30
      vertex 76.1051 5.65351 30
    endloop
  endfacet
  facet normal 0 0 1
    outer loop
      vertex 75.7904 2 30
      vertex 76.1115 5.58049 30
      vertex 76.1051 5.65351 30
    endloop
  endfacet
  facet normal 0 0 1
    outer loop
      vertex 75.7904 2 30
      vertex 76.1204 5.50774 30
      vertex 76.1115 5.58049 30
    endloop
  endfacet
  facet normal 0 0 1
    outer loop
      vertex 75.7904 2 30
      vertex 76.1319 5.43534 30
      vertex 76.1204 5.50774 30
    endloop
  endfacet
  facet normal 0 0 1
    outer loop
      vertex 75.7904 2 30
      vertex 76.1459 5.36339 30
      vertex 76.1319 5.43534 30
    endloop
  endfacet
  facet normal 0 0 1
    outer loop
      vertex 75.7904 2 30
      vertex 76.1624 5.29196 30
      vertex 76.1459 5.36339 30
    endloop
  endfacet
  facet normal 0 0 1
    outer loop
      vertex 75.7904 2 30
      vertex 76.1814 5.22116 30
      vertex 76.1624 5.29196 30
    endloop
  endfacet
  facet normal 0 0 1
    outer loop
      vertex 75.7904 2 30
      vertex 76.2028 5.15106 30
      vertex 76.1814 5.22116 30
    endloop
  endfacet
  facet normal 0 0 1
    outer loop
      vertex 75.7904 2 30
      vertex 76.2266 5.08176 30
      vertex 76.2028 5.15106 30
    endloop
  endfacet
  facet normal 0 0 1
    outer loop
      vertex 77.9077 3.72044 30
      vertex 75.7904 2 30
      vertex 78 0 30
    endloop
  endfacet
  facet normal -0 0 1
    outer loop
      vertex 8.20961 2 30
      vertex 78 0 30
      vertex 75.7904 2 30
    endloop
  endfacet
  facet normal 0 0 1
    outer loop
      vertex 7.89872 5.87329 30
      vertex 8.18464 9.61622 30
      vertex 8.05 9.69711 30
    endloop
  endfacet
  facet normal 0 0 1
    outer loop
      vertex 6.85 7.61865 30
      vertex 8.05 9.69711 30
      vertex 7.91262 9.77326 30
    endloop
  endfacet
  facet normal 0 0 1
    outer loop
      vertex 9.77326 3.68738 30
      vertex 7.65419 4.81411 30
      vertex 9.69711 3.55 30
    endloop
  endfacet
  facet normal -0 0 1
    outer loop
      vertex 7.61865 4.75 30
      vertex 9.69711 3.55 30
      vertex 7.65419 4.81411 30
    endloop
  endfacet
  facet normal 0 0 1
    outer loop
      vertex 9.69711 3.55 30
      vertex 7.61865 4.75 30
      vertex 9.61622 3.41536 30
    endloop
  endfacet
  facet normal -0 0 1
    outer loop
      vertex 7.5809 4.68717 30
      vertex 9.61622 3.41536 30
      vertex 7.61865 4.75 30
    endloop
  endfacet
  facet normal 0 0 1
    outer loop
      vertex 9.61622 3.41536 30
      vertex 7.5809 4.68717 30
      vertex 9.53067 3.28363 30
    endloop
  endfacet
  facet normal -0 0 1
    outer loop
      vertex 7.54098 4.62569 30
      vertex 9.53067 3.28363 30
      vertex 7.5809 4.68717 30
    endloop
  endfacet
  facet normal 0 0 1
    outer loop
      vertex 9.53067 3.28363 30
      vertex 7.54098 4.62569 30
      vertex 9.44058 3.15497 30
    endloop
  endfacet
  facet normal -0 0 1
    outer loop
      vertex 7.49893 4.56565 30
      vertex 9.44058 3.15497 30
      vertex 7.54098 4.62569 30
    endloop
  endfacet
  facet normal 0 0 1
    outer loop
      vertex 9.44058 3.15497 30
      vertex 7.49893 4.56565 30
      vertex 9.34605 3.02952 30
    endloop
  endfacet
  facet normal -0 0 1
    outer loop
      vertex 7.45482 4.50711 30
      vertex 9.34605 3.02952 30
      vertex 7.49893 4.56565 30
    endloop
  endfacet
  facet normal 0 0 1
    outer loop
      vertex 9.34605 3.02952 30
      vertex 7.45482 4.50711 30
      vertex 9.2472 2.90746 30
    endloop
  endfacet
  facet normal -0 0 1
    outer loop
      vertex 7.40869 4.45015 30
      vertex 9.2472 2.90746 30
      vertex 7.45482 4.50711 30
    endloop
  endfacet
  facet normal 0 0 1
    outer loop
      vertex 9.2472 2.90746 30
      vertex 7.40869 4.45015 30
      vertex 9.14415 2.78891 30
    endloop
  endfacet
  facet normal -0 0 1
    outer loop
      vertex 7.3606 4.39482 30
      vertex 9.14415 2.78891 30
      vertex 7.40869 4.45015 30
    endloop
  endfacet
  facet normal 0 0 1
    outer loop
      vertex 9.14415 2.78891 30
      vertex 7.3606 4.39482 30
      vertex 9.03703 2.67404 30
    endloop
  endfacet
  facet normal -0 0 1
    outer loop
      vertex 7.31061 4.34122 30
      vertex 9.03703 2.67404 30
      vertex 7.3606 4.39482 30
    endloop
  endfacet
  facet normal 0 0 1
    outer loop
      vertex 9.03703 2.67404 30
      vertex 7.31061 4.34122 30
      vertex 8.92596 2.56297 30
    endloop
  endfacet
  facet normal -0 0 1
    outer loop
      vertex 7.25878 4.28939 30
      vertex 8.92596 2.56297 30
      vertex 7.31061 4.34122 30
    endloop
  endfacet
  facet normal 0 0 1
    outer loop
      vertex 8.92596 2.56297 30
      vertex 7.25878 4.28939 30
      vertex 8.81109 2.45585 30
    endloop
  endfacet
  facet normal -0 0 1
    outer loop
      vertex 7.20517 4.2394 30
      vertex 8.81109 2.45585 30
      vertex 7.25878 4.28939 30
    endloop
  endfacet
  facet normal 0 0 1
    outer loop
      vertex 8.81109 2.45585 30
      vertex 7.20517 4.2394 30
      vertex 8.69254 2.3528 30
    endloop
  endfacet
  facet normal -0 0 1
    outer loop
      vertex 7.14985 4.19131 30
      vertex 8.69254 2.3528 30
      vertex 7.20517 4.2394 30
    endloop
  endfacet
  facet normal 0 0 1
    outer loop
      vertex 8.69254 2.3528 30
      vertex 7.14985 4.19131 30
      vertex 8.57048 2.25395 30
    endloop
  endfacet
  facet normal -0 0 1
    outer loop
      vertex 7.09289 4.14518 30
      vertex 8.57048 2.25395 30
      vertex 7.14985 4.19131 30
    endloop
  endfacet
  facet normal 0 0 1
    outer loop
      vertex 8.57048 2.25395 30
      vertex 7.09289 4.14518 30
      vertex 8.44503 2.15942 30
    endloop
  endfacet
  facet normal -0 0 1
    outer loop
      vertex 7.03435 4.10106 30
      vertex 8.44503 2.15942 30
      vertex 7.09289 4.14518 30
    endloop
  endfacet
  facet normal 0 0 1
    outer loop
      vertex 8.44503 2.15942 30
      vertex 7.03435 4.10106 30
      vertex 8.31637 2.06933 30
    endloop
  endfacet
  facet normal -0 0 1
    outer loop
      vertex 6.9743 4.05902 30
      vertex 8.31637 2.06933 30
      vertex 7.03435 4.10106 30
    endloop
  endfacet
  facet normal 0 0 1
    outer loop
      vertex 8.31637 2.06933 30
      vertex 6.9743 4.05902 30
      vertex 8.20961 2 30
    endloop
  endfacet
  facet normal -0 0 1
    outer loop
      vertex 6.91283 4.0191 30
      vertex 8.20961 2 30
      vertex 6.9743 4.05902 30
    endloop
  endfacet
  facet normal -0 0 1
    outer loop
      vertex 6.85 3.98135 30
      vertex 8.20961 2 30
      vertex 6.91283 4.0191 30
    endloop
  endfacet
  facet normal -0 0 1
    outer loop
      vertex 6.78589 3.94581 30
      vertex 8.20961 2 30
      vertex 6.85 3.98135 30
    endloop
  endfacet
  facet normal -0 0 1
    outer loop
      vertex 6.72058 3.91253 30
      vertex 8.20961 2 30
      vertex 6.78589 3.94581 30
    endloop
  endfacet
  facet normal -0 0 1
    outer loop
      vertex 6.65415 3.88155 30
      vertex 8.20961 2 30
      vertex 6.72058 3.91253 30
    endloop
  endfacet
  facet normal -0 0 1
    outer loop
      vertex 6.58667 3.85291 30
      vertex 8.20961 2 30
      vertex 6.65415 3.88155 30
    endloop
  endfacet
  facet normal -0 0 1
    outer loop
      vertex 6.51824 3.82664 30
      vertex 8.20961 2 30
      vertex 6.58667 3.85291 30
    endloop
  endfacet
  facet normal -0 0 1
    outer loop
      vertex 6.44894 3.80278 30
      vertex 8.20961 2 30
      vertex 6.51824 3.82664 30
    endloop
  endfacet
  facet normal -0 0 1
    outer loop
      vertex 6.37884 3.78135 30
      vertex 8.20961 2 30
      vertex 6.44894 3.80278 30
    endloop
  endfacet
  facet normal -0 0 1
    outer loop
      vertex 6.30804 3.76238 30
      vertex 8.20961 2 30
      vertex 6.37884 3.78135 30
    endloop
  endfacet
  facet normal -0 0 1
    outer loop
      vertex 6.23661 3.74589 30
      vertex 8.20961 2 30
      vertex 6.30804 3.76238 30
    endloop
  endfacet
  facet normal -0 0 1
    outer loop
      vertex 6.16466 3.7319 30
      vertex 8.20961 2 30
      vertex 6.23661 3.74589 30
    endloop
  endfacet
  facet normal -0 0 1
    outer loop
      vertex 6.09226 3.72044 30
      vertex 8.20961 2 30
      vertex 6.16466 3.7319 30
    endloop
  endfacet
  facet normal 0 0 1
    outer loop
      vertex 6 0 30
      vertex 6.09226 3.72044 30
      vertex 6.01951 3.7115 30
    endloop
  endfacet
  facet normal 0 0 1
    outer loop
      vertex 8.20961 2 30
      vertex 6 0 30
      vertex 78 0 30
    endloop
  endfacet
  facet normal 0 0 1
    outer loop
      vertex 6.09226 3.72044 30
      vertex 6 0 30
      vertex 8.20961 2 30
    endloop
  endfacet
  facet normal -0 0 1
    outer loop
      vertex 5.94649 3.70512 30
      vertex 6 0 30
      vertex 6.01951 3.7115 30
    endloop
  endfacet
  facet normal -0 0 1
    outer loop
      vertex 5.87329 3.70128 30
      vertex 6 0 30
      vertex 5.94649 3.70512 30
    endloop
  endfacet
  facet normal 0 0 1
    outer loop
      vertex 5.7906 0.00365448 30
      vertex 5.87329 3.70128 30
      vertex 5.8 3.7 30
    endloop
  endfacet
  facet normal 0 0 1
    outer loop
      vertex 5.87329 3.70128 30
      vertex 5.7906 0.00365448 30
      vertex 6 0 30
    endloop
  endfacet
  facet normal 0 0 1
    outer loop
      vertex 5.58146 0.0146151 30
      vertex 5.8 3.7 30
      vertex 5.72671 3.70128 30
    endloop
  endfacet
  facet normal 0 0 1
    outer loop
      vertex 5.37283 0.0328684 30
      vertex 5.72671 3.70128 30
      vertex 5.65351 3.70512 30
    endloop
  endfacet
  facet normal 0 0 1
    outer loop
      vertex 5.8 3.7 30
      vertex 5.58146 0.0146151 30
      vertex 5.7906 0.00365448 30
    endloop
  endfacet
  facet normal 0 0 1
    outer loop
      vertex 5.16496 0.0583916 30
      vertex 5.65351 3.70512 30
      vertex 5.58049 3.7115 30
    endloop
  endfacet
  facet normal 0 0 1
    outer loop
      vertex 4.95811 0.0911531 30
      vertex 5.58049 3.7115 30
      vertex 5.50774 3.72044 30
    endloop
  endfacet
  facet normal 0 0 1
    outer loop
      vertex 4.75253 0.131114 30
      vertex 5.50774 3.72044 30
      vertex 5.43534 3.7319 30
    endloop
  endfacet
  facet normal 0 0 1
    outer loop
      vertex 5.72671 3.70128 30
      vertex 5.37283 0.0328684 30
      vertex 5.58146 0.0146151 30
    endloop
  endfacet
  facet normal 0 0 1
    outer loop
      vertex 4.75253 0.131114 30
      vertex 5.43534 3.7319 30
      vertex 5.36339 3.74589 30
    endloop
  endfacet
  facet normal 0 0 1
    outer loop
      vertex 4.54847 0.178226 30
      vertex 5.36339 3.74589 30
      vertex 5.29196 3.76238 30
    endloop
  endfacet
  facet normal 0 0 1
    outer loop
      vertex 4.34618 0.23243 30
      vertex 5.29196 3.76238 30
      vertex 5.22116 3.78135 30
    endloop
  endfacet
  facet normal 0 0 1
    outer loop
      vertex 5.65351 3.70512 30
      vertex 5.16496 0.0583916 30
      vertex 5.37283 0.0328684 30
    endloop
  endfacet
  facet normal 0 0 1
    outer loop
      vertex 4.1459 0.29366 30
      vertex 5.22116 3.78135 30
      vertex 5.15106 3.80278 30
    endloop
  endfacet
  facet normal 0 0 1
    outer loop
      vertex 3.94788 0.361844 30
      vertex 5.15106 3.80278 30
      vertex 5.08176 3.82664 30
    endloop
  endfacet
  facet normal 0 0 1
    outer loop
      vertex 3.75236 0.436896 30
      vertex 5.08176 3.82664 30
      vertex 5.01333 3.85291 30
    endloop
  endfacet
  facet normal 0 0 1
    outer loop
      vertex 5.58049 3.7115 30
      vertex 4.95811 0.0911531 30
      vertex 5.16496 0.0583916 30
    endloop
  endfacet
  facet normal 0 0 1
    outer loop
      vertex 3.55958 0.518726 30
      vertex 5.01333 3.85291 30
      vertex 4.94585 3.88155 30
    endloop
  endfacet
  facet normal 0 0 1
    outer loop
      vertex 3.36977 0.607235 30
      vertex 4.94585 3.88155 30
      vertex 4.87942 3.91253 30
    endloop
  endfacet
  facet normal 0 0 1
    outer loop
      vertex 3.18317 0.702314 30
      vertex 4.87942 3.91253 30
      vertex 4.81411 3.94581 30
    endloop
  endfacet
  facet normal 0 0 1
    outer loop
      vertex 5.50774 3.72044 30
      vertex 4.75253 0.131114 30
      vertex 4.95811 0.0911531 30
    endloop
  endfacet
  facet normal 0 0 1
    outer loop
      vertex 3 0.803847 30
      vertex 4.81411 3.94581 30
      vertex 4.75 3.98135 30
    endloop
  endfacet
  facet normal 0 0 1
    outer loop
      vertex 2.82048 0.911711 30
      vertex 4.75 3.98135 30
      vertex 4.68717 4.0191 30
    endloop
  endfacet
  facet normal 0 0 1
    outer loop
      vertex 2.64484 1.02577 30
      vertex 4.68717 4.0191 30
      vertex 4.62569 4.05902 30
    endloop
  endfacet
  facet normal 0 0 1
    outer loop
      vertex 2.47329 1.1459 30
      vertex 4.62569 4.05902 30
      vertex 4.56565 4.10106 30
    endloop
  endfacet
  facet normal 0 0 1
    outer loop
      vertex 5.36339 3.74589 30
      vertex 4.54847 0.178226 30
      vertex 4.75253 0.131114 30
    endloop
  endfacet
  facet normal 0 0 1
    outer loop
      vertex 2.30603 1.27194 30
      vertex 4.56565 4.10106 30
      vertex 4.50711 4.14518 30
    endloop
  endfacet
  facet normal 0 0 1
    outer loop
      vertex 2.14327 1.40373 30
      vertex 4.50711 4.14518 30
      vertex 4.45015 4.19131 30
    endloop
  endfacet
  facet normal 0 0 1
    outer loop
      vertex 1.98522 1.54113 30
      vertex 4.45015 4.19131 30
      vertex 4.39482 4.2394 30
    endloop
  endfacet
  facet normal 0 0 1
    outer loop
      vertex 5.29196 3.76238 30
      vertex 4.34618 0.23243 30
      vertex 4.54847 0.178226 30
    endloop
  endfacet
  facet normal 0 0 1
    outer loop
      vertex 1.98522 1.54113 30
      vertex 4.39482 4.2394 30
      vertex 4.34122 4.28939 30
    endloop
  endfacet
  facet normal 0 0 1
    outer loop
      vertex 1.83205 1.68396 30
      vertex 4.34122 4.28939 30
      vertex 4.28939 4.34122 30
    endloop
  endfacet
  facet normal 0 0 1
    outer loop
      vertex 1.68396 1.83205 30
      vertex 4.28939 4.34122 30
      vertex 4.2394 4.39482 30
    endloop
  endfacet
  facet normal 0 0 1
    outer loop
      vertex 1.54113 1.98522 30
      vertex 4.2394 4.39482 30
      vertex 4.19131 4.45015 30
    endloop
  endfacet
  facet normal 0 0 1
    outer loop
      vertex 5.22116 3.78135 30
      vertex 4.1459 0.29366 30
      vertex 4.34618 0.23243 30
    endloop
  endfacet
  facet normal 0 0 1
    outer loop
      vertex 1.40373 2.14327 30
      vertex 4.19131 4.45015 30
      vertex 4.14518 4.50711 30
    endloop
  endfacet
  facet normal 0 0 1
    outer loop
      vertex 1.27194 2.30603 30
      vertex 4.14518 4.50711 30
      vertex 4.10106 4.56565 30
    endloop
  endfacet
  facet normal 0 0 1
    outer loop
      vertex 1.1459 2.47329 30
      vertex 4.10106 4.56565 30
      vertex 4.05902 4.62569 30
    endloop
  endfacet
  facet normal 0 0 1
    outer loop
      vertex 1.02577 2.64484 30
      vertex 4.05902 4.62569 30
      vertex 4.0191 4.68717 30
    endloop
  endfacet
  facet normal 0 0 1
    outer loop
      vertex 0.911711 2.82048 30
      vertex 4.0191 4.68717 30
      vertex 3.98135 4.75 30
    endloop
  endfacet
  facet normal 0 0 1
    outer loop
      vertex 5.15106 3.80278 30
      vertex 3.94788 0.361844 30
      vertex 4.1459 0.29366 30
    endloop
  endfacet
  facet normal 0 0 1
    outer loop
      vertex 0.803847 3 30
      vertex 3.98135 4.75 30
      vertex 3.94581 4.81411 30
    endloop
  endfacet
  facet normal 0 0 1
    outer loop
      vertex 0.702314 3.18317 30
      vertex 3.94581 4.81411 30
      vertex 3.91253 4.87942 30
    endloop
  endfacet
  facet normal 0 0 1
    outer loop
      vertex 0.607235 3.36977 30
      vertex 3.91253 4.87942 30
      vertex 3.88155 4.94585 30
    endloop
  endfacet
  facet normal 0 0 1
    outer loop
      vertex 0.518726 3.55958 30
      vertex 3.88155 4.94585 30
      vertex 3.85291 5.01333 30
    endloop
  endfacet
  facet normal 0 0 1
    outer loop
      vertex 0.436896 3.75236 30
      vertex 3.85291 5.01333 30
      vertex 3.82664 5.08176 30
    endloop
  endfacet
  facet normal 0 0 1
    outer loop
      vertex 0.361844 3.94788 30
      vertex 3.82664 5.08176 30
      vertex 3.80278 5.15106 30
    endloop
  endfacet
  facet normal 0 0 1
    outer loop
      vertex 0.361844 3.94788 30
      vertex 3.80278 5.15106 30
      vertex 3.78135 5.22116 30
    endloop
  endfacet
  facet normal 0 0 1
    outer loop
      vertex 0.29366 4.1459 30
      vertex 3.78135 5.22116 30
      vertex 3.76238 5.29196 30
    endloop
  endfacet
  facet normal 0 0 1
    outer loop
      vertex 5.08176 3.82664 30
      vertex 3.75236 0.436896 30
      vertex 3.94788 0.361844 30
    endloop
  endfacet
  facet normal 0 0 1
    outer loop
      vertex 0.23243 4.34618 30
      vertex 3.76238 5.29196 30
      vertex 3.74589 5.36339 30
    endloop
  endfacet
  facet normal 0 0 1
    outer loop
      vertex 0.178226 4.54847 30
      vertex 3.74589 5.36339 30
      vertex 3.7319 5.43534 30
    endloop
  endfacet
  facet normal 0 0 1
    outer loop
      vertex 0.131114 4.75253 30
      vertex 3.7319 5.43534 30
      vertex 3.72044 5.50774 30
    endloop
  endfacet
  facet normal 0 0 1
    outer loop
      vertex 0.0911531 4.95811 30
      vertex 3.72044 5.50774 30
      vertex 3.7115 5.58049 30
    endloop
  endfacet
  facet normal 0 0 1
    outer loop
      vertex 0.0583916 5.16496 30
      vertex 3.7115 5.58049 30
      vertex 3.70512 5.65351 30
    endloop
  endfacet
  facet normal 0 0 1
    outer loop
      vertex 0.0328684 5.37283 30
      vertex 3.70512 5.65351 30
      vertex 3.70128 5.72671 30
    endloop
  endfacet
  facet normal 0 0 1
    outer loop
      vertex 0.0146151 5.58146 30
      vertex 3.70128 5.72671 30
      vertex 3.7 5.8 30
    endloop
  endfacet
  facet normal 0 0 1
    outer loop
      vertex 5.01333 3.85291 30
      vertex 3.55958 0.518726 30
      vertex 3.75236 0.436896 30
    endloop
  endfacet
  facet normal 0 0 1
    outer loop
      vertex 3.98135 6.85 30
      vertex 2 8.20961 30
      vertex 3.94581 6.78589 30
    endloop
  endfacet
  facet normal 0 0 1
    outer loop
      vertex 3.94581 6.78589 30
      vertex 2 8.20961 30
      vertex 3.91253 6.72058 30
    endloop
  endfacet
  facet normal 0 0 1
    outer loop
      vertex 3.91253 6.72058 30
      vertex 2 8.20961 30
      vertex 3.88155 6.65415 30
    endloop
  endfacet
  facet normal 0 -0 1
    outer loop
      vertex 0.00365448 5.7906 30
      vertex 3.70128 5.87329 30
      vertex 0 6 30
    endloop
  endfacet
  facet normal 0 0 1
    outer loop
      vertex 3.88155 6.65415 30
      vertex 2 8.20961 30
      vertex 3.85291 6.58667 30
    endloop
  endfacet
  facet normal 0 0 1
    outer loop
      vertex 4.94585 3.88155 30
      vertex 3.36977 0.607235 30
      vertex 3.55958 0.518726 30
    endloop
  endfacet
  facet normal 0 0 1
    outer loop
      vertex 3.85291 6.58667 30
      vertex 2 8.20961 30
      vertex 3.82664 6.51824 30
    endloop
  endfacet
  facet normal 0 0 1
    outer loop
      vertex 3.82664 6.51824 30
      vertex 2 8.20961 30
      vertex 3.80278 6.44894 30
    endloop
  endfacet
  facet normal 0 0 1
    outer loop
      vertex 4.87942 3.91253 30
      vertex 3.18317 0.702314 30
      vertex 3.36977 0.607235 30
    endloop
  endfacet
  facet normal 0 0 1
    outer loop
      vertex 3.80278 6.44894 30
      vertex 2 8.20961 30
      vertex 3.78135 6.37884 30
    endloop
  endfacet
  facet normal 0 0 1
    outer loop
      vertex 4.81411 3.94581 30
      vertex 3 0.803847 30
      vertex 3.18317 0.702314 30
    endloop
  endfacet
  facet normal 0 0 1
    outer loop
      vertex 3.78135 6.37884 30
      vertex 2 8.20961 30
      vertex 3.76238 6.30804 30
    endloop
  endfacet
  facet normal 0 0 1
    outer loop
      vertex 3.76238 6.30804 30
      vertex 2 8.20961 30
      vertex 3.74589 6.23661 30
    endloop
  endfacet
  facet normal 0 0 1
    outer loop
      vertex 4.75 3.98135 30
      vertex 2.82048 0.911711 30
      vertex 3 0.803847 30
    endloop
  endfacet
  facet normal 0 0 1
    outer loop
      vertex 3.74589 6.23661 30
      vertex 2 8.20961 30
      vertex 3.7319 6.16466 30
    endloop
  endfacet
  facet normal 0 0 1
    outer loop
      vertex 4.68717 4.0191 30
      vertex 2.64484 1.02577 30
      vertex 2.82048 0.911711 30
    endloop
  endfacet
  facet normal 0 0 1
    outer loop
      vertex 3.7319 6.16466 30
      vertex 2 8.20961 30
      vertex 3.72044 6.09226 30
    endloop
  endfacet
  facet normal 0 0 1
    outer loop
      vertex 0 6 30
      vertex 3.72044 6.09226 30
      vertex 2 8.20961 30
    endloop
  endfacet
  facet normal 0 0 1
    outer loop
      vertex 4.62569 4.05902 30
      vertex 2.47329 1.1459 30
      vertex 2.64484 1.02577 30
    endloop
  endfacet
  facet normal 0 0 1
    outer loop
      vertex 3.72044 6.09226 30
      vertex 0 6 30
      vertex 3.7115 6.01951 30
    endloop
  endfacet
  facet normal 0 0 1
    outer loop
      vertex 3.7115 6.01951 30
      vertex 0 6 30
      vertex 3.70512 5.94649 30
    endloop
  endfacet
  facet normal 0 0 1
    outer loop
      vertex 4.56565 4.10106 30
      vertex 2.30603 1.27194 30
      vertex 2.47329 1.1459 30
    endloop
  endfacet
  facet normal 0 0 1
    outer loop
      vertex 3.70512 5.94649 30
      vertex 0 6 30
      vertex 3.70128 5.87329 30
    endloop
  endfacet
  facet normal 0 0 1
    outer loop
      vertex 4.50711 4.14518 30
      vertex 2.14327 1.40373 30
      vertex 2.30603 1.27194 30
    endloop
  endfacet
  facet normal 0 0 1
    outer loop
      vertex 4.45015 4.19131 30
      vertex 1.98522 1.54113 30
      vertex 2.14327 1.40373 30
    endloop
  endfacet
  facet normal 0 0 1
    outer loop
      vertex 2 135.79 30
      vertex 0 138 30
      vertex 2 8.20961 30
    endloop
  endfacet
  facet normal 0 0 1
    outer loop
      vertex 3.85291 138.987 30
      vertex 0.436896 140.248 30
      vertex 3.82664 138.918 30
    endloop
  endfacet
  facet normal 0 0 1
    outer loop
      vertex 0 6 30
      vertex 2 8.20961 30
      vertex 0 138 30
    endloop
  endfacet
  facet normal -0 0 1
    outer loop
      vertex 0.361844 140.052 30
      vertex 3.82664 138.918 30
      vertex 0.436896 140.248 30
    endloop
  endfacet
  facet normal 0 0 1
    outer loop
      vertex 3.70128 5.87329 30
      vertex 0.00365448 5.7906 30
      vertex 3.7 5.8 30
    endloop
  endfacet
  facet normal 0 0 1
    outer loop
      vertex 3.82664 138.918 30
      vertex 0.361844 140.052 30
      vertex 3.80278 138.849 30
    endloop
  endfacet
  facet normal 0 0 1
    outer loop
      vertex 4.34122 4.28939 30
      vertex 1.83205 1.68396 30
      vertex 1.98522 1.54113 30
    endloop
  endfacet
  facet normal 0 0 1
    outer loop
      vertex 3.80278 138.849 30
      vertex 0.361844 140.052 30
      vertex 3.78135 138.779 30
    endloop
  endfacet
  facet normal 0 0 1
    outer loop
      vertex 4.28939 4.34122 30
      vertex 1.68396 1.83205 30
      vertex 1.83205 1.68396 30
    endloop
  endfacet
  facet normal -0 0 1
    outer loop
      vertex 0.29366 139.854 30
      vertex 3.78135 138.779 30
      vertex 0.361844 140.052 30
    endloop
  endfacet
  facet normal 0 0 1
    outer loop
      vertex 4.2394 4.39482 30
      vertex 1.54113 1.98522 30
      vertex 1.68396 1.83205 30
    endloop
  endfacet
  facet normal 0 0 1
    outer loop
      vertex 3.78135 138.779 30
      vertex 0.29366 139.854 30
      vertex 3.76238 138.708 30
    endloop
  endfacet
  facet normal 0 0 1
    outer loop
      vertex 4.19131 4.45015 30
      vertex 1.40373 2.14327 30
      vertex 1.54113 1.98522 30
    endloop
  endfacet
  facet normal -0 0 1
    outer loop
      vertex 0.23243 139.654 30
      vertex 3.76238 138.708 30
      vertex 0.29366 139.854 30
    endloop
  endfacet
  facet normal 0 0 1
    outer loop
      vertex 4.14518 4.50711 30
      vertex 1.27194 2.30603 30
      vertex 1.40373 2.14327 30
    endloop
  endfacet
  facet normal 0 0 1
    outer loop
      vertex 3.76238 138.708 30
      vertex 0.23243 139.654 30
      vertex 3.74589 138.637 30
    endloop
  endfacet
  facet normal 0 0 1
    outer loop
      vertex 4.10106 4.56565 30
      vertex 1.1459 2.47329 30
      vertex 1.27194 2.30603 30
    endloop
  endfacet
  facet normal -0 0 1
    outer loop
      vertex 0.178226 139.452 30
      vertex 3.74589 138.637 30
      vertex 0.23243 139.654 30
    endloop
  endfacet
  facet normal 0 0 1
    outer loop
      vertex 4.05902 4.62569 30
      vertex 1.02577 2.64484 30
      vertex 1.1459 2.47329 30
    endloop
  endfacet
  facet normal 0 0 1
    outer loop
      vertex 3.74589 138.637 30
      vertex 0.178226 139.452 30
      vertex 3.7319 138.565 30
    endloop
  endfacet
  facet normal 0 0 1
    outer loop
      vertex 4.0191 4.68717 30
      vertex 0.911711 2.82048 30
      vertex 1.02577 2.64484 30
    endloop
  endfacet
  facet normal -0 0 1
    outer loop
      vertex 0.131114 139.247 30
      vertex 3.7319 138.565 30
      vertex 0.178226 139.452 30
    endloop
  endfacet
  facet normal 0 0 1
    outer loop
      vertex 3.98135 4.75 30
      vertex 0.803847 3 30
      vertex 0.911711 2.82048 30
    endloop
  endfacet
  facet normal 0 0 1
    outer loop
      vertex 3.7319 138.565 30
      vertex 0.131114 139.247 30
      vertex 3.72044 138.492 30
    endloop
  endfacet
  facet normal 0 0 1
    outer loop
      vertex 3.94581 4.81411 30
      vertex 0.702314 3.18317 30
      vertex 0.803847 3 30
    endloop
  endfacet
  facet normal -0 0 1
    outer loop
      vertex 0.0911531 139.042 30
      vertex 3.72044 138.492 30
      vertex 0.131114 139.247 30
    endloop
  endfacet
  facet normal 0 0 1
    outer loop
      vertex 3.91253 4.87942 30
      vertex 0.607235 3.36977 30
      vertex 0.702314 3.18317 30
    endloop
  endfacet
  facet normal 0 0 1
    outer loop
      vertex 3.72044 138.492 30
      vertex 0.0911531 139.042 30
      vertex 3.7115 138.42 30
    endloop
  endfacet
  facet normal 0 0 1
    outer loop
      vertex 3.88155 4.94585 30
      vertex 0.518726 3.55958 30
      vertex 0.607235 3.36977 30
    endloop
  endfacet
  facet normal -0 0 1
    outer loop
      vertex 0.0583916 138.835 30
      vertex 3.7115 138.42 30
      vertex 0.0911531 139.042 30
    endloop
  endfacet
  facet normal 0 0 1
    outer loop
      vertex 3.85291 5.01333 30
      vertex 0.436896 3.75236 30
      vertex 0.518726 3.55958 30
    endloop
  endfacet
  facet normal 0 0 1
    outer loop
      vertex 3.7115 138.42 30
      vertex 0.0583916 138.835 30
      vertex 3.70512 138.346 30
    endloop
  endfacet
  facet normal 0 0 1
    outer loop
      vertex 3.82664 5.08176 30
      vertex 0.361844 3.94788 30
      vertex 0.436896 3.75236 30
    endloop
  endfacet
  facet normal -0 0 1
    outer loop
      vertex 0.0328684 138.627 30
      vertex 3.70512 138.346 30
      vertex 0.0583916 138.835 30
    endloop
  endfacet
  facet normal 0 0 1
    outer loop
      vertex 3.78135 5.22116 30
      vertex 0.29366 4.1459 30
      vertex 0.361844 3.94788 30
    endloop
  endfacet
  facet normal 0 0 1
    outer loop
      vertex 3.70512 138.346 30
      vertex 0.0328684 138.627 30
      vertex 3.70128 138.273 30
    endloop
  endfacet
  facet normal 0 0 1
    outer loop
      vertex 3.76238 5.29196 30
      vertex 0.23243 4.34618 30
      vertex 0.29366 4.1459 30
    endloop
  endfacet
  facet normal -0 0 1
    outer loop
      vertex 0.0146151 138.419 30
      vertex 3.70128 138.273 30
      vertex 0.0328684 138.627 30
    endloop
  endfacet
  facet normal 0 0 1
    outer loop
      vertex 3.74589 5.36339 30
      vertex 0.178226 4.54847 30
      vertex 0.23243 4.34618 30
    endloop
  endfacet
  facet normal 0 0 1
    outer loop
      vertex 3.70128 138.273 30
      vertex 0.0146151 138.419 30
      vertex 3.7 138.2 30
    endloop
  endfacet
  facet normal 0 0 1
    outer loop
      vertex 3.7319 5.43534 30
      vertex 0.131114 4.75253 30
      vertex 0.178226 4.54847 30
    endloop
  endfacet
  facet normal -0 0 1
    outer loop
      vertex 0.00365448 138.209 30
      vertex 3.7 138.2 30
      vertex 0.0146151 138.419 30
    endloop
  endfacet
  facet normal 0 0 1
    outer loop
      vertex 3.72044 5.50774 30
      vertex 0.0911531 4.95811 30
      vertex 0.131114 4.75253 30
    endloop
  endfacet
  facet normal 0 0 1
    outer loop
      vertex 3.70128 138.127 30
      vertex 0.00365448 138.209 30
      vertex 0 138 30
    endloop
  endfacet
  facet normal 0 0 1
    outer loop
      vertex 3.7115 5.58049 30
      vertex 0.0583916 5.16496 30
      vertex 0.0911531 4.95811 30
    endloop
  endfacet
  facet normal 0 0 1
    outer loop
      vertex 3.72044 137.908 30
      vertex 0 138 30
      vertex 2 135.79 30
    endloop
  endfacet
  facet normal 0 0 1
    outer loop
      vertex 3.70512 5.65351 30
      vertex 0.0328684 5.37283 30
      vertex 0.0583916 5.16496 30
    endloop
  endfacet
  facet normal 0 0 1
    outer loop
      vertex 3.70128 5.72671 30
      vertex 0.0146151 5.58146 30
      vertex 0.0328684 5.37283 30
    endloop
  endfacet
  facet normal 0 0 1
    outer loop
      vertex 3.7 5.8 30
      vertex 0.00365448 5.7906 30
      vertex 0.0146151 5.58146 30
    endloop
  endfacet
  facet normal -0 0 1
    outer loop
      vertex 79.9809 137.087 30
      vertex 82 135.79 30
      vertex 80.0187 137.15 30
    endloop
  endfacet
  facet normal -0 0 1
    outer loop
      vertex 79.941 137.026 30
      vertex 82 135.79 30
      vertex 79.9809 137.087 30
    endloop
  endfacet
  facet normal 0 0 1
    outer loop
      vertex 82 135.79 30
      vertex 79.941 137.026 30
      vertex 81.9307 135.684 30
    endloop
  endfacet
  facet normal 0 0 1
    outer loop
      vertex 81.9307 135.684 30
      vertex 79.941 137.026 30
      vertex 81.8406 135.555 30
    endloop
  endfacet
  facet normal -0 0 1
    outer loop
      vertex 79.8989 136.966 30
      vertex 81.8406 135.555 30
      vertex 79.941 137.026 30
    endloop
  endfacet
  facet normal 0 0 1
    outer loop
      vertex 81.8406 135.555 30
      vertex 79.8989 136.966 30
      vertex 81.746 135.43 30
    endloop
  endfacet
  facet normal -0 0 1
    outer loop
      vertex 79.8548 136.907 30
      vertex 81.746 135.43 30
      vertex 79.8989 136.966 30
    endloop
  endfacet
  facet normal 0 0 1
    outer loop
      vertex 81.746 135.43 30
      vertex 79.8548 136.907 30
      vertex 81.6472 135.307 30
    endloop
  endfacet
  facet normal -0 0 1
    outer loop
      vertex 79.8087 136.85 30
      vertex 81.6472 135.307 30
      vertex 79.8548 136.907 30
    endloop
  endfacet
  facet normal 0 0 1
    outer loop
      vertex 81.6472 135.307 30
      vertex 79.8087 136.85 30
      vertex 81.5442 135.189 30
    endloop
  endfacet
  facet normal -0 0 1
    outer loop
      vertex 79.7606 136.795 30
      vertex 81.5442 135.189 30
      vertex 79.8087 136.85 30
    endloop
  endfacet
  facet normal 0 0 1
    outer loop
      vertex 81.5442 135.189 30
      vertex 79.7606 136.795 30
      vertex 81.437 135.074 30
    endloop
  endfacet
  facet normal -0 0 1
    outer loop
      vertex 79.7106 136.741 30
      vertex 81.437 135.074 30
      vertex 79.7606 136.795 30
    endloop
  endfacet
  facet normal 0 0 1
    outer loop
      vertex 81.437 135.074 30
      vertex 79.7106 136.741 30
      vertex 81.326 134.963 30
    endloop
  endfacet
  facet normal -0 0 1
    outer loop
      vertex 79.6588 136.689 30
      vertex 81.326 134.963 30
      vertex 79.7106 136.741 30
    endloop
  endfacet
  facet normal 0 0 1
    outer loop
      vertex 81.326 134.963 30
      vertex 79.6588 136.689 30
      vertex 81.2111 134.856 30
    endloop
  endfacet
  facet normal -0 0 1
    outer loop
      vertex 79.6052 136.639 30
      vertex 81.2111 134.856 30
      vertex 79.6588 136.689 30
    endloop
  endfacet
  facet normal 0 0 1
    outer loop
      vertex 81.2111 134.856 30
      vertex 79.6052 136.639 30
      vertex 81.0925 134.753 30
    endloop
  endfacet
  facet normal -0 0 1
    outer loop
      vertex 79.5499 136.591 30
      vertex 81.0925 134.753 30
      vertex 79.6052 136.639 30
    endloop
  endfacet
  facet normal 0 0 1
    outer loop
      vertex 81.0925 134.753 30
      vertex 79.5499 136.591 30
      vertex 80.9705 134.654 30
    endloop
  endfacet
  facet normal -0 0 1
    outer loop
      vertex 79.4929 136.545 30
      vertex 80.9705 134.654 30
      vertex 79.5499 136.591 30
    endloop
  endfacet
  facet normal 0 0 1
    outer loop
      vertex 80.9705 134.654 30
      vertex 79.4929 136.545 30
      vertex 80.845 134.559 30
    endloop
  endfacet
  facet normal -0 0 1
    outer loop
      vertex 79.4343 136.501 30
      vertex 80.845 134.559 30
      vertex 79.4929 136.545 30
    endloop
  endfacet
  facet normal 0 0 1
    outer loop
      vertex 80.845 134.559 30
      vertex 79.4343 136.501 30
      vertex 80.7164 134.469 30
    endloop
  endfacet
  facet normal -0 0 1
    outer loop
      vertex 79.3743 136.459 30
      vertex 80.7164 134.469 30
      vertex 79.4343 136.501 30
    endloop
  endfacet
  facet normal 0 0 1
    outer loop
      vertex 80.7164 134.469 30
      vertex 79.3743 136.459 30
      vertex 80.5846 134.384 30
    endloop
  endfacet
  facet normal -0 0 1
    outer loop
      vertex 79.3128 136.419 30
      vertex 80.5846 134.384 30
      vertex 79.3743 136.459 30
    endloop
  endfacet
  facet normal 0 0 1
    outer loop
      vertex 80.5846 134.384 30
      vertex 79.3128 136.419 30
      vertex 80.45 134.303 30
    endloop
  endfacet
  facet normal -0 0 1
    outer loop
      vertex 79.25 136.381 30
      vertex 80.45 134.303 30
      vertex 79.3128 136.419 30
    endloop
  endfacet
  facet normal 0 0 1
    outer loop
      vertex 80.45 134.303 30
      vertex 79.25 136.381 30
      vertex 80.3126 134.227 30
    endloop
  endfacet
  facet normal -0 0 1
    outer loop
      vertex 79.1859 136.346 30
      vertex 80.3126 134.227 30
      vertex 79.25 136.381 30
    endloop
  endfacet
  facet normal 0 0 1
    outer loop
      vertex 80.3126 134.227 30
      vertex 79.1859 136.346 30
      vertex 80.1727 134.155 30
    endloop
  endfacet
  facet normal -0 0 1
    outer loop
      vertex 79.1206 136.313 30
      vertex 80.1727 134.155 30
      vertex 79.1859 136.346 30
    endloop
  endfacet
  facet normal 0 0 1
    outer loop
      vertex 80.1727 134.155 30
      vertex 79.1206 136.313 30
      vertex 80.0303 134.089 30
    endloop
  endfacet
  facet normal -0 0 1
    outer loop
      vertex 79.0541 136.282 30
      vertex 80.0303 134.089 30
      vertex 79.1206 136.313 30
    endloop
  endfacet
  facet normal 0 0 1
    outer loop
      vertex 80.0303 134.089 30
      vertex 79.0541 136.282 30
      vertex 79.8857 134.028 30
    endloop
  endfacet
  facet normal -0 0 1
    outer loop
      vertex 78.9867 136.253 30
      vertex 79.8857 134.028 30
      vertex 79.0541 136.282 30
    endloop
  endfacet
  facet normal 0 0 1
    outer loop
      vertex 79.8857 134.028 30
      vertex 78.9867 136.253 30
      vertex 79.7391 133.971 30
    endloop
  endfacet
  facet normal -0 0 1
    outer loop
      vertex 78.9182 136.227 30
      vertex 79.7391 133.971 30
      vertex 78.9867 136.253 30
    endloop
  endfacet
  facet normal 0 0 1
    outer loop
      vertex 79.7391 133.971 30
      vertex 78.9182 136.227 30
      vertex 79.5906 133.92 30
    endloop
  endfacet
  facet normal -0 0 1
    outer loop
      vertex 78.8489 136.203 30
      vertex 79.5906 133.92 30
      vertex 78.9182 136.227 30
    endloop
  endfacet
  facet normal 0 0 1
    outer loop
      vertex 79.5906 133.92 30
      vertex 78.8489 136.203 30
      vertex 79.4404 133.874 30
    endloop
  endfacet
  facet normal -0 0 1
    outer loop
      vertex 78.7788 136.181 30
      vertex 79.4404 133.874 30
      vertex 78.8489 136.203 30
    endloop
  endfacet
  facet normal 0 0 1
    outer loop
      vertex 79.4404 133.874 30
      vertex 78.7788 136.181 30
      vertex 79.2887 133.834 30
    endloop
  endfacet
  facet normal -0 0 1
    outer loop
      vertex 78.708 136.162 30
      vertex 79.2887 133.834 30
      vertex 78.7788 136.181 30
    endloop
  endfacet
  facet normal 0 0 1
    outer loop
      vertex 79.2887 133.834 30
      vertex 78.708 136.162 30
      vertex 79.1356 133.798 30
    endloop
  endfacet
  facet normal -0 0 1
    outer loop
      vertex 78.6366 136.146 30
      vertex 79.1356 133.798 30
      vertex 78.708 136.162 30
    endloop
  endfacet
  facet normal 0 0 1
    outer loop
      vertex 79.1356 133.798 30
      vertex 78.6366 136.146 30
      vertex 78.9814 133.768 30
    endloop
  endfacet
  facet normal -0 0 1
    outer loop
      vertex 78.5647 136.132 30
      vertex 78.9814 133.768 30
      vertex 78.6366 136.146 30
    endloop
  endfacet
  facet normal 0 0 1
    outer loop
      vertex 78.9814 133.768 30
      vertex 78.5647 136.132 30
      vertex 78.8263 133.744 30
    endloop
  endfacet
  facet normal -0 0 1
    outer loop
      vertex 78.4923 136.12 30
      vertex 78.8263 133.744 30
      vertex 78.5647 136.132 30
    endloop
  endfacet
  facet normal 0 0 1
    outer loop
      vertex 78.8263 133.744 30
      vertex 78.4923 136.12 30
      vertex 78.6704 133.725 30
    endloop
  endfacet
  facet normal -0 0 1
    outer loop
      vertex 78.4195 136.112 30
      vertex 78.6704 133.725 30
      vertex 78.4923 136.12 30
    endloop
  endfacet
  facet normal 0 0 1
    outer loop
      vertex 78.6704 133.725 30
      vertex 78.4195 136.112 30
      vertex 78.5139 133.711 30
    endloop
  endfacet
  facet normal -0 0 1
    outer loop
      vertex 78.3465 136.105 30
      vertex 78.5139 133.711 30
      vertex 78.4195 136.112 30
    endloop
  endfacet
  facet normal 0 0 1
    outer loop
      vertex 78.5139 133.711 30
      vertex 78.3465 136.105 30
      vertex 78.357 133.703 30
    endloop
  endfacet
  facet normal -0 0 1
    outer loop
      vertex 78.2733 136.101 30
      vertex 78.357 133.703 30
      vertex 78.3465 136.105 30
    endloop
  endfacet
  facet normal -0 0 1
    outer loop
      vertex 78.2 136.1 30
      vertex 78.357 133.703 30
      vertex 78.2733 136.101 30
    endloop
  endfacet
  facet normal 0 0 1
    outer loop
      vertex 78.2 136.1 30
      vertex 78.2 133.7 30
      vertex 78.357 133.703 30
    endloop
  endfacet
  facet normal 0 0 1
    outer loop
      vertex 78.1267 136.101 30
      vertex 78.2 133.7 30
      vertex 78.2 136.1 30
    endloop
  endfacet
  facet normal 0 0 1
    outer loop
      vertex 78.043 133.703 30
      vertex 78.1267 136.101 30
      vertex 78.0535 136.105 30
    endloop
  endfacet
  facet normal 0 0 1
    outer loop
      vertex 78.1267 136.101 30
      vertex 78.043 133.703 30
      vertex 78.2 133.7 30
    endloop
  endfacet
  facet normal 0 0 1
    outer loop
      vertex 77.8861 133.711 30
      vertex 78.0535 136.105 30
      vertex 77.9805 136.112 30
    endloop
  endfacet
  facet normal 0 0 1
    outer loop
      vertex 77.7296 133.725 30
      vertex 77.9805 136.112 30
      vertex 77.9077 136.12 30
    endloop
  endfacet
  facet normal 0 0 1
    outer loop
      vertex 78.0535 136.105 30
      vertex 77.8861 133.711 30
      vertex 78.043 133.703 30
    endloop
  endfacet
  facet normal 0 0 1
    outer loop
      vertex 77.5737 133.744 30
      vertex 77.9077 136.12 30
      vertex 77.8353 136.132 30
    endloop
  endfacet
  facet normal 0 0 1
    outer loop
      vertex 77.4186 133.768 30
      vertex 77.8353 136.132 30
      vertex 77.7634 136.146 30
    endloop
  endfacet
  facet normal 0 0 1
    outer loop
      vertex 77.9805 136.112 30
      vertex 77.7296 133.725 30
      vertex 77.8861 133.711 30
    endloop
  endfacet
  facet normal 0 0 1
    outer loop
      vertex 77.2644 133.798 30
      vertex 77.7634 136.146 30
      vertex 77.692 136.162 30
    endloop
  endfacet
  facet normal 0 0 1
    outer loop
      vertex 77.1114 133.834 30
      vertex 77.692 136.162 30
      vertex 77.6212 136.181 30
    endloop
  endfacet
  facet normal 0 0 1
    outer loop
      vertex 77.9077 136.12 30
      vertex 77.5737 133.744 30
      vertex 77.7296 133.725 30
    endloop
  endfacet
  facet normal 0 0 1
    outer loop
      vertex 76.9596 133.874 30
      vertex 77.6212 136.181 30
      vertex 77.5511 136.203 30
    endloop
  endfacet
  facet normal 0 0 1
    outer loop
      vertex 76.8094 133.92 30
      vertex 77.5511 136.203 30
      vertex 77.4818 136.227 30
    endloop
  endfacet
  facet normal 0 0 1
    outer loop
      vertex 77.8353 136.132 30
      vertex 77.4186 133.768 30
      vertex 77.5737 133.744 30
    endloop
  endfacet
  facet normal 0 0 1
    outer loop
      vertex 76.6609 133.971 30
      vertex 77.4818 136.227 30
      vertex 77.4133 136.253 30
    endloop
  endfacet
  facet normal 0 0 1
    outer loop
      vertex 76.5143 134.028 30
      vertex 77.4133 136.253 30
      vertex 77.3459 136.282 30
    endloop
  endfacet
  facet normal 0 0 1
    outer loop
      vertex 76.3697 134.089 30
      vertex 77.3459 136.282 30
      vertex 77.2794 136.313 30
    endloop
  endfacet
  facet normal 0 0 1
    outer loop
      vertex 77.7634 136.146 30
      vertex 77.2644 133.798 30
      vertex 77.4186 133.768 30
    endloop
  endfacet
  facet normal 0 0 1
    outer loop
      vertex 76.2273 134.155 30
      vertex 77.2794 136.313 30
      vertex 77.2141 136.346 30
    endloop
  endfacet
  facet normal 0 0 1
    outer loop
      vertex 76.0874 134.227 30
      vertex 77.2141 136.346 30
      vertex 77.15 136.381 30
    endloop
  endfacet
  facet normal 0 0 1
    outer loop
      vertex 77.692 136.162 30
      vertex 77.1114 133.834 30
      vertex 77.2644 133.798 30
    endloop
  endfacet
  facet normal 0 0 1
    outer loop
      vertex 75.95 134.303 30
      vertex 77.15 136.381 30
      vertex 77.0872 136.419 30
    endloop
  endfacet
  facet normal 0 0 1
    outer loop
      vertex 75.95 134.303 30
      vertex 77.0872 136.419 30
      vertex 77.0257 136.459 30
    endloop
  endfacet
  facet normal 0 0 1
    outer loop
      vertex 75.95 134.303 30
      vertex 77.0257 136.459 30
      vertex 76.9657 136.501 30
    endloop
  endfacet
  facet normal 0 0 1
    outer loop
      vertex 77.6212 136.181 30
      vertex 76.9596 133.874 30
      vertex 77.1114 133.834 30
    endloop
  endfacet
  facet normal 0 0 1
    outer loop
      vertex 75.95 134.303 30
      vertex 76.9657 136.501 30
      vertex 76.9071 136.545 30
    endloop
  endfacet
  facet normal 0 0 1
    outer loop
      vertex 75.95 134.303 30
      vertex 76.9071 136.545 30
      vertex 76.8501 136.591 30
    endloop
  endfacet
  facet normal 0 0 1
    outer loop
      vertex 77.5511 136.203 30
      vertex 76.8094 133.92 30
      vertex 76.9596 133.874 30
    endloop
  endfacet
  facet normal 0 0 1
    outer loop
      vertex 75.95 134.303 30
      vertex 76.8501 136.591 30
      vertex 76.7948 136.639 30
    endloop
  endfacet
  facet normal 0 0 1
    outer loop
      vertex 75.95 134.303 30
      vertex 76.7948 136.639 30
      vertex 76.7412 136.689 30
    endloop
  endfacet
  facet normal 0 0 1
    outer loop
      vertex 75.95 134.303 30
      vertex 76.7412 136.689 30
      vertex 76.6894 136.741 30
    endloop
  endfacet
  facet normal 0 0 1
    outer loop
      vertex 77.4818 136.227 30
      vertex 76.6609 133.971 30
      vertex 76.8094 133.92 30
    endloop
  endfacet
  facet normal 0 0 1
    outer loop
      vertex 75.95 134.303 30
      vertex 76.6894 136.741 30
      vertex 76.6394 136.795 30
    endloop
  endfacet
  facet normal 0 0 1
    outer loop
      vertex 75.95 134.303 30
      vertex 76.6394 136.795 30
      vertex 76.5913 136.85 30
    endloop
  endfacet
  facet normal 0 0 1
    outer loop
      vertex 75.95 134.303 30
      vertex 76.5913 136.85 30
      vertex 76.5452 136.907 30
    endloop
  endfacet
  facet normal 0 0 1
    outer loop
      vertex 77.4133 136.253 30
      vertex 76.5143 134.028 30
      vertex 76.6609 133.971 30
    endloop
  endfacet
  facet normal 0 0 1
    outer loop
      vertex 75.95 134.303 30
      vertex 76.5452 136.907 30
      vertex 76.5011 136.966 30
    endloop
  endfacet
  facet normal 0 0 1
    outer loop
      vertex 75.95 134.303 30
      vertex 76.5011 136.966 30
      vertex 76.459 137.026 30
    endloop
  endfacet
  facet normal 0 0 1
    outer loop
      vertex 75.95 134.303 30
      vertex 76.459 137.026 30
      vertex 76.4191 137.087 30
    endloop
  endfacet
  facet normal 0 0 1
    outer loop
      vertex 75.95 134.303 30
      vertex 76.4191 137.087 30
      vertex 76.3813 137.15 30
    endloop
  endfacet
  facet normal 0 0 1
    outer loop
      vertex 77.3459 136.282 30
      vertex 76.3697 134.089 30
      vertex 76.5143 134.028 30
    endloop
  endfacet
  facet normal 0 0 1
    outer loop
      vertex 75.95 134.303 30
      vertex 76.3813 137.15 30
      vertex 76.3458 137.214 30
    endloop
  endfacet
  facet normal 0 0 1
    outer loop
      vertex 75.95 134.303 30
      vertex 76.3458 137.214 30
      vertex 76.3125 137.279 30
    endloop
  endfacet
  facet normal 0 0 1
    outer loop
      vertex 75.95 134.303 30
      vertex 76.3125 137.279 30
      vertex 76.2816 137.346 30
    endloop
  endfacet
  facet normal 0 0 1
    outer loop
      vertex 75.95 134.303 30
      vertex 76.2816 137.346 30
      vertex 76.2529 137.413 30
    endloop
  endfacet
  facet normal 0 0 1
    outer loop
      vertex 77.2794 136.313 30
      vertex 76.2273 134.155 30
      vertex 76.3697 134.089 30
    endloop
  endfacet
  facet normal 0 0 1
    outer loop
      vertex 75.95 134.303 30
      vertex 76.2529 137.413 30
      vertex 76.2266 137.482 30
    endloop
  endfacet
  facet normal 0 0 1
    outer loop
      vertex 75.95 134.303 30
      vertex 76.2266 137.482 30
      vertex 76.2028 137.551 30
    endloop
  endfacet
  facet normal 0 0 1
    outer loop
      vertex 75.95 134.303 30
      vertex 76.2028 137.551 30
      vertex 76.1814 137.621 30
    endloop
  endfacet
  facet normal 0 0 1
    outer loop
      vertex 75.95 134.303 30
      vertex 76.1814 137.621 30
      vertex 76.1624 137.692 30
    endloop
  endfacet
  facet normal 0 0 1
    outer loop
      vertex 75.95 134.303 30
      vertex 76.1624 137.692 30
      vertex 76.1459 137.763 30
    endloop
  endfacet
  facet normal 0 0 1
    outer loop
      vertex 75.95 134.303 30
      vertex 76.1459 137.763 30
      vertex 76.1319 137.835 30
    endloop
  endfacet
  facet normal 0 0 1
    outer loop
      vertex 75.95 134.303 30
      vertex 76.1319 137.835 30
      vertex 76.1204 137.908 30
    endloop
  endfacet
  facet normal 0 0 1
    outer loop
      vertex 75.95 134.303 30
      vertex 76.1204 137.908 30
      vertex 76.1115 137.98 30
    endloop
  endfacet
  facet normal 0 0 1
    outer loop
      vertex 75.95 134.303 30
      vertex 76.1115 137.98 30
      vertex 76.1051 138.054 30
    endloop
  endfacet
  facet normal 0 0 1
    outer loop
      vertex 75.95 134.303 30
      vertex 76.1051 138.054 30
      vertex 76.1013 138.127 30
    endloop
  endfacet
  facet normal 0 0 1
    outer loop
      vertex 77.2141 136.346 30
      vertex 76.0874 134.227 30
      vertex 76.2273 134.155 30
    endloop
  endfacet
  facet normal 0 0 1
    outer loop
      vertex 75.8154 134.384 30
      vertex 76.1013 138.127 30
      vertex 76.1 138.2 30
    endloop
  endfacet
  facet normal 0.999843 0.0177006 0
    outer loop
      vertex 84 138 30
      vertex 83.9963 138.209 0
      vertex 83.9963 138.209 30
    endloop
  endfacet
  facet normal 0.999843 0.0177006 0
    outer loop
      vertex 83.9963 138.209 0
      vertex 84 138 30
      vertex 84 138 0
    endloop
  endfacet
  facet normal -0.857173 -0.515029 0
    outer loop
      vertex 0.911711 2.82048 0
      vertex 0.803847 3 30
      vertex 0.803847 3 0
    endloop
  endfacet
  facet normal -0.857173 -0.515029 0
    outer loop
      vertex 0.803847 3 30
      vertex 0.911711 2.82048 0
      vertex 0.911711 2.82048 30
    endloop
  endfacet
  facet normal 0.933799 0.357798 0
    outer loop
      vertex 83.6382 140.052 30
      vertex 83.5631 140.248 0
      vertex 83.5631 140.248 30
    endloop
  endfacet
  facet normal 0.933799 0.357798 0
    outer loop
      vertex 83.5631 140.248 0
      vertex 83.6382 140.052 30
      vertex 83.6382 140.052 0
    endloop
  endfacet
  facet normal 1 -0 0
    outer loop
      vertex 84 6 30
      vertex 84 138 0
      vertex 84 138 30
    endloop
  endfacet
  facet normal 1 0 0
    outer loop
      vertex 84 138 0
      vertex 84 6 30
      vertex 84 6 0
    endloop
  endfacet
  facet normal -0.0190987 0.999818 0
    outer loop
      vertex 6 144 0
      vertex 5.7906 143.996 30
      vertex 6 144 30
    endloop
  endfacet
  facet normal -0.0190987 0.999818 0
    outer loop
      vertex 5.7906 143.996 30
      vertex 6 144 0
      vertex 5.7906 143.996 0
    endloop
  endfacet
  facet normal 0.998656 0.051835 0
    outer loop
      vertex 83.9963 138.209 30
      vertex 83.9854 138.419 0
      vertex 83.9854 138.419 30
    endloop
  endfacet
  facet normal 0.998656 0.051835 0
    outer loop
      vertex 83.9854 138.419 0
      vertex 83.9963 138.209 30
      vertex 83.9963 138.209 0
    endloop
  endfacet
  facet normal 0.974382 -0.224901 0
    outer loop
      vertex 83.8218 4.54847 30
      vertex 83.8689 4.75253 0
      vertex 83.8689 4.75253 30
    endloop
  endfacet
  facet normal 0.974382 -0.224901 0
    outer loop
      vertex 83.8689 4.75253 0
      vertex 83.8218 4.54847 30
      vertex 83.8218 4.54847 0
    endloop
  endfacet
  facet normal 0 1 -0
    outer loop
      vertex 78 144 0
      vertex 6 144 30
      vertex 78 144 30
    endloop
  endfacet
  facet normal 0 1 0
    outer loop
      vertex 6 144 30
      vertex 78 144 0
      vertex 6 144 0
    endloop
  endfacet
  facet normal -1 0 0
    outer loop
      vertex 0 6 0
      vertex 0 138 30
      vertex 0 138 0
    endloop
  endfacet
  facet normal -1 -0 0
    outer loop
      vertex 0 138 30
      vertex 0 6 0
      vertex 0 6 30
    endloop
  endfacet
  facet normal 0 0 -1
    outer loop
      vertex 78 0 0
      vertex 84 6 0
      vertex 83.9963 5.7906 0
    endloop
  endfacet
  facet normal 0 0 -1
    outer loop
      vertex 84 6 0
      vertex 0 6 0
      vertex 84 138 0
    endloop
  endfacet
  facet normal 0 0 -1
    outer loop
      vertex 78 0 0
      vertex 83.9963 5.7906 0
      vertex 83.9854 5.58146 0
    endloop
  endfacet
  facet normal 0 0 -1
    outer loop
      vertex 0 138 0
      vertex 84 138 0
      vertex 0 6 0
    endloop
  endfacet
  facet normal 0 0 -1
    outer loop
      vertex 78 0 0
      vertex 83.9854 5.58146 0
      vertex 83.9671 5.37283 0
    endloop
  endfacet
  facet normal 0 -0 -1
    outer loop
      vertex 78 144 0
      vertex 84 138 0
      vertex 0 138 0
    endloop
  endfacet
  facet normal 0 0 -1
    outer loop
      vertex 78 0 0
      vertex 83.9671 5.37283 0
      vertex 83.9416 5.16496 0
    endloop
  endfacet
  facet normal 0 0 -1
    outer loop
      vertex 84 138 0
      vertex 78 144 0
      vertex 83.9963 138.209 0
    endloop
  endfacet
  facet normal 0 0 -1
    outer loop
      vertex 78 0 0
      vertex 83.9416 5.16496 0
      vertex 83.9088 4.95811 0
    endloop
  endfacet
  facet normal 0 0 -1
    outer loop
      vertex 83.9963 138.209 0
      vertex 78 144 0
      vertex 83.9854 138.419 0
    endloop
  endfacet
  facet normal 0 0 -1
    outer loop
      vertex 78 0 0
      vertex 83.9088 4.95811 0
      vertex 83.8689 4.75253 0
    endloop
  endfacet
  facet normal 0 0 -1
    outer loop
      vertex 83.9854 138.419 0
      vertex 78 144 0
      vertex 83.9671 138.627 0
    endloop
  endfacet
  facet normal 0 0 -1
    outer loop
      vertex 78 0 0
      vertex 83.8689 4.75253 0
      vertex 83.8218 4.54847 0
    endloop
  endfacet
  facet normal 0 0 -1
    outer loop
      vertex 83.9671 138.627 0
      vertex 78 144 0
      vertex 83.9416 138.835 0
    endloop
  endfacet
  facet normal 0 0 -1
    outer loop
      vertex 78 0 0
      vertex 83.8218 4.54847 0
      vertex 83.7676 4.34618 0
    endloop
  endfacet
  facet normal 0 0 -1
    outer loop
      vertex 83.9416 138.835 0
      vertex 78 144 0
      vertex 83.9088 139.042 0
    endloop
  endfacet
  facet normal 0 0 -1
    outer loop
      vertex 78 0 0
      vertex 83.7676 4.34618 0
      vertex 83.7063 4.1459 0
    endloop
  endfacet
  facet normal 0 0 -1
    outer loop
      vertex 83.9088 139.042 0
      vertex 78 144 0
      vertex 83.8689 139.247 0
    endloop
  endfacet
  facet normal 0 0 -1
    outer loop
      vertex 78 0 0
      vertex 83.7063 4.1459 0
      vertex 83.6382 3.94788 0
    endloop
  endfacet
  facet normal 0 0 -1
    outer loop
      vertex 83.8689 139.247 0
      vertex 78 144 0
      vertex 83.8218 139.452 0
    endloop
  endfacet
  facet normal 0 0 -1
    outer loop
      vertex 78 0 0
      vertex 83.6382 3.94788 0
      vertex 83.5631 3.75236 0
    endloop
  endfacet
  facet normal 0 0 -1
    outer loop
      vertex 83.8218 139.452 0
      vertex 78 144 0
      vertex 83.7676 139.654 0
    endloop
  endfacet
  facet normal 0 0 -1
    outer loop
      vertex 78 0 0
      vertex 83.5631 3.75236 0
      vertex 83.4813 3.55958 0
    endloop
  endfacet
  facet normal 0 0 -1
    outer loop
      vertex 83.7676 139.654 0
      vertex 78 144 0
      vertex 83.7063 139.854 0
    endloop
  endfacet
  facet normal 0 0 -1
    outer loop
      vertex 78 0 0
      vertex 83.4813 3.55958 0
      vertex 83.3928 3.36977 0
    endloop
  endfacet
  facet normal 0 0 -1
    outer loop
      vertex 83.7063 139.854 0
      vertex 78 144 0
      vertex 83.6382 140.052 0
    endloop
  endfacet
  facet normal 0 0 -1
    outer loop
      vertex 78 0 0
      vertex 83.3928 3.36977 0
      vertex 83.2977 3.18317 0
    endloop
  endfacet
  facet normal 0 0 -1
    outer loop
      vertex 83.6382 140.052 0
      vertex 78 144 0
      vertex 83.5631 140.248 0
    endloop
  endfacet
  facet normal 0 0 -1
    outer loop
      vertex 78 0 0
      vertex 83.2977 3.18317 0
      vertex 83.1962 3 0
    endloop
  endfacet
  facet normal 0 0 -1
    outer loop
      vertex 83.5631 140.248 0
      vertex 78 144 0
      vertex 83.4813 140.44 0
    endloop
  endfacet
  facet normal 0 0 -1
    outer loop
      vertex 78 0 0
      vertex 83.1962 3 0
      vertex 83.0883 2.82048 0
    endloop
  endfacet
  facet normal 0 0 -1
    outer loop
      vertex 83.4813 140.44 0
      vertex 78 144 0
      vertex 83.3928 140.63 0
    endloop
  endfacet
  facet normal 0 0 -1
    outer loop
      vertex 78 0 0
      vertex 83.0883 2.82048 0
      vertex 82.9742 2.64484 0
    endloop
  endfacet
  facet normal 0 0 -1
    outer loop
      vertex 83.3928 140.63 0
      vertex 78 144 0
      vertex 83.2977 140.817 0
    endloop
  endfacet
  facet normal 0 0 -1
    outer loop
      vertex 78 0 0
      vertex 82.9742 2.64484 0
      vertex 82.8541 2.47329 0
    endloop
  endfacet
  facet normal -0 0 -1
    outer loop
      vertex 84 6 0
      vertex 78 0 0
      vertex 0 6 0
    endloop
  endfacet
  facet normal 0 0 -1
    outer loop
      vertex 78 0 0
      vertex 82.8541 2.47329 0
      vertex 82.7281 2.30603 0
    endloop
  endfacet
  facet normal 0 0 -1
    outer loop
      vertex 83.2977 140.817 0
      vertex 78 144 0
      vertex 83.1962 141 0
    endloop
  endfacet
  facet normal 0 0 -1
    outer loop
      vertex 78 0 0
      vertex 82.7281 2.30603 0
      vertex 82.5963 2.14327 0
    endloop
  endfacet
  facet normal 0 0 -1
    outer loop
      vertex 82.9742 141.355 0
      vertex 78 144 0
      vertex 82.8541 141.527 0
    endloop
  endfacet
  facet normal 0 0 -1
    outer loop
      vertex 78 0 0
      vertex 82.5963 2.14327 0
      vertex 82.4589 1.98522 0
    endloop
  endfacet
  facet normal 0 0 -1
    outer loop
      vertex 82.8541 141.527 0
      vertex 78 144 0
      vertex 82.7281 141.694 0
    endloop
  endfacet
  facet normal 0 0 -1
    outer loop
      vertex 78 0 0
      vertex 82.4589 1.98522 0
      vertex 82.316 1.83205 0
    endloop
  endfacet
  facet normal 0 0 -1
    outer loop
      vertex 82.7281 141.694 0
      vertex 78 144 0
      vertex 82.5963 141.857 0
    endloop
  endfacet
  facet normal 0 0 -1
    outer loop
      vertex 78 0 0
      vertex 82.316 1.83205 0
      vertex 82.168 1.68396 0
    endloop
  endfacet
  facet normal 0 0 -1
    outer loop
      vertex 82.5963 141.857 0
      vertex 78 144 0
      vertex 82.4589 142.015 0
    endloop
  endfacet
  facet normal 0 0 -1
    outer loop
      vertex 78 0 0
      vertex 82.168 1.68396 0
      vertex 82.0148 1.54113 0
    endloop
  endfacet
  facet normal 0 0 -1
    outer loop
      vertex 82.4589 142.015 0
      vertex 78 144 0
      vertex 82.316 142.168 0
    endloop
  endfacet
  facet normal 0 0 -1
    outer loop
      vertex 78 0 0
      vertex 82.0148 1.54113 0
      vertex 81.8567 1.40373 0
    endloop
  endfacet
  facet normal 0 0 -1
    outer loop
      vertex 82.316 142.168 0
      vertex 78 144 0
      vertex 82.168 142.316 0
    endloop
  endfacet
  facet normal 0 0 -1
    outer loop
      vertex 78 0 0
      vertex 81.8567 1.40373 0
      vertex 81.694 1.27194 0
    endloop
  endfacet
  facet normal 0 0 -1
    outer loop
      vertex 82.168 142.316 0
      vertex 78 144 0
      vertex 82.0148 142.459 0
    endloop
  endfacet
  facet normal 0 0 -1
    outer loop
      vertex 78 0 0
      vertex 81.694 1.27194 0
      vertex 81.5267 1.1459 0
    endloop
  endfacet
  facet normal 0 0 -1
    outer loop
      vertex 82.0148 142.459 0
      vertex 78 144 0
      vertex 81.8567 142.596 0
    endloop
  endfacet
  facet normal 0 0 -1
    outer loop
      vertex 78 0 0
      vertex 81.5267 1.1459 0
      vertex 81.3552 1.02577 0
    endloop
  endfacet
  facet normal 0 0 -1
    outer loop
      vertex 81.8567 142.596 0
      vertex 78 144 0
      vertex 81.694 142.728 0
    endloop
  endfacet
  facet normal 0 0 -1
    outer loop
      vertex 78 0 0
      vertex 81.3552 1.02577 0
      vertex 81.1795 0.911711 0
    endloop
  endfacet
  facet normal 0 0 -1
    outer loop
      vertex 81.694 142.728 0
      vertex 78 144 0
      vertex 81.5267 142.854 0
    endloop
  endfacet
  facet normal 0 0 -1
    outer loop
      vertex 78 0 0
      vertex 81.1795 0.911711 0
      vertex 81 0.803847 0
    endloop
  endfacet
  facet normal 0 0 -1
    outer loop
      vertex 81.5267 142.854 0
      vertex 78 144 0
      vertex 81.3552 142.974 0
    endloop
  endfacet
  facet normal 0 0 -1
    outer loop
      vertex 78 0 0
      vertex 81 0.803847 0
      vertex 80.8168 0.702314 0
    endloop
  endfacet
  facet normal 0 0 -1
    outer loop
      vertex 81.3552 142.974 0
      vertex 78 144 0
      vertex 81.1795 143.088 0
    endloop
  endfacet
  facet normal 0 0 -1
    outer loop
      vertex 78 0 0
      vertex 80.8168 0.702314 0
      vertex 80.6302 0.607235 0
    endloop
  endfacet
  facet normal 0 0 -1
    outer loop
      vertex 81.1795 143.088 0
      vertex 78 144 0
      vertex 81 143.196 0
    endloop
  endfacet
  facet normal 0 0 -1
    outer loop
      vertex 78 0 0
      vertex 80.6302 0.607235 0
      vertex 80.4404 0.518726 0
    endloop
  endfacet
  facet normal 0 0 -1
    outer loop
      vertex 81 143.196 0
      vertex 78 144 0
      vertex 80.8168 143.298 0
    endloop
  endfacet
  facet normal 0 0 -1
    outer loop
      vertex 78 0 0
      vertex 80.4404 0.518726 0
      vertex 80.2476 0.436896 0
    endloop
  endfacet
  facet normal 0 0 -1
    outer loop
      vertex 80.8168 143.298 0
      vertex 78 144 0
      vertex 80.6302 143.393 0
    endloop
  endfacet
  facet normal 0 0 -1
    outer loop
      vertex 78 0 0
      vertex 80.2476 0.436896 0
      vertex 80.0521 0.361844 0
    endloop
  endfacet
  facet normal 0 0 -1
    outer loop
      vertex 80.6302 143.393 0
      vertex 78 144 0
      vertex 80.4404 143.481 0
    endloop
  endfacet
  facet normal 0 0 -1
    outer loop
      vertex 78 0 0
      vertex 80.0521 0.361844 0
      vertex 79.8541 0.29366 0
    endloop
  endfacet
  facet normal 0 0 -1
    outer loop
      vertex 80.4404 143.481 0
      vertex 78 144 0
      vertex 80.2476 143.563 0
    endloop
  endfacet
  facet normal 0 0 -1
    outer loop
      vertex 78 0 0
      vertex 79.8541 0.29366 0
      vertex 79.6538 0.23243 0
    endloop
  endfacet
  facet normal 0 0 -1
    outer loop
      vertex 80.2476 143.563 0
      vertex 78 144 0
      vertex 80.0521 143.638 0
    endloop
  endfacet
  facet normal 0 0 -1
    outer loop
      vertex 78 0 0
      vertex 79.6538 0.23243 0
      vertex 79.4515 0.178226 0
    endloop
  endfacet
  facet normal 0 0 -1
    outer loop
      vertex 80.0521 143.638 0
      vertex 78 144 0
      vertex 79.8541 143.706 0
    endloop
  endfacet
  facet normal 0 0 -1
    outer loop
      vertex 78 0 0
      vertex 79.4515 0.178226 0
      vertex 79.2475 0.131114 0
    endloop
  endfacet
  facet normal 0 0 -1
    outer loop
      vertex 79.8541 143.706 0
      vertex 78 144 0
      vertex 79.6538 143.768 0
    endloop
  endfacet
  facet normal 0 0 -1
    outer loop
      vertex 78 0 0
      vertex 79.2475 0.131114 0
      vertex 79.0419 0.0911531 0
    endloop
  endfacet
  facet normal 0 0 -1
    outer loop
      vertex 79.6538 143.768 0
      vertex 78 144 0
      vertex 79.4515 143.822 0
    endloop
  endfacet
  facet normal 0 0 -1
    outer loop
      vertex 78 0 0
      vertex 79.0419 0.0911531 0
      vertex 78.835 0.0583916 0
    endloop
  endfacet
  facet normal 0 0 -1
    outer loop
      vertex 79.4515 143.822 0
      vertex 78 144 0
      vertex 79.2475 143.869 0
    endloop
  endfacet
  facet normal 0 0 -1
    outer loop
      vertex 78 0 0
      vertex 78.835 0.0583916 0
      vertex 78.6272 0.0328684 0
    endloop
  endfacet
  facet normal 0 0 -1
    outer loop
      vertex 79.2475 143.869 0
      vertex 78 144 0
      vertex 79.0419 143.909 0
    endloop
  endfacet
  facet normal 0 0 -1
    outer loop
      vertex 78 0 0
      vertex 78.6272 0.0328684 0
      vertex 78.4185 0.0146151 0
    endloop
  endfacet
  facet normal 0 0 -1
    outer loop
      vertex 79.0419 143.909 0
      vertex 78 144 0
      vertex 78.835 143.942 0
    endloop
  endfacet
  facet normal 0 0 -1
    outer loop
      vertex 78 0 0
      vertex 78.4185 0.0146151 0
      vertex 78.2094 0.00365448 0
    endloop
  endfacet
  facet normal 0 0 -1
    outer loop
      vertex 78.835 143.942 0
      vertex 78 144 0
      vertex 78.6272 143.967 0
    endloop
  endfacet
  facet normal 0 0 -1
    outer loop
      vertex 78.6272 143.967 0
      vertex 78 144 0
      vertex 78.4185 143.985 0
    endloop
  endfacet
  facet normal 0 0 -1
    outer loop
      vertex 78.4185 143.985 0
      vertex 78 144 0
      vertex 78.2094 143.996 0
    endloop
  endfacet
  facet normal 0 0 -1
    outer loop
      vertex 0 6 0
      vertex 78 0 0
      vertex 6 0 0
    endloop
  endfacet
  facet normal 0 0 -1
    outer loop
      vertex 83.1962 141 0
      vertex 78 144 0
      vertex 83.0883 141.18 0
    endloop
  endfacet
  facet normal 0 0 -1
    outer loop
      vertex 0 6 0
      vertex 6 0 0
      vertex 5.7906 0.00365448 0
    endloop
  endfacet
  facet normal 0 0 -1
    outer loop
      vertex 83.0883 141.18 0
      vertex 78 144 0
      vertex 82.9742 141.355 0
    endloop
  endfacet
  facet normal 0 0 -1
    outer loop
      vertex 0 6 0
      vertex 5.7906 0.00365448 0
      vertex 5.58146 0.0146151 0
    endloop
  endfacet
  facet normal -0 0 -1
    outer loop
      vertex 78 144 0
      vertex 0 138 0
      vertex 6 144 0
    endloop
  endfacet
  facet normal 0 0 -1
    outer loop
      vertex 0 6 0
      vertex 5.58146 0.0146151 0
      vertex 5.37283 0.0328684 0
    endloop
  endfacet
  facet normal 0 0 -1
    outer loop
      vertex 6 144 0
      vertex 0 138 0
      vertex 5.7906 143.996 0
    endloop
  endfacet
  facet normal 0 0 -1
    outer loop
      vertex 0 6 0
      vertex 5.37283 0.0328684 0
      vertex 5.16496 0.0583916 0
    endloop
  endfacet
  facet normal 0 0 -1
    outer loop
      vertex 5.7906 143.996 0
      vertex 0 138 0
      vertex 5.58146 143.985 0
    endloop
  endfacet
  facet normal 0 0 -1
    outer loop
      vertex 0 6 0
      vertex 5.16496 0.0583916 0
      vertex 4.95811 0.0911531 0
    endloop
  endfacet
  facet normal 0 0 -1
    outer loop
      vertex 5.58146 143.985 0
      vertex 0 138 0
      vertex 5.37283 143.967 0
    endloop
  endfacet
  facet normal 0 0 -1
    outer loop
      vertex 0 6 0
      vertex 4.95811 0.0911531 0
      vertex 4.75253 0.131114 0
    endloop
  endfacet
  facet normal 0 0 -1
    outer loop
      vertex 5.37283 143.967 0
      vertex 0 138 0
      vertex 5.16496 143.942 0
    endloop
  endfacet
  facet normal 0 0 -1
    outer loop
      vertex 0 6 0
      vertex 4.75253 0.131114 0
      vertex 4.54847 0.178226 0
    endloop
  endfacet
  facet normal 0 0 -1
    outer loop
      vertex 5.16496 143.942 0
      vertex 0 138 0
      vertex 4.95811 143.909 0
    endloop
  endfacet
  facet normal 0 0 -1
    outer loop
      vertex 0 6 0
      vertex 4.54847 0.178226 0
      vertex 4.34618 0.23243 0
    endloop
  endfacet
  facet normal 0 0 -1
    outer loop
      vertex 4.95811 143.909 0
      vertex 0 138 0
      vertex 4.75253 143.869 0
    endloop
  endfacet
  facet normal 0 0 -1
    outer loop
      vertex 0 6 0
      vertex 4.34618 0.23243 0
      vertex 4.1459 0.29366 0
    endloop
  endfacet
  facet normal 0 0 -1
    outer loop
      vertex 4.75253 143.869 0
      vertex 0 138 0
      vertex 4.54847 143.822 0
    endloop
  endfacet
  facet normal 0 0 -1
    outer loop
      vertex 0 6 0
      vertex 4.1459 0.29366 0
      vertex 3.94788 0.361844 0
    endloop
  endfacet
  facet normal 0 0 -1
    outer loop
      vertex 4.54847 143.822 0
      vertex 0 138 0
      vertex 4.34618 143.768 0
    endloop
  endfacet
  facet normal 0 0 -1
    outer loop
      vertex 0 6 0
      vertex 3.94788 0.361844 0
      vertex 3.75236 0.436896 0
    endloop
  endfacet
  facet normal 0 0 -1
    outer loop
      vertex 4.34618 143.768 0
      vertex 0 138 0
      vertex 4.1459 143.706 0
    endloop
  endfacet
  facet normal 0 0 -1
    outer loop
      vertex 0 6 0
      vertex 3.75236 0.436896 0
      vertex 3.55958 0.518726 0
    endloop
  endfacet
  facet normal 0 0 -1
    outer loop
      vertex 4.1459 143.706 0
      vertex 0 138 0
      vertex 3.94788 143.638 0
    endloop
  endfacet
  facet normal 0 0 -1
    outer loop
      vertex 0 6 0
      vertex 3.55958 0.518726 0
      vertex 3.36977 0.607235 0
    endloop
  endfacet
  facet normal 0 0 -1
    outer loop
      vertex 3.94788 143.638 0
      vertex 0 138 0
      vertex 3.75236 143.563 0
    endloop
  endfacet
  facet normal 0 0 -1
    outer loop
      vertex 0 6 0
      vertex 3.36977 0.607235 0
      vertex 3.18317 0.702314 0
    endloop
  endfacet
  facet normal 0 0 -1
    outer loop
      vertex 3.75236 143.563 0
      vertex 0 138 0
      vertex 3.55958 143.481 0
    endloop
  endfacet
  facet normal 0 0 -1
    outer loop
      vertex 0 6 0
      vertex 3.18317 0.702314 0
      vertex 3 0.803847 0
    endloop
  endfacet
  facet normal 0 0 -1
    outer loop
      vertex 3.55958 143.481 0
      vertex 0 138 0
      vertex 3.36977 143.393 0
    endloop
  endfacet
  facet normal 0 0 -1
    outer loop
      vertex 0 6 0
      vertex 3 0.803847 0
      vertex 2.82048 0.911711 0
    endloop
  endfacet
  facet normal 0 0 -1
    outer loop
      vertex 3.36977 143.393 0
      vertex 0 138 0
      vertex 3.18317 143.298 0
    endloop
  endfacet
  facet normal 0 0 -1
    outer loop
      vertex 0 6 0
      vertex 2.82048 0.911711 0
      vertex 2.64484 1.02577 0
    endloop
  endfacet
  facet normal 0 0 -1
    outer loop
      vertex 3.18317 143.298 0
      vertex 0 138 0
      vertex 3 143.196 0
    endloop
  endfacet
  facet normal 0 0 -1
    outer loop
      vertex 0 6 0
      vertex 2.64484 1.02577 0
      vertex 2.47329 1.1459 0
    endloop
  endfacet
  facet normal 0 0 -1
    outer loop
      vertex 3 143.196 0
      vertex 0 138 0
      vertex 2.82048 143.088 0
    endloop
  endfacet
  facet normal 0 0 -1
    outer loop
      vertex 0 6 0
      vertex 2.47329 1.1459 0
      vertex 2.30603 1.27194 0
    endloop
  endfacet
  facet normal 0 0 -1
    outer loop
      vertex 2.82048 143.088 0
      vertex 0 138 0
      vertex 2.64484 142.974 0
    endloop
  endfacet
  facet normal 0 0 -1
    outer loop
      vertex 0 6 0
      vertex 2.30603 1.27194 0
      vertex 2.14327 1.40373 0
    endloop
  endfacet
  facet normal 0 0 -1
    outer loop
      vertex 2.64484 142.974 0
      vertex 0 138 0
      vertex 2.47329 142.854 0
    endloop
  endfacet
  facet normal 0 0 -1
    outer loop
      vertex 0 6 0
      vertex 2.14327 1.40373 0
      vertex 1.98522 1.54113 0
    endloop
  endfacet
  facet normal 0 0 -1
    outer loop
      vertex 2.47329 142.854 0
      vertex 0 138 0
      vertex 2.30603 142.728 0
    endloop
  endfacet
  facet normal 0 0 -1
    outer loop
      vertex 0 6 0
      vertex 1.98522 1.54113 0
      vertex 1.83205 1.68396 0
    endloop
  endfacet
  facet normal 0 0 -1
    outer loop
      vertex 2.30603 142.728 0
      vertex 0 138 0
      vertex 2.14327 142.596 0
    endloop
  endfacet
  facet normal 0 0 -1
    outer loop
      vertex 0 6 0
      vertex 1.83205 1.68396 0
      vertex 1.68396 1.83205 0
    endloop
  endfacet
  facet normal 0 0 -1
    outer loop
      vertex 2.14327 142.596 0
      vertex 0 138 0
      vertex 1.98522 142.459 0
    endloop
  endfacet
  facet normal 0 0 -1
    outer loop
      vertex 0 6 0
      vertex 1.68396 1.83205 0
      vertex 1.54113 1.98522 0
    endloop
  endfacet
  facet normal 0 0 -1
    outer loop
      vertex 1.98522 142.459 0
      vertex 0 138 0
      vertex 1.83205 142.316 0
    endloop
  endfacet
  facet normal 0 0 -1
    outer loop
      vertex 0 6 0
      vertex 1.54113 1.98522 0
      vertex 1.40373 2.14327 0
    endloop
  endfacet
  facet normal 0 0 -1
    outer loop
      vertex 1.83205 142.316 0
      vertex 0 138 0
      vertex 1.68396 142.168 0
    endloop
  endfacet
  facet normal 0 0 -1
    outer loop
      vertex 0 6 0
      vertex 1.40373 2.14327 0
      vertex 1.27194 2.30603 0
    endloop
  endfacet
  facet normal 0 0 -1
    outer loop
      vertex 1.68396 142.168 0
      vertex 0 138 0
      vertex 1.54113 142.015 0
    endloop
  endfacet
  facet normal 0 0 -1
    outer loop
      vertex 0 6 0
      vertex 1.27194 2.30603 0
      vertex 1.1459 2.47329 0
    endloop
  endfacet
  facet normal 0 0 -1
    outer loop
      vertex 1.54113 142.015 0
      vertex 0 138 0
      vertex 1.40373 141.857 0
    endloop
  endfacet
  facet normal 0 0 -1
    outer loop
      vertex 0 6 0
      vertex 1.1459 2.47329 0
      vertex 1.02577 2.64484 0
    endloop
  endfacet
  facet normal 0 0 -1
    outer loop
      vertex 1.40373 141.857 0
      vertex 0 138 0
      vertex 1.27194 141.694 0
    endloop
  endfacet
  facet normal 0 0 -1
    outer loop
      vertex 0 6 0
      vertex 1.02577 2.64484 0
      vertex 0.911711 2.82048 0
    endloop
  endfacet
  facet normal 0 0 -1
    outer loop
      vertex 1.27194 141.694 0
      vertex 0 138 0
      vertex 1.1459 141.527 0
    endloop
  endfacet
  facet normal 0 0 -1
    outer loop
      vertex 0 6 0
      vertex 0.911711 2.82048 0
      vertex 0.803847 3 0
    endloop
  endfacet
  facet normal 0 0 -1
    outer loop
      vertex 1.1459 141.527 0
      vertex 0 138 0
      vertex 1.02577 141.355 0
    endloop
  endfacet
  facet normal 0 0 -1
    outer loop
      vertex 0 6 0
      vertex 0.803847 3 0
      vertex 0.702314 3.18317 0
    endloop
  endfacet
  facet normal 0 0 -1
    outer loop
      vertex 1.02577 141.355 0
      vertex 0 138 0
      vertex 0.911711 141.18 0
    endloop
  endfacet
  facet normal 0 0 -1
    outer loop
      vertex 0 6 0
      vertex 0.702314 3.18317 0
      vertex 0.607235 3.36977 0
    endloop
  endfacet
  facet normal 0 0 -1
    outer loop
      vertex 0.911711 141.18 0
      vertex 0 138 0
      vertex 0.803847 141 0
    endloop
  endfacet
  facet normal 0 0 -1
    outer loop
      vertex 0 6 0
      vertex 0.607235 3.36977 0
      vertex 0.518726 3.55958 0
    endloop
  endfacet
  facet normal 0 0 -1
    outer loop
      vertex 0.803847 141 0
      vertex 0 138 0
      vertex 0.702314 140.817 0
    endloop
  endfacet
  facet normal 0 0 -1
    outer loop
      vertex 0 6 0
      vertex 0.518726 3.55958 0
      vertex 0.436896 3.75236 0
    endloop
  endfacet
  facet normal 0 0 -1
    outer loop
      vertex 0.702314 140.817 0
      vertex 0 138 0
      vertex 0.607235 140.63 0
    endloop
  endfacet
  facet normal 0 0 -1
    outer loop
      vertex 0 6 0
      vertex 0.436896 3.75236 0
      vertex 0.361844 3.94788 0
    endloop
  endfacet
  facet normal 0 0 -1
    outer loop
      vertex 0.607235 140.63 0
      vertex 0 138 0
      vertex 0.518726 140.44 0
    endloop
  endfacet
  facet normal 0 0 -1
    outer loop
      vertex 0 6 0
      vertex 0.361844 3.94788 0
      vertex 0.29366 4.1459 0
    endloop
  endfacet
  facet normal 0 0 -1
    outer loop
      vertex 0.518726 140.44 0
      vertex 0 138 0
      vertex 0.436896 140.248 0
    endloop
  endfacet
  facet normal 0 0 -1
    outer loop
      vertex 0 6 0
      vertex 0.29366 4.1459 0
      vertex 0.23243 4.34618 0
    endloop
  endfacet
  facet normal 0 0 -1
    outer loop
      vertex 0.436896 140.248 0
      vertex 0 138 0
      vertex 0.361844 140.052 0
    endloop
  endfacet
  facet normal 0 0 -1
    outer loop
      vertex 0 6 0
      vertex 0.23243 4.34618 0
      vertex 0.178226 4.54847 0
    endloop
  endfacet
  facet normal 0 0 -1
    outer loop
      vertex 0.361844 140.052 0
      vertex 0 138 0
      vertex 0.29366 139.854 0
    endloop
  endfacet
  facet normal 0 0 -1
    outer loop
      vertex 0 6 0
      vertex 0.178226 4.54847 0
      vertex 0.131114 4.75253 0
    endloop
  endfacet
  facet normal 0 0 -1
    outer loop
      vertex 0.29366 139.854 0
      vertex 0 138 0
      vertex 0.23243 139.654 0
    endloop
  endfacet
  facet normal 0 0 -1
    outer loop
      vertex 0 6 0
      vertex 0.131114 4.75253 0
      vertex 0.0911531 4.95811 0
    endloop
  endfacet
  facet normal 0 0 -1
    outer loop
      vertex 0.23243 139.654 0
      vertex 0 138 0
      vertex 0.178226 139.452 0
    endloop
  endfacet
  facet normal 0 0 -1
    outer loop
      vertex 0 6 0
      vertex 0.0911531 4.95811 0
      vertex 0.0583916 5.16496 0
    endloop
  endfacet
  facet normal 0 0 -1
    outer loop
      vertex 0.178226 139.452 0
      vertex 0 138 0
      vertex 0.131114 139.247 0
    endloop
  endfacet
  facet normal 0 0 -1
    outer loop
      vertex 0 6 0
      vertex 0.0583916 5.16496 0
      vertex 0.0328684 5.37283 0
    endloop
  endfacet
  facet normal 0 0 -1
    outer loop
      vertex 0.131114 139.247 0
      vertex 0 138 0
      vertex 0.0911531 139.042 0
    endloop
  endfacet
  facet normal 0 0 -1
    outer loop
      vertex 0 6 0
      vertex 0.0328684 5.37283 0
      vertex 0.0146151 5.58146 0
    endloop
  endfacet
  facet normal 0 0 -1
    outer loop
      vertex 0.0911531 139.042 0
      vertex 0 138 0
      vertex 0.0583916 138.835 0
    endloop
  endfacet
  facet normal 0 0 -1
    outer loop
      vertex 0 6 0
      vertex 0.0146151 5.58146 0
      vertex 0.00365448 5.7906 0
    endloop
  endfacet
  facet normal 0 0 -1
    outer loop
      vertex 0.0583916 138.835 0
      vertex 0 138 0
      vertex 0.0328684 138.627 0
    endloop
  endfacet
  facet normal 0 0 -1
    outer loop
      vertex 0.0328684 138.627 0
      vertex 0 138 0
      vertex 0.0146151 138.419 0
    endloop
  endfacet
  facet normal 0 0 -1
    outer loop
      vertex 0.0146151 138.419 0
      vertex 0 138 0
      vertex 0.00365448 138.209 0
    endloop
  endfacet
  facet normal 0.919986 0.391952 0
    outer loop
      vertex 83.5631 140.248 30
      vertex 83.4813 140.44 0
      vertex 83.4813 140.44 30
    endloop
  endfacet
  facet normal 0.919986 0.391952 0
    outer loop
      vertex 83.4813 140.44 0
      vertex 83.5631 140.248 30
      vertex 83.5631 140.248 0
    endloop
  endfacet
  facet normal 0.998645 -0.0520476 0
    outer loop
      vertex 83.9854 5.58146 30
      vertex 83.9963 5.7906 0
      vertex 83.9963 5.7906 30
    endloop
  endfacet
  facet normal 0.998645 -0.0520476 0
    outer loop
      vertex 83.9963 5.7906 0
      vertex 83.9854 5.58146 30
      vertex 83.9854 5.58146 0
    endloop
  endfacet
  facet normal -0.656084 -0.754688 0
    outer loop
      vertex 1.98522 1.54113 0
      vertex 2.14327 1.40373 30
      vertex 1.98522 1.54113 30
    endloop
  endfacet
  facet normal -0.656084 -0.754688 -0
    outer loop
      vertex 2.14327 1.40373 30
      vertex 1.98522 1.54113 0
      vertex 2.14327 1.40373 0
    endloop
  endfacet
  facet normal 0.0174495 -0.999848 0
    outer loop
      vertex 78 0 0
      vertex 78.2094 0.00365448 30
      vertex 78 0 30
    endloop
  endfacet
  facet normal 0.0174495 -0.999848 0
    outer loop
      vertex 78.2094 0.00365448 30
      vertex 78 0 0
      vertex 78.2094 0.00365448 0
    endloop
  endfacet
  facet normal -0.0174495 -0.999848 0
    outer loop
      vertex 5.7906 0.00365448 0
      vertex 6 0 30
      vertex 5.7906 0.00365448 30
    endloop
  endfacet
  facet normal -0.0174495 -0.999848 -0
    outer loop
      vertex 6 0 30
      vertex 5.7906 0.00365448 0
      vertex 6 0 0
    endloop
  endfacet
  facet normal 0 -1 0
    outer loop
      vertex 6 0 0
      vertex 78 0 30
      vertex 6 0 30
    endloop
  endfacet
  facet normal 0 -1 -0
    outer loop
      vertex 78 0 30
      vertex 6 0 0
      vertex 78 0 0
    endloop
  endfacet
  facet normal -0.99863 -0.0523362 0
    outer loop
      vertex 0.0146151 5.58146 0
      vertex 0.00365448 5.7906 30
      vertex 0.00365448 5.7906 0
    endloop
  endfacet
  facet normal -0.99863 -0.0523362 0
    outer loop
      vertex 0.00365448 5.7906 30
      vertex 0.0146151 5.58146 0
      vertex 0.0146151 5.58146 30
    endloop
  endfacet
  facet normal 0.837677 0.546166 0
    outer loop
      vertex 83.0883 141.18 30
      vertex 82.9742 141.355 0
      vertex 82.9742 141.355 30
    endloop
  endfacet
  facet normal 0.837677 0.546166 0
    outer loop
      vertex 82.9742 141.355 0
      vertex 83.0883 141.18 30
      vertex 83.0883 141.18 0
    endloop
  endfacet
  facet normal 0.987678 0.156502 0
    outer loop
      vertex 83.9416 138.835 30
      vertex 83.9088 139.042 0
      vertex 83.9088 139.042 30
    endloop
  endfacet
  facet normal 0.987678 0.156502 0
    outer loop
      vertex 83.9088 139.042 0
      vertex 83.9416 138.835 30
      vertex 83.9416 138.835 0
    endloop
  endfacet
  facet normal 0.190792 -0.98163 0
    outer loop
      vertex 79.0419 0.0911531 0
      vertex 79.2475 0.131114 30
      vertex 79.0419 0.0911531 30
    endloop
  endfacet
  facet normal 0.190792 -0.98163 0
    outer loop
      vertex 79.2475 0.131114 30
      vertex 79.0419 0.0911531 0
      vertex 79.2475 0.131114 0
    endloop
  endfacet
  facet normal 0.956214 -0.29267 0
    outer loop
      vertex 83.7063 4.1459 30
      vertex 83.7676 4.34618 0
      vertex 83.7676 4.34618 30
    endloop
  endfacet
  facet normal 0.956214 -0.29267 0
    outer loop
      vertex 83.7676 4.34618 0
      vertex 83.7063 4.1459 30
      vertex 83.7063 4.1459 0
    endloop
  endfacet
  facet normal 0.0190987 0.999818 -0
    outer loop
      vertex 78.2094 143.996 0
      vertex 78 144 30
      vertex 78.2094 143.996 30
    endloop
  endfacet
  facet normal 0.0190987 0.999818 0
    outer loop
      vertex 78 144 30
      vertex 78.2094 143.996 0
      vertex 78 144 0
    endloop
  endfacet
  facet normal -0.891004 -0.453996 0
    outer loop
      vertex 0.702314 3.18317 0
      vertex 0.607235 3.36977 30
      vertex 0.607235 3.36977 0
    endloop
  endfacet
  facet normal -0.891004 -0.453996 0
    outer loop
      vertex 0.607235 3.36977 30
      vertex 0.702314 3.18317 0
      vertex 0.702314 3.18317 30
    endloop
  endfacet
  facet normal -0.838677 -0.544629 0
    outer loop
      vertex 1.02577 2.64484 0
      vertex 0.911711 2.82048 30
      vertex 0.911711 2.82048 0
    endloop
  endfacet
  facet normal -0.838677 -0.544629 0
    outer loop
      vertex 0.911711 2.82048 30
      vertex 1.02577 2.64484 0
      vertex 1.02577 2.64484 30
    endloop
  endfacet
  facet normal -0.945518 -0.325569 0
    outer loop
      vertex 0.361844 3.94788 0
      vertex 0.29366 4.1459 30
      vertex 0.29366 4.1459 0
    endloop
  endfacet
  facet normal -0.945518 -0.325569 0
    outer loop
      vertex 0.29366 4.1459 30
      vertex 0.361844 3.94788 0
      vertex 0.361844 3.94788 30
    endloop
  endfacet
  facet normal -0.956307 -0.292364 0
    outer loop
      vertex 0.29366 4.1459 0
      vertex 0.23243 4.34618 30
      vertex 0.23243 4.34618 0
    endloop
  endfacet
  facet normal -0.956307 -0.292364 0
    outer loop
      vertex 0.23243 4.34618 30
      vertex 0.29366 4.1459 0
      vertex 0.29366 4.1459 30
    endloop
  endfacet
  facet normal -0.974369 -0.224956 0
    outer loop
      vertex 0.178226 4.54847 0
      vertex 0.131114 4.75253 30
      vertex 0.131114 4.75253 0
    endloop
  endfacet
  facet normal -0.974369 -0.224956 0
    outer loop
      vertex 0.131114 4.75253 30
      vertex 0.178226 4.54847 0
      vertex 0.178226 4.54847 30
    endloop
  endfacet
  facet normal -0.992546 -0.121869 0
    outer loop
      vertex 0.0583916 5.16496 0
      vertex 0.0328684 5.37283 30
      vertex 0.0328684 5.37283 0
    endloop
  endfacet
  facet normal -0.992546 -0.121869 0
    outer loop
      vertex 0.0328684 5.37283 30
      vertex 0.0583916 5.16496 0
      vertex 0.0583916 5.16496 30
    endloop
  endfacet
  facet normal -0.996194 -0.0871583 0
    outer loop
      vertex 0.0328684 5.37283 0
      vertex 0.0146151 5.58146 30
      vertex 0.0146151 5.58146 0
    endloop
  endfacet
  facet normal -0.996194 -0.0871583 0
    outer loop
      vertex 0.0146151 5.58146 30
      vertex 0.0328684 5.37283 0
      vertex 0.0328684 5.37283 30
    endloop
  endfacet
  facet normal -0.906471 0.422268 0
    outer loop
      vertex 0.518726 140.44 0
      vertex 0.607235 140.63 30
      vertex 0.607235 140.63 0
    endloop
  endfacet
  facet normal -0.906471 0.422268 0
    outer loop
      vertex 0.607235 140.63 30
      vertex 0.518726 140.44 0
      vertex 0.518726 140.44 30
    endloop
  endfacet
  facet normal -0.956193 0.292738 0
    outer loop
      vertex 0.23243 139.654 0
      vertex 0.29366 139.854 30
      vertex 0.29366 139.854 0
    endloop
  endfacet
  facet normal -0.956193 0.292738 0
    outer loop
      vertex 0.29366 139.854 30
      vertex 0.23243 139.654 0
      vertex 0.23243 139.654 30
    endloop
  endfacet
  facet normal -0.999847 0.0174829 0
    outer loop
      vertex 0 138 0
      vertex 0.00365448 138.209 30
      vertex 0.00365448 138.209 0
    endloop
  endfacet
  facet normal -0.999847 0.0174829 0
    outer loop
      vertex 0.00365448 138.209 30
      vertex 0 138 0
      vertex 0 138 30
    endloop
  endfacet
  facet normal -0.987706 0.156322 0
    outer loop
      vertex 0.0583916 138.835 0
      vertex 0.0911531 139.042 30
      vertex 0.0911531 139.042 0
    endloop
  endfacet
  facet normal -0.987706 0.156322 0
    outer loop
      vertex 0.0911531 139.042 30
      vertex 0.0583916 138.835 0
      vertex 0.0583916 138.835 30
    endloop
  endfacet
  facet normal 0.945632 0.32524 0
    outer loop
      vertex 83.7063 139.854 30
      vertex 83.6382 140.052 0
      vertex 83.6382 140.052 30
    endloop
  endfacet
  facet normal 0.945632 0.32524 0
    outer loop
      vertex 83.6382 140.052 0
      vertex 83.7063 139.854 30
      vertex 83.7063 139.854 0
    endloop
  endfacet
  facet normal 0.422633 -0.906301 0
    outer loop
      vertex 80.4404 0.518726 0
      vertex 80.6302 0.607235 30
      vertex 80.4404 0.518726 30
    endloop
  endfacet
  facet normal 0.422633 -0.906301 0
    outer loop
      vertex 80.6302 0.607235 30
      vertex 80.4404 0.518726 0
      vertex 80.6302 0.607235 0
    endloop
  endfacet
  facet normal 0.0523462 -0.998629 0
    outer loop
      vertex 78.2094 0.00365448 0
      vertex 78.4185 0.0146151 30
      vertex 78.2094 0.00365448 30
    endloop
  endfacet
  facet normal 0.0523462 -0.998629 0
    outer loop
      vertex 78.4185 0.0146151 30
      vertex 78.2094 0.00365448 0
      vertex 78.4185 0.0146151 0
    endloop
  endfacet
  facet normal 0.754688 -0.656084 0
    outer loop
      vertex 82.4589 1.98522 30
      vertex 82.5963 2.14327 0
      vertex 82.5963 2.14327 30
    endloop
  endfacet
  facet normal 0.754688 -0.656084 0
    outer loop
      vertex 82.5963 2.14327 0
      vertex 82.4589 1.98522 30
      vertex 82.4589 1.98522 0
    endloop
  endfacet
  facet normal 0.920557 -0.390609 0
    outer loop
      vertex 83.4813 3.55958 30
      vertex 83.5631 3.75236 0
      vertex 83.5631 3.75236 30
    endloop
  endfacet
  facet normal 0.920557 -0.390609 0
    outer loop
      vertex 83.5631 3.75236 0
      vertex 83.4813 3.55958 30
      vertex 83.4813 3.55958 0
    endloop
  endfacet
  facet normal 0.933505 -0.358563 0
    outer loop
      vertex 83.5631 3.75236 30
      vertex 83.6382 3.94788 0
      vertex 83.6382 3.94788 30
    endloop
  endfacet
  facet normal 0.933505 -0.358563 0
    outer loop
      vertex 83.6382 3.94788 0
      vertex 83.5631 3.75236 30
      vertex 83.5631 3.75236 0
    endloop
  endfacet
  facet normal 0.98766 -0.156612 0
    outer loop
      vertex 83.9088 4.95811 30
      vertex 83.9416 5.16496 0
      vertex 83.9416 5.16496 30
    endloop
  endfacet
  facet normal 0.98766 -0.156612 0
    outer loop
      vertex 83.9416 5.16496 0
      vertex 83.9088 4.95811 30
      vertex 83.9088 4.95811 0
    endloop
  endfacet
  facet normal 0.996175 -0.0873796 0
    outer loop
      vertex 83.9671 5.37283 30
      vertex 83.9854 5.58146 0
      vertex 83.9854 5.58146 30
    endloop
  endfacet
  facet normal 0.996175 -0.0873796 0
    outer loop
      vertex 83.9854 5.58146 0
      vertex 83.9671 5.37283 30
      vertex 83.9671 5.37283 0
    endloop
  endfacet
  facet normal -0.754585 0.656202 0
    outer loop
      vertex 1.40373 141.857 0
      vertex 1.54113 142.015 30
      vertex 1.54113 142.015 0
    endloop
  endfacet
  facet normal -0.754585 0.656202 0
    outer loop
      vertex 1.54113 142.015 30
      vertex 1.40373 141.857 0
      vertex 1.40373 141.857 30
    endloop
  endfacet
  facet normal -0.119407 0.992845 0
    outer loop
      vertex 5.37283 143.967 0
      vertex 5.16496 143.942 30
      vertex 5.37283 143.967 30
    endloop
  endfacet
  facet normal -0.119407 0.992845 0
    outer loop
      vertex 5.16496 143.942 30
      vertex 5.37283 143.967 0
      vertex 5.16496 143.942 0
    endloop
  endfacet
  facet normal -0.0525237 0.99862 0
    outer loop
      vertex 5.7906 143.996 0
      vertex 5.58146 143.985 30
      vertex 5.7906 143.996 30
    endloop
  endfacet
  facet normal -0.0525237 0.99862 0
    outer loop
      vertex 5.58146 143.985 30
      vertex 5.7906 143.996 0
      vertex 5.58146 143.985 0
    endloop
  endfacet
  facet normal 0.798276 0.602292 0
    outer loop
      vertex 82.8541 141.527 30
      vertex 82.7281 141.694 0
      vertex 82.7281 141.694 30
    endloop
  endfacet
  facet normal 0.798276 0.602292 0
    outer loop
      vertex 82.7281 141.694 0
      vertex 82.8541 141.527 30
      vertex 82.8541 141.527 0
    endloop
  endfacet
  facet normal 0.573302 0.819344 -0
    outer loop
      vertex 81.5267 142.854 0
      vertex 81.3552 142.974 30
      vertex 81.5267 142.854 30
    endloop
  endfacet
  facet normal 0.573302 0.819344 0
    outer loop
      vertex 81.3552 142.974 30
      vertex 81.5267 142.854 0
      vertex 81.3552 142.974 0
    endloop
  endfacet
  facet normal 0.630035 0.776566 -0
    outer loop
      vertex 81.8567 142.596 0
      vertex 81.694 142.728 30
      vertex 81.8567 142.596 30
    endloop
  endfacet
  facet normal 0.630035 0.776566 0
    outer loop
      vertex 81.694 142.728 30
      vertex 81.8567 142.596 0
      vertex 81.694 142.728 0
    endloop
  endfacet
  facet normal 0.486453 0.873707 -0
    outer loop
      vertex 81 143.196 0
      vertex 80.8168 143.298 30
      vertex 81 143.196 30
    endloop
  endfacet
  facet normal 0.486453 0.873707 0
    outer loop
      vertex 80.8168 143.298 30
      vertex 81 143.196 0
      vertex 80.8168 143.298 0
    endloop
  endfacet
  facet normal -0.0523362 -0.99863 0
    outer loop
      vertex 5.58146 0.0146151 0
      vertex 5.7906 0.00365448 30
      vertex 5.58146 0.0146151 30
    endloop
  endfacet
  facet normal -0.0523362 -0.99863 -0
    outer loop
      vertex 5.7906 0.00365448 30
      vertex 5.58146 0.0146151 0
      vertex 5.7906 0.00365448 0
    endloop
  endfacet
  facet normal -0.906309 -0.422615 0
    outer loop
      vertex 0.607235 3.36977 0
      vertex 0.518726 3.55958 30
      vertex 0.518726 3.55958 0
    endloop
  endfacet
  facet normal -0.906309 -0.422615 0
    outer loop
      vertex 0.518726 3.55958 30
      vertex 0.607235 3.36977 0
      vertex 0.607235 3.36977 30
    endloop
  endfacet
  facet normal -0.965925 -0.258822 0
    outer loop
      vertex 0.23243 4.34618 0
      vertex 0.178226 4.54847 30
      vertex 0.178226 4.54847 0
    endloop
  endfacet
  facet normal -0.965925 -0.258822 0
    outer loop
      vertex 0.178226 4.54847 30
      vertex 0.23243 4.34618 0
      vertex 0.23243 4.34618 30
    endloop
  endfacet
  facet normal -0.874428 0.485155 0
    outer loop
      vertex 0.702314 140.817 0
      vertex 0.803847 141 30
      vertex 0.803847 141 0
    endloop
  endfacet
  facet normal -0.874428 0.485155 0
    outer loop
      vertex 0.803847 141 30
      vertex 0.702314 140.817 0
      vertex 0.702314 140.817 30
    endloop
  endfacet
  facet normal -0.857779 0.514019 0
    outer loop
      vertex 0.803847 141 0
      vertex 0.911711 141.18 30
      vertex 0.911711 141.18 0
    endloop
  endfacet
  facet normal -0.857779 0.514019 0
    outer loop
      vertex 0.911711 141.18 30
      vertex 0.803847 141 0
      vertex 0.803847 141 30
    endloop
  endfacet
  facet normal -0.891396 0.453225 0
    outer loop
      vertex 0.607235 140.63 0
      vertex 0.702314 140.817 30
      vertex 0.702314 140.817 0
    endloop
  endfacet
  facet normal -0.891396 0.453225 0
    outer loop
      vertex 0.702314 140.817 30
      vertex 0.607235 140.63 0
      vertex 0.607235 140.63 30
    endloop
  endfacet
  facet normal -0.933876 0.357598 0
    outer loop
      vertex 0.361844 140.052 0
      vertex 0.436896 140.248 30
      vertex 0.436896 140.248 0
    endloop
  endfacet
  facet normal -0.933876 0.357598 0
    outer loop
      vertex 0.436896 140.248 30
      vertex 0.361844 140.052 0
      vertex 0.361844 140.052 30
    endloop
  endfacet
  facet normal -0.919934 0.392074 0
    outer loop
      vertex 0.436896 140.248 0
      vertex 0.518726 140.44 30
      vertex 0.518726 140.44 0
    endloop
  endfacet
  facet normal -0.919934 0.392074 0
    outer loop
      vertex 0.518726 140.44 30
      vertex 0.436896 140.248 0
      vertex 0.436896 140.248 30
    endloop
  endfacet
  facet normal -0.945508 0.325599 0
    outer loop
      vertex 0.29366 139.854 0
      vertex 0.361844 140.052 30
      vertex 0.361844 140.052 0
    endloop
  endfacet
  facet normal -0.945508 0.325599 0
    outer loop
      vertex 0.361844 140.052 30
      vertex 0.29366 139.854 0
      vertex 0.29366 139.854 30
    endloop
  endfacet
  facet normal -0.996172 0.0874203 0
    outer loop
      vertex 0.0146151 138.419 0
      vertex 0.0328684 138.627 30
      vertex 0.0328684 138.627 0
    endloop
  endfacet
  facet normal -0.996172 0.0874203 0
    outer loop
      vertex 0.0328684 138.627 30
      vertex 0.0146151 138.419 0
      vertex 0.0146151 138.419 30
    endloop
  endfacet
  facet normal -0.992555 0.121794 0
    outer loop
      vertex 0.0328684 138.627 0
      vertex 0.0583916 138.835 30
      vertex 0.0583916 138.835 0
    endloop
  endfacet
  facet normal -0.992555 0.121794 0
    outer loop
      vertex 0.0583916 138.835 30
      vertex 0.0328684 138.627 0
      vertex 0.0328684 138.627 30
    endloop
  endfacet
  facet normal -0.998641 0.0521225 0
    outer loop
      vertex 0.00365448 138.209 0
      vertex 0.0146151 138.419 30
      vertex 0.0146151 138.419 0
    endloop
  endfacet
  facet normal -0.998641 0.0521225 0
    outer loop
      vertex 0.0146151 138.419 30
      vertex 0.00365448 138.209 0
      vertex 0.00365448 138.209 30
    endloop
  endfacet
  facet normal -0.981526 0.19133 0
    outer loop
      vertex 0.0911531 139.042 0
      vertex 0.131114 139.247 30
      vertex 0.131114 139.247 0
    endloop
  endfacet
  facet normal -0.981526 0.19133 0
    outer loop
      vertex 0.131114 139.247 30
      vertex 0.0911531 139.042 0
      vertex 0.0911531 139.042 30
    endloop
  endfacet
  facet normal -0.974595 0.223976 0
    outer loop
      vertex 0.131114 139.247 0
      vertex 0.178226 139.452 30
      vertex 0.178226 139.452 0
    endloop
  endfacet
  facet normal -0.974595 0.223976 0
    outer loop
      vertex 0.178226 139.452 30
      vertex 0.131114 139.247 0
      vertex 0.131114 139.247 30
    endloop
  endfacet
  facet normal -0.965832 0.259168 0
    outer loop
      vertex 0.178226 139.452 0
      vertex 0.23243 139.654 30
      vertex 0.23243 139.654 0
    endloop
  endfacet
  facet normal -0.965832 0.259168 0
    outer loop
      vertex 0.23243 139.654 30
      vertex 0.178226 139.452 0
      vertex 0.178226 139.452 30
    endloop
  endfacet
  facet normal 0.857703 0.514145 0
    outer loop
      vertex 83.1962 141 30
      vertex 83.0883 141.18 0
      vertex 83.0883 141.18 30
    endloop
  endfacet
  facet normal 0.857703 0.514145 0
    outer loop
      vertex 83.0883 141.18 0
      vertex 83.1962 141 30
      vertex 83.1962 141 0
    endloop
  endfacet
  facet normal 0.906488 0.422232 0
    outer loop
      vertex 83.4813 140.44 30
      vertex 83.3928 140.63 0
      vertex 83.3928 140.63 30
    endloop
  endfacet
  facet normal 0.906488 0.422232 0
    outer loop
      vertex 83.3928 140.63 0
      vertex 83.4813 140.44 30
      vertex 83.4813 140.44 0
    endloop
  endfacet
  facet normal 0.956099 0.293044 0
    outer loop
      vertex 83.7676 139.654 30
      vertex 83.7063 139.854 0
      vertex 83.7063 139.854 30
    endloop
  endfacet
  facet normal 0.956099 0.293044 0
    outer loop
      vertex 83.7063 139.854 0
      vertex 83.7676 139.654 30
      vertex 83.7676 139.654 0
    endloop
  endfacet
  facet normal 0.965837 0.25915 0
    outer loop
      vertex 83.8218 139.452 30
      vertex 83.7676 139.654 0
      vertex 83.7676 139.654 30
    endloop
  endfacet
  facet normal 0.965837 0.25915 0
    outer loop
      vertex 83.7676 139.654 0
      vertex 83.8218 139.452 30
      vertex 83.8218 139.452 0
    endloop
  endfacet
  facet normal 0.325599 -0.945508 0
    outer loop
      vertex 79.8541 0.29366 0
      vertex 80.0521 0.361844 30
      vertex 79.8541 0.29366 30
    endloop
  endfacet
  facet normal 0.325599 -0.945508 0
    outer loop
      vertex 80.0521 0.361844 30
      vertex 79.8541 0.29366 0
      vertex 80.0521 0.361844 0
    endloop
  endfacet
  facet normal 0.707322 -0.706892 0
    outer loop
      vertex 82.168 1.68396 30
      vertex 82.316 1.83205 0
      vertex 82.316 1.83205 30
    endloop
  endfacet
  facet normal 0.707322 -0.706892 0
    outer loop
      vertex 82.316 1.83205 0
      vertex 82.168 1.68396 30
      vertex 82.168 1.68396 0
    endloop
  endfacet
  facet normal 0.798726 -0.601695 0
    outer loop
      vertex 82.7281 2.30603 30
      vertex 82.8541 2.47329 0
      vertex 82.8541 2.47329 30
    endloop
  endfacet
  facet normal 0.798726 -0.601695 0
    outer loop
      vertex 82.8541 2.47329 0
      vertex 82.7281 2.30603 30
      vertex 82.7281 2.30603 0
    endloop
  endfacet
  facet normal 0.857097 -0.515156 0
    outer loop
      vertex 83.0883 2.82048 30
      vertex 83.1962 3 0
      vertex 83.1962 3 30
    endloop
  endfacet
  facet normal 0.857097 -0.515156 0
    outer loop
      vertex 83.1962 3 0
      vertex 83.0883 2.82048 30
      vertex 83.0883 2.82048 0
    endloop
  endfacet
  facet normal 0.890963 -0.454076 0
    outer loop
      vertex 83.2977 3.18317 30
      vertex 83.3928 3.36977 0
      vertex 83.3928 3.36977 30
    endloop
  endfacet
  facet normal 0.890963 -0.454076 0
    outer loop
      vertex 83.3928 3.36977 0
      vertex 83.2977 3.18317 30
      vertex 83.2977 3.18317 0
    endloop
  endfacet
  facet normal 0.945642 -0.325211 0
    outer loop
      vertex 83.6382 3.94788 30
      vertex 83.7063 4.1459 0
      vertex 83.7063 4.1459 30
    endloop
  endfacet
  facet normal 0.945642 -0.325211 0
    outer loop
      vertex 83.7063 4.1459 0
      vertex 83.6382 3.94788 30
      vertex 83.6382 3.94788 0
    endloop
  endfacet
  facet normal 0.96593 -0.258804 0
    outer loop
      vertex 83.7676 4.34618 30
      vertex 83.8218 4.54847 0
      vertex 83.8218 4.54847 30
    endloop
  endfacet
  facet normal 0.96593 -0.258804 0
    outer loop
      vertex 83.8218 4.54847 0
      vertex 83.7676 4.34618 30
      vertex 83.7676 4.34618 0
    endloop
  endfacet
  facet normal 0.99256 -0.12176 0
    outer loop
      vertex 83.9416 5.16496 30
      vertex 83.9671 5.37283 0
      vertex 83.9671 5.37283 30
    endloop
  endfacet
  facet normal 0.99256 -0.12176 0
    outer loop
      vertex 83.9671 5.37283 0
      vertex 83.9416 5.16496 30
      vertex 83.9416 5.16496 0
    endloop
  endfacet
  facet normal -0.837767 0.546028 0
    outer loop
      vertex 0.911711 141.18 0
      vertex 1.02577 141.355 30
      vertex 1.02577 141.355 0
    endloop
  endfacet
  facet normal -0.837767 0.546028 0
    outer loop
      vertex 1.02577 141.355 30
      vertex 0.911711 141.18 0
      vertex 0.911711 141.18 30
    endloop
  endfacet
  facet normal -0.295721 0.955274 0
    outer loop
      vertex 4.34618 143.768 0
      vertex 4.1459 143.706 30
      vertex 4.34618 143.768 30
    endloop
  endfacet
  facet normal -0.295721 0.955274 0
    outer loop
      vertex 4.1459 143.706 30
      vertex 4.34618 143.768 0
      vertex 4.1459 143.706 0
    endloop
  endfacet
  facet normal -0.515506 0.856886 0
    outer loop
      vertex 3 143.196 0
      vertex 2.82048 143.088 30
      vertex 3 143.196 30
    endloop
  endfacet
  facet normal -0.515506 0.856886 0
    outer loop
      vertex 2.82048 143.088 30
      vertex 3 143.196 0
      vertex 2.82048 143.088 0
    endloop
  endfacet
  facet normal -0.19099 0.981592 0
    outer loop
      vertex 4.95811 143.909 0
      vertex 4.75253 143.869 30
      vertex 4.95811 143.909 30
    endloop
  endfacet
  facet normal -0.19099 0.981592 0
    outer loop
      vertex 4.75253 143.869 30
      vertex 4.95811 143.909 0
      vertex 4.75253 143.869 0
    endloop
  endfacet
  facet normal -0.257912 0.966168 0
    outer loop
      vertex 4.54847 143.822 0
      vertex 4.34618 143.768 30
      vertex 4.54847 143.822 30
    endloop
  endfacet
  facet normal -0.257912 0.966168 0
    outer loop
      vertex 4.34618 143.768 30
      vertex 4.54847 143.822 0
      vertex 4.34618 143.768 0
    endloop
  endfacet
  facet normal -0.224448 0.974486 0
    outer loop
      vertex 4.75253 143.869 0
      vertex 4.54847 143.822 30
      vertex 4.75253 143.869 30
    endloop
  endfacet
  facet normal -0.224448 0.974486 0
    outer loop
      vertex 4.54847 143.822 30
      vertex 4.75253 143.869 0
      vertex 4.54847 143.822 0
    endloop
  endfacet
  facet normal -0.157544 0.987512 0
    outer loop
      vertex 5.16496 143.942 0
      vertex 4.95811 143.909 30
      vertex 5.16496 143.942 30
    endloop
  endfacet
  facet normal -0.157544 0.987512 0
    outer loop
      vertex 4.95811 143.909 30
      vertex 5.16496 143.942 0
      vertex 4.95811 143.909 0
    endloop
  endfacet
  facet normal -0.0859578 0.996299 0
    outer loop
      vertex 5.58146 143.985 0
      vertex 5.37283 143.967 30
      vertex 5.58146 143.985 30
    endloop
  endfacet
  facet normal -0.0859578 0.996299 0
    outer loop
      vertex 5.37283 143.967 30
      vertex 5.58146 143.985 0
      vertex 5.37283 143.967 0
    endloop
  endfacet
  facet normal 0.7776 0.628759 0
    outer loop
      vertex 82.7281 141.694 30
      vertex 82.5963 141.857 0
      vertex 82.5963 141.857 30
    endloop
  endfacet
  facet normal 0.7776 0.628759 0
    outer loop
      vertex 82.5963 141.857 0
      vertex 82.7281 141.694 30
      vertex 82.7281 141.694 0
    endloop
  endfacet
  facet normal 0.324813 0.945778 -0
    outer loop
      vertex 80.0521 143.638 0
      vertex 79.8541 143.706 30
      vertex 80.0521 143.638 30
    endloop
  endfacet
  facet normal 0.324813 0.945778 0
    outer loop
      vertex 79.8541 143.706 30
      vertex 80.0521 143.638 0
      vertex 79.8541 143.706 0
    endloop
  endfacet
  facet normal 0.190972 0.981596 -0
    outer loop
      vertex 79.2475 143.869 0
      vertex 79.0419 143.909 30
      vertex 79.2475 143.869 30
    endloop
  endfacet
  facet normal 0.190972 0.981596 0
    outer loop
      vertex 79.0419 143.909 30
      vertex 79.2475 143.869 0
      vertex 79.0419 143.909 0
    endloop
  endfacet
  facet normal 0.0859292 0.996301 -0
    outer loop
      vertex 78.6272 143.967 0
      vertex 78.4185 143.985 30
      vertex 78.6272 143.967 30
    endloop
  endfacet
  facet normal 0.0859292 0.996301 0
    outer loop
      vertex 78.4185 143.985 30
      vertex 78.6272 143.967 0
      vertex 78.4185 143.985 0
    endloop
  endfacet
  facet normal 0.0525338 0.998619 -0
    outer loop
      vertex 78.4185 143.985 0
      vertex 78.2094 143.996 30
      vertex 78.4185 143.985 30
    endloop
  endfacet
  facet normal 0.0525338 0.998619 0
    outer loop
      vertex 78.2094 143.996 30
      vertex 78.4185 143.985 0
      vertex 78.2094 143.996 0
    endloop
  endfacet
  facet normal -0.819131 -0.573607 0
    outer loop
      vertex 1.1459 2.47329 0
      vertex 1.02577 2.64484 30
      vertex 1.02577 2.64484 0
    endloop
  endfacet
  facet normal -0.819131 -0.573607 0
    outer loop
      vertex 1.02577 2.64484 30
      vertex 1.1459 2.47329 0
      vertex 1.1459 2.47329 30
    endloop
  endfacet
  facet normal -0.798634 -0.601817 0
    outer loop
      vertex 1.27194 2.30603 0
      vertex 1.1459 2.47329 30
      vertex 1.1459 2.47329 0
    endloop
  endfacet
  facet normal -0.798634 -0.601817 0
    outer loop
      vertex 1.1459 2.47329 30
      vertex 1.27194 2.30603 0
      vertex 1.27194 2.30603 30
    endloop
  endfacet
  facet normal -0.731362 -0.68199 0
    outer loop
      vertex 1.68396 1.83205 0
      vertex 1.54113 1.98522 30
      vertex 1.54113 1.98522 0
    endloop
  endfacet
  facet normal -0.731362 -0.68199 0
    outer loop
      vertex 1.54113 1.98522 30
      vertex 1.68396 1.83205 0
      vertex 1.68396 1.83205 30
    endloop
  endfacet
  facet normal -0.707107 -0.707107 0
    outer loop
      vertex 1.83205 1.68396 0
      vertex 1.68396 1.83205 30
      vertex 1.68396 1.83205 0
    endloop
  endfacet
  facet normal -0.707107 -0.707107 0
    outer loop
      vertex 1.68396 1.83205 30
      vertex 1.83205 1.68396 0
      vertex 1.83205 1.68396 30
    endloop
  endfacet
  facet normal -0.77717 -0.62929 0
    outer loop
      vertex 1.40373 2.14327 0
      vertex 1.27194 2.30603 30
      vertex 1.27194 2.30603 0
    endloop
  endfacet
  facet normal -0.77717 -0.62929 0
    outer loop
      vertex 1.27194 2.30603 30
      vertex 1.40373 2.14327 0
      vertex 1.40373 2.14327 30
    endloop
  endfacet
  facet normal -0.515029 -0.857173 0
    outer loop
      vertex 2.82048 0.911711 0
      vertex 3 0.803847 30
      vertex 2.82048 0.911711 30
    endloop
  endfacet
  facet normal -0.515029 -0.857173 -0
    outer loop
      vertex 3 0.803847 30
      vertex 2.82048 0.911711 0
      vertex 3 0.803847 0
    endloop
  endfacet
  facet normal -0.258822 -0.965925 0
    outer loop
      vertex 4.34618 0.23243 0
      vertex 4.54847 0.178226 30
      vertex 4.34618 0.23243 30
    endloop
  endfacet
  facet normal -0.258822 -0.965925 -0
    outer loop
      vertex 4.54847 0.178226 30
      vertex 4.34618 0.23243 0
      vertex 4.54847 0.178226 0
    endloop
  endfacet
  facet normal -0.292364 -0.956307 0
    outer loop
      vertex 4.1459 0.29366 0
      vertex 4.34618 0.23243 30
      vertex 4.1459 0.29366 30
    endloop
  endfacet
  facet normal -0.292364 -0.956307 -0
    outer loop
      vertex 4.34618 0.23243 30
      vertex 4.1459 0.29366 0
      vertex 4.34618 0.23243 0
    endloop
  endfacet
  facet normal -0.39073 -0.920505 0
    outer loop
      vertex 3.55958 0.518726 0
      vertex 3.75236 0.436896 30
      vertex 3.55958 0.518726 30
    endloop
  endfacet
  facet normal -0.39073 -0.920505 -0
    outer loop
      vertex 3.75236 0.436896 30
      vertex 3.55958 0.518726 0
      vertex 3.75236 0.436896 0
    endloop
  endfacet
  facet normal -0.874619 -0.48481 0
    outer loop
      vertex 0.803847 3 0
      vertex 0.702314 3.18317 30
      vertex 0.702314 3.18317 0
    endloop
  endfacet
  facet normal -0.874619 -0.48481 0
    outer loop
      vertex 0.702314 3.18317 30
      vertex 0.803847 3 0
      vertex 0.803847 3 30
    endloop
  endfacet
  facet normal -0.920505 -0.39073 0
    outer loop
      vertex 0.518726 3.55958 0
      vertex 0.436896 3.75236 30
      vertex 0.436896 3.75236 0
    endloop
  endfacet
  facet normal -0.920505 -0.39073 0
    outer loop
      vertex 0.436896 3.75236 30
      vertex 0.518726 3.55958 0
      vertex 0.518726 3.55958 30
    endloop
  endfacet
  facet normal -0.933582 -0.358363 0
    outer loop
      vertex 0.436896 3.75236 0
      vertex 0.361844 3.94788 30
      vertex 0.361844 3.94788 0
    endloop
  endfacet
  facet normal -0.933582 -0.358363 0
    outer loop
      vertex 0.361844 3.94788 30
      vertex 0.436896 3.75236 0
      vertex 0.436896 3.75236 30
    endloop
  endfacet
  facet normal -0.981627 -0.19081 0
    outer loop
      vertex 0.131114 4.75253 0
      vertex 0.0911531 4.95811 30
      vertex 0.0911531 4.95811 0
    endloop
  endfacet
  facet normal -0.981627 -0.19081 0
    outer loop
      vertex 0.0911531 4.95811 30
      vertex 0.131114 4.75253 0
      vertex 0.131114 4.75253 30
    endloop
  endfacet
  facet normal -0.987689 -0.156433 0
    outer loop
      vertex 0.0911531 4.95811 0
      vertex 0.0583916 5.16496 30
      vertex 0.0583916 5.16496 0
    endloop
  endfacet
  facet normal -0.987689 -0.156433 0
    outer loop
      vertex 0.0583916 5.16496 30
      vertex 0.0911531 4.95811 0
      vertex 0.0911531 4.95811 30
    endloop
  endfacet
  facet normal 0.874495 0.485034 0
    outer loop
      vertex 83.2977 140.817 30
      vertex 83.1962 141 0
      vertex 83.1962 141 30
    endloop
  endfacet
  facet normal 0.874495 0.485034 0
    outer loop
      vertex 83.1962 141 0
      vertex 83.2977 140.817 30
      vertex 83.2977 140.817 0
    endloop
  endfacet
  facet normal 0.891356 0.453304 0
    outer loop
      vertex 83.3928 140.63 30
      vertex 83.2977 140.817 0
      vertex 83.2977 140.817 30
    endloop
  endfacet
  facet normal 0.891356 0.453304 0
    outer loop
      vertex 83.2977 140.817 0
      vertex 83.3928 140.63 30
      vertex 83.3928 140.63 0
    endloop
  endfacet
  facet normal 0.974607 0.223922 0
    outer loop
      vertex 83.8689 139.247 30
      vertex 83.8218 139.452 0
      vertex 83.8218 139.452 30
    endloop
  endfacet
  facet normal 0.974607 0.223922 0
    outer loop
      vertex 83.8218 139.452 0
      vertex 83.8689 139.247 30
      vertex 83.8689 139.247 0
    endloop
  endfacet
  facet normal 0.98158 0.191049 0
    outer loop
      vertex 83.9088 139.042 30
      vertex 83.8689 139.247 0
      vertex 83.8689 139.247 30
    endloop
  endfacet
  facet normal 0.98158 0.191049 0
    outer loop
      vertex 83.8689 139.247 0
      vertex 83.9088 139.042 30
      vertex 83.9088 139.042 0
    endloop
  endfacet
  facet normal 0.390696 -0.92052 0
    outer loop
      vertex 80.2476 0.436896 0
      vertex 80.4404 0.518726 30
      vertex 80.2476 0.436896 30
    endloop
  endfacet
  facet normal 0.390696 -0.92052 0
    outer loop
      vertex 80.4404 0.518726 30
      vertex 80.2476 0.436896 0
      vertex 80.4404 0.518726 0
    endloop
  endfacet
  facet normal 0.515071 -0.857147 0
    outer loop
      vertex 81 0.803847 0
      vertex 81.1795 0.911711 30
      vertex 81 0.803847 30
    endloop
  endfacet
  facet normal 0.515071 -0.857147 0
    outer loop
      vertex 81.1795 0.911711 30
      vertex 81 0.803847 0
      vertex 81.1795 0.911711 0
    endloop
  endfacet
  facet normal 0.655966 -0.75479 0
    outer loop
      vertex 81.8567 1.40373 0
      vertex 82.0148 1.54113 30
      vertex 81.8567 1.40373 30
    endloop
  endfacet
  facet normal 0.655966 -0.75479 0
    outer loop
      vertex 82.0148 1.54113 30
      vertex 81.8567 1.40373 0
      vertex 82.0148 1.54113 0
    endloop
  endfacet
  facet normal 0.819198 -0.57351 0
    outer loop
      vertex 82.8541 2.47329 30
      vertex 82.9742 2.64484 0
      vertex 82.9742 2.64484 30
    endloop
  endfacet
  facet normal 0.819198 -0.57351 0
    outer loop
      vertex 82.9742 2.64484 0
      vertex 82.8541 2.47329 30
      vertex 82.8541 2.47329 0
    endloop
  endfacet
  facet normal 0.838588 -0.544767 0
    outer loop
      vertex 82.9742 2.64484 30
      vertex 83.0883 2.82048 0
      vertex 83.0883 2.82048 30
    endloop
  endfacet
  facet normal 0.838588 -0.544767 0
    outer loop
      vertex 83.0883 2.82048 0
      vertex 82.9742 2.64484 30
      vertex 82.9742 2.64484 0
    endloop
  endfacet
  facet normal 0.906326 -0.42258 0
    outer loop
      vertex 83.3928 3.36977 30
      vertex 83.4813 3.55958 0
      vertex 83.4813 3.55958 30
    endloop
  endfacet
  facet normal 0.906326 -0.42258 0
    outer loop
      vertex 83.4813 3.55958 0
      vertex 83.3928 3.36977 30
      vertex 83.3928 3.36977 0
    endloop
  endfacet
  facet normal 0.981681 -0.19053 0
    outer loop
      vertex 83.8689 4.75253 30
      vertex 83.9088 4.95811 0
      vertex 83.9088 4.95811 30
    endloop
  endfacet
  facet normal 0.981681 -0.19053 0
    outer loop
      vertex 83.9088 4.95811 0
      vertex 83.8689 4.75253 30
      vertex 83.8689 4.75253 0
    endloop
  endfacet
  facet normal 0.999844 -0.0176668 0
    outer loop
      vertex 83.9963 5.7906 30
      vertex 84 6 0
      vertex 84 6 30
    endloop
  endfacet
  facet normal 0.999844 -0.0176668 0
    outer loop
      vertex 84 6 0
      vertex 83.9963 5.7906 30
      vertex 83.9963 5.7906 0
    endloop
  endfacet
  facet normal -0.777624 0.62873 0
    outer loop
      vertex 1.27194 141.694 0
      vertex 1.40373 141.857 30
      vertex 1.40373 141.857 0
    endloop
  endfacet
  facet normal -0.777624 0.62873 0
    outer loop
      vertex 1.40373 141.857 30
      vertex 1.27194 141.694 0
      vertex 1.27194 141.694 30
    endloop
  endfacet
  facet normal -0.798184 0.602414 0
    outer loop
      vertex 1.1459 141.527 0
      vertex 1.27194 141.694 30
      vertex 1.27194 141.694 0
    endloop
  endfacet
  facet normal -0.798184 0.602414 0
    outer loop
      vertex 1.27194 141.694 30
      vertex 1.1459 141.527 0
      vertex 1.1459 141.527 30
    endloop
  endfacet
  facet normal -0.601695 0.798726 0
    outer loop
      vertex 2.47329 142.854 0
      vertex 2.30603 142.728 30
      vertex 2.47329 142.854 30
    endloop
  endfacet
  facet normal -0.601695 0.798726 0
    outer loop
      vertex 2.30603 142.728 30
      vertex 2.47329 142.854 0
      vertex 2.30603 142.728 0
    endloop
  endfacet
  facet normal 0.707107 0.707107 0
    outer loop
      vertex 82.316 142.168 30
      vertex 82.168 142.316 0
      vertex 82.168 142.316 30
    endloop
  endfacet
  facet normal 0.707107 0.707107 0
    outer loop
      vertex 82.168 142.316 0
      vertex 82.316 142.168 30
      vertex 82.316 142.168 0
    endloop
  endfacet
  facet normal 0.819903 0.572502 0
    outer loop
      vertex 82.9742 141.355 30
      vertex 82.8541 141.527 0
      vertex 82.8541 141.527 30
    endloop
  endfacet
  facet normal 0.819903 0.572502 0
    outer loop
      vertex 82.8541 141.527 0
      vertex 82.9742 141.355 30
      vertex 82.9742 141.355 0
    endloop
  endfacet
  facet normal 0.601603 0.798795 -0
    outer loop
      vertex 81.694 142.728 0
      vertex 81.5267 142.854 30
      vertex 81.694 142.728 30
    endloop
  endfacet
  facet normal 0.601603 0.798795 0
    outer loop
      vertex 81.5267 142.854 30
      vertex 81.694 142.728 0
      vertex 81.5267 142.854 0
    endloop
  endfacet
  facet normal 0.5443 0.838891 -0
    outer loop
      vertex 81.3552 142.974 0
      vertex 81.1795 143.088 30
      vertex 81.3552 142.974 30
    endloop
  endfacet
  facet normal 0.5443 0.838891 0
    outer loop
      vertex 81.1795 143.088 30
      vertex 81.3552 142.974 0
      vertex 81.1795 143.088 0
    endloop
  endfacet
  facet normal 0.391383 0.920228 -0
    outer loop
      vertex 80.4404 143.481 0
      vertex 80.2476 143.563 30
      vertex 80.4404 143.481 30
    endloop
  endfacet
  facet normal 0.391383 0.920228 0
    outer loop
      vertex 80.2476 143.563 30
      vertex 80.4404 143.481 0
      vertex 80.2476 143.563 0
    endloop
  endfacet
  facet normal 0.224511 0.974472 -0
    outer loop
      vertex 79.4515 143.822 0
      vertex 79.2475 143.869 30
      vertex 79.4515 143.822 30
    endloop
  endfacet
  facet normal 0.224511 0.974472 0
    outer loop
      vertex 79.2475 143.869 30
      vertex 79.4515 143.822 0
      vertex 79.2475 143.869 0
    endloop
  endfacet
  facet normal 0.2579 0.966171 -0
    outer loop
      vertex 79.6538 143.768 0
      vertex 79.4515 143.822 30
      vertex 79.6538 143.768 30
    endloop
  endfacet
  facet normal 0.2579 0.966171 0
    outer loop
      vertex 79.4515 143.822 30
      vertex 79.6538 143.768 0
      vertex 79.4515 143.822 0
    endloop
  endfacet
  facet normal 0.295694 0.955283 -0
    outer loop
      vertex 79.8541 143.706 0
      vertex 79.6538 143.768 30
      vertex 79.8541 143.706 30
    endloop
  endfacet
  facet normal 0.295694 0.955283 0
    outer loop
      vertex 79.6538 143.768 30
      vertex 79.8541 143.706 0
      vertex 79.6538 143.768 0
    endloop
  endfacet
  facet normal 0.119447 0.992841 -0
    outer loop
      vertex 78.835 143.942 0
      vertex 78.6272 143.967 30
      vertex 78.835 143.942 30
    endloop
  endfacet
  facet normal 0.119447 0.992841 0
    outer loop
      vertex 78.6272 143.967 30
      vertex 78.835 143.942 0
      vertex 78.6272 143.967 0
    endloop
  endfacet
  facet normal -0.754688 -0.656084 0
    outer loop
      vertex 1.54113 1.98522 0
      vertex 1.40373 2.14327 30
      vertex 1.40373 2.14327 0
    endloop
  endfacet
  facet normal -0.754688 -0.656084 0
    outer loop
      vertex 1.40373 2.14327 30
      vertex 1.54113 1.98522 0
      vertex 1.54113 1.98522 30
    endloop
  endfacet
  facet normal -0.68199 -0.731362 0
    outer loop
      vertex 1.83205 1.68396 0
      vertex 1.98522 1.54113 30
      vertex 1.83205 1.68396 30
    endloop
  endfacet
  facet normal -0.68199 -0.731362 -0
    outer loop
      vertex 1.98522 1.54113 30
      vertex 1.83205 1.68396 0
      vertex 1.98522 1.54113 0
    endloop
  endfacet
  facet normal -0.0871583 -0.996194 0
    outer loop
      vertex 5.37283 0.0328684 0
      vertex 5.58146 0.0146151 30
      vertex 5.37283 0.0328684 30
    endloop
  endfacet
  facet normal -0.0871583 -0.996194 -0
    outer loop
      vertex 5.58146 0.0146151 30
      vertex 5.37283 0.0328684 0
      vertex 5.58146 0.0146151 0
    endloop
  endfacet
  facet normal -0.19081 -0.981627 0
    outer loop
      vertex 4.75253 0.131114 0
      vertex 4.95811 0.0911531 30
      vertex 4.75253 0.131114 30
    endloop
  endfacet
  facet normal -0.19081 -0.981627 -0
    outer loop
      vertex 4.95811 0.0911531 30
      vertex 4.75253 0.131114 0
      vertex 4.95811 0.0911531 0
    endloop
  endfacet
  facet normal -0.325569 -0.945518 0
    outer loop
      vertex 3.94788 0.361844 0
      vertex 4.1459 0.29366 30
      vertex 3.94788 0.361844 30
    endloop
  endfacet
  facet normal -0.325569 -0.945518 -0
    outer loop
      vertex 4.1459 0.29366 30
      vertex 3.94788 0.361844 0
      vertex 4.1459 0.29366 0
    endloop
  endfacet
  facet normal 0.992569 0.121685 0
    outer loop
      vertex 83.9671 138.627 30
      vertex 83.9416 138.835 0
      vertex 83.9416 138.835 30
    endloop
  endfacet
  facet normal 0.992569 0.121685 0
    outer loop
      vertex 83.9416 138.835 0
      vertex 83.9671 138.627 30
      vertex 83.9671 138.627 0
    endloop
  endfacet
  facet normal 0.996152 0.0876422 0
    outer loop
      vertex 83.9854 138.419 30
      vertex 83.9671 138.627 0
      vertex 83.9671 138.627 30
    endloop
  endfacet
  facet normal 0.996152 0.0876422 0
    outer loop
      vertex 83.9671 138.627 0
      vertex 83.9854 138.419 30
      vertex 83.9854 138.419 0
    endloop
  endfacet
  facet normal 0.12191 -0.992541 0
    outer loop
      vertex 78.6272 0.0328684 0
      vertex 78.835 0.0583916 30
      vertex 78.6272 0.0328684 30
    endloop
  endfacet
  facet normal 0.12191 -0.992541 0
    outer loop
      vertex 78.835 0.0583916 30
      vertex 78.6272 0.0328684 0
      vertex 78.835 0.0583916 0
    endloop
  endfacet
  facet normal 0.156396 -0.987694 0
    outer loop
      vertex 78.835 0.0583916 0
      vertex 79.0419 0.0911531 30
      vertex 78.835 0.0583916 30
    endloop
  endfacet
  facet normal 0.156396 -0.987694 0
    outer loop
      vertex 79.0419 0.0911531 30
      vertex 78.835 0.0583916 0
      vertex 79.0419 0.0911531 0
    endloop
  endfacet
  facet normal 0.0871293 -0.996197 0
    outer loop
      vertex 78.4185 0.0146151 0
      vertex 78.6272 0.0328684 30
      vertex 78.4185 0.0146151 30
    endloop
  endfacet
  facet normal 0.0871293 -0.996197 0
    outer loop
      vertex 78.6272 0.0328684 30
      vertex 78.4185 0.0146151 0
      vertex 78.6272 0.0328684 0
    endloop
  endfacet
  facet normal 0.292337 -0.956315 0
    outer loop
      vertex 79.6538 0.23243 0
      vertex 79.8541 0.29366 30
      vertex 79.6538 0.23243 30
    endloop
  endfacet
  facet normal 0.292337 -0.956315 0
    outer loop
      vertex 79.8541 0.29366 30
      vertex 79.6538 0.23243 0
      vertex 79.8541 0.29366 0
    endloop
  endfacet
  facet normal 0.25881 -0.965928 0
    outer loop
      vertex 79.4515 0.178226 0
      vertex 79.6538 0.23243 30
      vertex 79.4515 0.178226 30
    endloop
  endfacet
  facet normal 0.25881 -0.965928 0
    outer loop
      vertex 79.6538 0.23243 30
      vertex 79.4515 0.178226 0
      vertex 79.6538 0.23243 0
    endloop
  endfacet
  facet normal 0.225019 -0.974354 0
    outer loop
      vertex 79.2475 0.131114 0
      vertex 79.4515 0.178226 30
      vertex 79.2475 0.131114 30
    endloop
  endfacet
  facet normal 0.225019 -0.974354 0
    outer loop
      vertex 79.4515 0.178226 30
      vertex 79.2475 0.131114 0
      vertex 79.4515 0.178226 0
    endloop
  endfacet
  facet normal 0.544498 -0.838762 0
    outer loop
      vertex 81.1795 0.911711 0
      vertex 81.3552 1.02577 30
      vertex 81.1795 0.911711 30
    endloop
  endfacet
  facet normal 0.544498 -0.838762 0
    outer loop
      vertex 81.3552 1.02577 30
      vertex 81.1795 0.911711 0
      vertex 81.3552 1.02577 0
    endloop
  endfacet
  facet normal 0.731195 -0.682169 0
    outer loop
      vertex 82.316 1.83205 30
      vertex 82.4589 1.98522 0
      vertex 82.4589 1.98522 30
    endloop
  endfacet
  facet normal 0.731195 -0.682169 0
    outer loop
      vertex 82.4589 1.98522 0
      vertex 82.316 1.83205 30
      vertex 82.316 1.83205 0
    endloop
  endfacet
  facet normal 0.681918 -0.731428 0
    outer loop
      vertex 82.0148 1.54113 0
      vertex 82.168 1.68396 30
      vertex 82.0148 1.54113 30
    endloop
  endfacet
  facet normal 0.681918 -0.731428 0
    outer loop
      vertex 82.168 1.68396 30
      vertex 82.0148 1.54113 0
      vertex 82.168 1.68396 0
    endloop
  endfacet
  facet normal 0.777147 -0.629319 0
    outer loop
      vertex 82.5963 2.14327 30
      vertex 82.7281 2.30603 0
      vertex 82.7281 2.30603 30
    endloop
  endfacet
  facet normal 0.777147 -0.629319 0
    outer loop
      vertex 82.7281 2.30603 0
      vertex 82.5963 2.14327 30
      vertex 82.5963 2.14327 0
    endloop
  endfacet
  facet normal 0.874686 -0.48469 0
    outer loop
      vertex 83.1962 3 30
      vertex 83.2977 3.18317 0
      vertex 83.2977 3.18317 30
    endloop
  endfacet
  facet normal 0.874686 -0.48469 0
    outer loop
      vertex 83.2977 3.18317 0
      vertex 83.1962 3 30
      vertex 83.1962 3 0
    endloop
  endfacet
  facet normal -0.730984 0.682395 0
    outer loop
      vertex 1.54113 142.015 0
      vertex 1.68396 142.168 30
      vertex 1.68396 142.168 0
    endloop
  endfacet
  facet normal -0.730984 0.682395 0
    outer loop
      vertex 1.68396 142.168 30
      vertex 1.54113 142.015 0
      vertex 1.54113 142.015 30
    endloop
  endfacet
  facet normal -0.706892 0.707322 0
    outer loop
      vertex 1.83205 142.316 0
      vertex 1.68396 142.168 30
      vertex 1.83205 142.316 30
    endloop
  endfacet
  facet normal -0.706892 0.707322 0
    outer loop
      vertex 1.68396 142.168 30
      vertex 1.83205 142.316 0
      vertex 1.68396 142.168 0
    endloop
  endfacet
  facet normal -0.819836 0.572598 0
    outer loop
      vertex 1.02577 141.355 0
      vertex 1.1459 141.527 30
      vertex 1.1459 141.527 0
    endloop
  endfacet
  facet normal -0.819836 0.572598 0
    outer loop
      vertex 1.1459 141.527 30
      vertex 1.02577 141.355 0
      vertex 1.02577 141.355 30
    endloop
  endfacet
  facet normal -0.358147 0.933665 0
    outer loop
      vertex 3.94788 143.638 0
      vertex 3.75236 143.563 30
      vertex 3.94788 143.638 30
    endloop
  endfacet
  facet normal -0.358147 0.933665 0
    outer loop
      vertex 3.75236 143.563 30
      vertex 3.94788 143.638 0
      vertex 3.75236 143.563 0
    endloop
  endfacet
  facet normal -0.420616 0.907239 0
    outer loop
      vertex 3.55958 143.481 0
      vertex 3.36977 143.393 30
      vertex 3.55958 143.481 30
    endloop
  endfacet
  facet normal -0.420616 0.907239 0
    outer loop
      vertex 3.36977 143.393 30
      vertex 3.55958 143.481 0
      vertex 3.36977 143.393 0
    endloop
  endfacet
  facet normal -0.486513 0.873673 0
    outer loop
      vertex 3.18317 143.298 0
      vertex 3 143.196 30
      vertex 3.18317 143.298 30
    endloop
  endfacet
  facet normal -0.486513 0.873673 0
    outer loop
      vertex 3 143.196 30
      vertex 3.18317 143.298 0
      vertex 3 143.196 0
    endloop
  endfacet
  facet normal -0.57319 0.819423 0
    outer loop
      vertex 2.64484 142.974 0
      vertex 2.47329 142.854 30
      vertex 2.64484 142.974 30
    endloop
  endfacet
  facet normal -0.57319 0.819423 0
    outer loop
      vertex 2.47329 142.854 30
      vertex 2.64484 142.974 0
      vertex 2.47329 142.854 0
    endloop
  endfacet
  facet normal -0.544431 0.838806 0
    outer loop
      vertex 2.82048 143.088 0
      vertex 2.64484 142.974 30
      vertex 2.82048 143.088 30
    endloop
  endfacet
  facet normal -0.544431 0.838806 0
    outer loop
      vertex 2.64484 142.974 30
      vertex 2.82048 143.088 0
      vertex 2.64484 142.974 0
    endloop
  endfacet
  facet normal 0.730817 0.682573 0
    outer loop
      vertex 82.4589 142.015 30
      vertex 82.316 142.168 0
      vertex 82.316 142.168 30
    endloop
  endfacet
  facet normal 0.730817 0.682573 0
    outer loop
      vertex 82.316 142.168 0
      vertex 82.4589 142.015 30
      vertex 82.4589 142.015 0
    endloop
  endfacet
  facet normal 0.754585 0.656202 0
    outer loop
      vertex 82.5963 141.857 30
      vertex 82.4589 142.015 0
      vertex 82.4589 142.015 30
    endloop
  endfacet
  facet normal 0.754585 0.656202 0
    outer loop
      vertex 82.4589 142.015 0
      vertex 82.5963 141.857 30
      vertex 82.5963 141.857 0
    endloop
  endfacet
  facet normal 0.682352 0.731024 -0
    outer loop
      vertex 82.168 142.316 0
      vertex 82.0148 142.459 30
      vertex 82.168 142.316 30
    endloop
  endfacet
  facet normal 0.682352 0.731024 0
    outer loop
      vertex 82.0148 142.459 30
      vertex 82.168 142.316 0
      vertex 82.0148 142.459 0
    endloop
  endfacet
  facet normal 0.453697 0.891156 -0
    outer loop
      vertex 80.8168 143.298 0
      vertex 80.6302 143.393 30
      vertex 80.8168 143.298 30
    endloop
  endfacet
  facet normal 0.453697 0.891156 0
    outer loop
      vertex 80.6302 143.393 30
      vertex 80.8168 143.298 0
      vertex 80.6302 143.393 0
    endloop
  endfacet
  facet normal 0.420634 0.907231 -0
    outer loop
      vertex 80.6302 143.393 0
      vertex 80.4404 143.481 30
      vertex 80.6302 143.393 30
    endloop
  endfacet
  facet normal 0.420634 0.907231 0
    outer loop
      vertex 80.4404 143.481 30
      vertex 80.6302 143.393 0
      vertex 80.4404 143.481 0
    endloop
  endfacet
  facet normal 0.358179 0.933653 -0
    outer loop
      vertex 80.2476 143.563 0
      vertex 80.0521 143.638 30
      vertex 80.2476 143.563 30
    endloop
  endfacet
  facet normal 0.358179 0.933653 0
    outer loop
      vertex 80.0521 143.638 30
      vertex 80.2476 143.563 0
      vertex 80.0521 143.638 0
    endloop
  endfacet
  facet normal 0.157506 0.987518 -0
    outer loop
      vertex 79.0419 143.909 0
      vertex 78.835 143.942 30
      vertex 79.0419 143.909 30
    endloop
  endfacet
  facet normal 0.157506 0.987518 0
    outer loop
      vertex 78.835 143.942 30
      vertex 79.0419 143.909 0
      vertex 78.835 143.942 0
    endloop
  endfacet
  facet normal -0.422615 -0.906309 0
    outer loop
      vertex 3.36977 0.607235 0
      vertex 3.55958 0.518726 30
      vertex 3.36977 0.607235 30
    endloop
  endfacet
  facet normal -0.422615 -0.906309 -0
    outer loop
      vertex 3.55958 0.518726 30
      vertex 3.36977 0.607235 0
      vertex 3.55958 0.518726 0
    endloop
  endfacet
  facet normal -0.48481 -0.874619 0
    outer loop
      vertex 3 0.803847 0
      vertex 3.18317 0.702314 30
      vertex 3 0.803847 30
    endloop
  endfacet
  facet normal -0.48481 -0.874619 -0
    outer loop
      vertex 3.18317 0.702314 30
      vertex 3 0.803847 0
      vertex 3.18317 0.702314 0
    endloop
  endfacet
  facet normal -0.573607 -0.819131 0
    outer loop
      vertex 2.47329 1.1459 0
      vertex 2.64484 1.02577 30
      vertex 2.47329 1.1459 30
    endloop
  endfacet
  facet normal -0.573607 -0.819131 -0
    outer loop
      vertex 2.64484 1.02577 30
      vertex 2.47329 1.1459 0
      vertex 2.64484 1.02577 0
    endloop
  endfacet
  facet normal -0.544629 -0.838677 0
    outer loop
      vertex 2.64484 1.02577 0
      vertex 2.82048 0.911711 30
      vertex 2.64484 1.02577 30
    endloop
  endfacet
  facet normal -0.544629 -0.838677 -0
    outer loop
      vertex 2.82048 0.911711 30
      vertex 2.64484 1.02577 0
      vertex 2.82048 0.911711 0
    endloop
  endfacet
  facet normal -0.601817 -0.798634 0
    outer loop
      vertex 2.30603 1.27194 0
      vertex 2.47329 1.1459 30
      vertex 2.30603 1.27194 30
    endloop
  endfacet
  facet normal -0.601817 -0.798634 -0
    outer loop
      vertex 2.47329 1.1459 30
      vertex 2.30603 1.27194 0
      vertex 2.47329 1.1459 0
    endloop
  endfacet
  facet normal -0.62929 -0.77717 0
    outer loop
      vertex 2.14327 1.40373 0
      vertex 2.30603 1.27194 30
      vertex 2.14327 1.40373 30
    endloop
  endfacet
  facet normal -0.62929 -0.77717 -0
    outer loop
      vertex 2.30603 1.27194 30
      vertex 2.14327 1.40373 0
      vertex 2.30603 1.27194 0
    endloop
  endfacet
  facet normal -0.156433 -0.987689 0
    outer loop
      vertex 4.95811 0.0911531 0
      vertex 5.16496 0.0583916 30
      vertex 4.95811 0.0911531 30
    endloop
  endfacet
  facet normal -0.156433 -0.987689 -0
    outer loop
      vertex 5.16496 0.0583916 30
      vertex 4.95811 0.0911531 0
      vertex 5.16496 0.0583916 0
    endloop
  endfacet
  facet normal 0.358395 -0.93357 0
    outer loop
      vertex 80.0521 0.361844 0
      vertex 80.2476 0.436896 30
      vertex 80.0521 0.361844 30
    endloop
  endfacet
  facet normal 0.358395 -0.93357 0
    outer loop
      vertex 80.2476 0.436896 30
      vertex 80.0521 0.361844 0
      vertex 80.2476 0.436896 0
    endloop
  endfacet
  facet normal 0.453996 -0.891004 0
    outer loop
      vertex 80.6302 0.607235 0
      vertex 80.8168 0.702314 30
      vertex 80.6302 0.607235 30
    endloop
  endfacet
  facet normal 0.453996 -0.891004 0
    outer loop
      vertex 80.8168 0.702314 30
      vertex 80.6302 0.607235 0
      vertex 80.8168 0.702314 0
    endloop
  endfacet
  facet normal 0.62943 -0.777057 0
    outer loop
      vertex 81.694 1.27194 0
      vertex 81.8567 1.40373 30
      vertex 81.694 1.27194 30
    endloop
  endfacet
  facet normal 0.62943 -0.777057 0
    outer loop
      vertex 81.8567 1.40373 30
      vertex 81.694 1.27194 0
      vertex 81.8567 1.40373 0
    endloop
  endfacet
  facet normal 0.573719 -0.819052 0
    outer loop
      vertex 81.3552 1.02577 0
      vertex 81.5267 1.1459 30
      vertex 81.3552 1.02577 30
    endloop
  endfacet
  facet normal 0.573719 -0.819052 0
    outer loop
      vertex 81.5267 1.1459 30
      vertex 81.3552 1.02577 0
      vertex 81.5267 1.1459 0
    endloop
  endfacet
  facet normal 0.601725 -0.798703 0
    outer loop
      vertex 81.5267 1.1459 0
      vertex 81.694 1.27194 30
      vertex 81.5267 1.1459 30
    endloop
  endfacet
  facet normal 0.601725 -0.798703 0
    outer loop
      vertex 81.694 1.27194 30
      vertex 81.5267 1.1459 0
      vertex 81.694 1.27194 0
    endloop
  endfacet
  facet normal -0.682424 0.730957 0
    outer loop
      vertex 1.98522 142.459 0
      vertex 1.83205 142.316 30
      vertex 1.98522 142.459 30
    endloop
  endfacet
  facet normal -0.682424 0.730957 0
    outer loop
      vertex 1.83205 142.316 30
      vertex 1.98522 142.459 0
      vertex 1.83205 142.316 0
    endloop
  endfacet
  facet normal -0.654994 0.755634 0
    outer loop
      vertex 2.14327 142.596 0
      vertex 1.98522 142.459 30
      vertex 2.14327 142.596 30
    endloop
  endfacet
  facet normal -0.654994 0.755634 0
    outer loop
      vertex 1.98522 142.459 30
      vertex 2.14327 142.596 0
      vertex 1.98522 142.459 0
    endloop
  endfacet
  facet normal -0.629895 0.77668 0
    outer loop
      vertex 2.30603 142.728 0
      vertex 2.14327 142.596 30
      vertex 2.30603 142.728 30
    endloop
  endfacet
  facet normal -0.629895 0.77668 0
    outer loop
      vertex 2.14327 142.596 30
      vertex 2.30603 142.728 0
      vertex 2.14327 142.596 0
    endloop
  endfacet
  facet normal -0.324783 0.945788 0
    outer loop
      vertex 4.1459 143.706 0
      vertex 3.94788 143.638 30
      vertex 4.1459 143.706 30
    endloop
  endfacet
  facet normal -0.324783 0.945788 0
    outer loop
      vertex 3.94788 143.638 30
      vertex 4.1459 143.706 0
      vertex 3.94788 143.638 0
    endloop
  endfacet
  facet normal -0.391418 0.920213 0
    outer loop
      vertex 3.75236 143.563 0
      vertex 3.55958 143.481 30
      vertex 3.75236 143.563 30
    endloop
  endfacet
  facet normal -0.391418 0.920213 0
    outer loop
      vertex 3.55958 143.481 30
      vertex 3.75236 143.563 0
      vertex 3.55958 143.481 0
    endloop
  endfacet
  facet normal -0.453697 0.891156 0
    outer loop
      vertex 3.36977 143.393 0
      vertex 3.18317 143.298 30
      vertex 3.36977 143.393 30
    endloop
  endfacet
  facet normal -0.453697 0.891156 0
    outer loop
      vertex 3.18317 143.298 30
      vertex 3.36977 143.393 0
      vertex 3.18317 143.298 0
    endloop
  endfacet
  facet normal 0.654876 0.755736 -0
    outer loop
      vertex 82.0148 142.459 0
      vertex 81.8567 142.596 30
      vertex 82.0148 142.459 30
    endloop
  endfacet
  facet normal 0.654876 0.755736 0
    outer loop
      vertex 81.8567 142.596 30
      vertex 82.0148 142.459 0
      vertex 81.8567 142.596 0
    endloop
  endfacet
  facet normal 0.515548 0.85686 -0
    outer loop
      vertex 81.1795 143.088 0
      vertex 81 143.196 30
      vertex 81.1795 143.088 30
    endloop
  endfacet
  facet normal 0.515548 0.85686 0
    outer loop
      vertex 81 143.196 30
      vertex 81.1795 143.088 0
      vertex 81 143.196 0
    endloop
  endfacet
  facet normal -0.453996 -0.891004 0
    outer loop
      vertex 3.18317 0.702314 0
      vertex 3.36977 0.607235 30
      vertex 3.18317 0.702314 30
    endloop
  endfacet
  facet normal -0.453996 -0.891004 -0
    outer loop
      vertex 3.36977 0.607235 30
      vertex 3.18317 0.702314 0
      vertex 3.36977 0.607235 0
    endloop
  endfacet
  facet normal -0.224956 -0.974369 0
    outer loop
      vertex 4.54847 0.178226 0
      vertex 4.75253 0.131114 30
      vertex 4.54847 0.178226 30
    endloop
  endfacet
  facet normal -0.224956 -0.974369 -0
    outer loop
      vertex 4.75253 0.131114 30
      vertex 4.54847 0.178226 0
      vertex 4.75253 0.131114 0
    endloop
  endfacet
  facet normal -0.121869 -0.992546 0
    outer loop
      vertex 5.16496 0.0583916 0
      vertex 5.37283 0.0328684 30
      vertex 5.16496 0.0583916 30
    endloop
  endfacet
  facet normal -0.121869 -0.992546 -0
    outer loop
      vertex 5.37283 0.0328684 30
      vertex 5.16496 0.0583916 0
      vertex 5.37283 0.0328684 0
    endloop
  endfacet
  facet normal -0.358363 -0.933582 0
    outer loop
      vertex 3.75236 0.436896 0
      vertex 3.94788 0.361844 30
      vertex 3.75236 0.436896 30
    endloop
  endfacet
  facet normal -0.358363 -0.933582 -0
    outer loop
      vertex 3.94788 0.361844 30
      vertex 3.75236 0.436896 0
      vertex 3.94788 0.361844 0
    endloop
  endfacet
  facet normal 0.48475 -0.874653 0
    outer loop
      vertex 80.8168 0.702314 0
      vertex 81 0.803847 30
      vertex 80.8168 0.702314 30
    endloop
  endfacet
  facet normal 0.48475 -0.874653 0
    outer loop
      vertex 81 0.803847 30
      vertex 80.8168 0.702314 0
      vertex 81 0.803847 0
    endloop
  endfacet
  facet normal 1 -0 0
    outer loop
      vertex 2 8.20961 30
      vertex 2 135.79 2
      vertex 2 135.79 30
    endloop
  endfacet
  facet normal 1 0 0
    outer loop
      vertex 2 135.79 2
      vertex 2 8.20961 30
      vertex 2 8.20961 2
    endloop
  endfacet
  facet normal -1 0 0
    outer loop
      vertex 82 8.20961 2
      vertex 82 135.79 30
      vertex 82 135.79 2
    endloop
  endfacet
  facet normal -1 -0 0
    outer loop
      vertex 82 135.79 30
      vertex 82 8.20961 2
      vertex 82 8.20961 30
    endloop
  endfacet
  facet normal 0 0 1
    outer loop
      vertex 74.3838 135.815 2
      vertex 9.61622 135.815 2
      vertex 74.4693 135.684 2
    endloop
  endfacet
  facet normal 0 0 1
    outer loop
      vertex 75.95 9.69711 2
      vertex 10.2973 5.95705 2
      vertex 10.3 5.8 2
    endloop
  endfacet
  facet normal 0 0 1
    outer loop
      vertex 9.53067 135.684 2
      vertex 74.4693 135.684 2
      vertex 9.61622 135.815 2
    endloop
  endfacet
  facet normal 0 0 1
    outer loop
      vertex 75.95 9.69711 2
      vertex 10.289 6.1139 2
      vertex 10.2973 5.95705 2
    endloop
  endfacet
  facet normal 0 0 1
    outer loop
      vertex 74.4693 135.684 2
      vertex 9.53067 135.684 2
      vertex 74.5594 135.555 2
    endloop
  endfacet
  facet normal 0 0 1
    outer loop
      vertex 75.95 9.69711 2
      vertex 10.2753 6.27038 2
      vertex 10.289 6.1139 2
    endloop
  endfacet
  facet normal 0 0 1
    outer loop
      vertex 9.44058 135.555 2
      vertex 74.5594 135.555 2
      vertex 9.53067 135.684 2
    endloop
  endfacet
  facet normal 0 0 1
    outer loop
      vertex 75.95 9.69711 2
      vertex 10.2562 6.42628 2
      vertex 10.2753 6.27038 2
    endloop
  endfacet
  facet normal 0 0 1
    outer loop
      vertex 74.5594 135.555 2
      vertex 9.44058 135.555 2
      vertex 74.654 135.43 2
    endloop
  endfacet
  facet normal 0 0 1
    outer loop
      vertex 75.95 9.69711 2
      vertex 10.2316 6.58142 2
      vertex 10.2562 6.42628 2
    endloop
  endfacet
  facet normal 0 0 1
    outer loop
      vertex 9.34605 135.43 2
      vertex 74.654 135.43 2
      vertex 9.44058 135.555 2
    endloop
  endfacet
  facet normal 0 0 1
    outer loop
      vertex 75.95 9.69711 2
      vertex 10.2017 6.7356 2
      vertex 10.2316 6.58142 2
    endloop
  endfacet
  facet normal 0 0 1
    outer loop
      vertex 74.654 135.43 2
      vertex 9.34605 135.43 2
      vertex 74.7528 135.307 2
    endloop
  endfacet
  facet normal 0 0 1
    outer loop
      vertex 75.95 9.69711 2
      vertex 10.1663 6.88865 2
      vertex 10.2017 6.7356 2
    endloop
  endfacet
  facet normal 0 0 1
    outer loop
      vertex 9.2472 135.307 2
      vertex 74.7528 135.307 2
      vertex 9.34605 135.43 2
    endloop
  endfacet
  facet normal 0 0 1
    outer loop
      vertex 75.95 9.69711 2
      vertex 10.1257 7.04037 2
      vertex 10.1663 6.88865 2
    endloop
  endfacet
  facet normal 0 0 1
    outer loop
      vertex 74.7528 135.307 2
      vertex 9.2472 135.307 2
      vertex 74.8559 135.189 2
    endloop
  endfacet
  facet normal 0 0 1
    outer loop
      vertex 75.95 9.69711 2
      vertex 10.0798 7.19058 2
      vertex 10.1257 7.04037 2
    endloop
  endfacet
  facet normal 0 0 1
    outer loop
      vertex 9.14415 135.189 2
      vertex 74.8559 135.189 2
      vertex 9.2472 135.307 2
    endloop
  endfacet
  facet normal 0 0 1
    outer loop
      vertex 75.95 9.69711 2
      vertex 10.0286 7.33909 2
      vertex 10.0798 7.19058 2
    endloop
  endfacet
  facet normal 0 0 1
    outer loop
      vertex 74.8559 135.189 2
      vertex 9.14415 135.189 2
      vertex 74.963 135.074 2
    endloop
  endfacet
  facet normal 0 0 1
    outer loop
      vertex 75.95 9.69711 2
      vertex 9.97233 7.48573 2
      vertex 10.0286 7.33909 2
    endloop
  endfacet
  facet normal 0 0 1
    outer loop
      vertex 9.03703 135.074 2
      vertex 74.963 135.074 2
      vertex 9.14415 135.189 2
    endloop
  endfacet
  facet normal 0 0 1
    outer loop
      vertex 75.95 9.69711 2
      vertex 9.91095 7.63031 2
      vertex 9.97233 7.48573 2
    endloop
  endfacet
  facet normal 0 0 1
    outer loop
      vertex 74.963 135.074 2
      vertex 9.03703 135.074 2
      vertex 75.074 134.963 2
    endloop
  endfacet
  facet normal 0 0 1
    outer loop
      vertex 75.95 9.69711 2
      vertex 9.84457 7.77267 2
      vertex 9.91095 7.63031 2
    endloop
  endfacet
  facet normal 0 0 1
    outer loop
      vertex 8.92596 134.963 2
      vertex 75.074 134.963 2
      vertex 9.03703 135.074 2
    endloop
  endfacet
  facet normal 0 0 1
    outer loop
      vertex 75.95 9.69711 2
      vertex 9.77326 7.91262 2
      vertex 9.84457 7.77267 2
    endloop
  endfacet
  facet normal 0 0 1
    outer loop
      vertex 75.074 134.963 2
      vertex 8.92596 134.963 2
      vertex 75.1889 134.856 2
    endloop
  endfacet
  facet normal 0 0 1
    outer loop
      vertex 75.95 9.69711 2
      vertex 9.69711 8.05 2
      vertex 9.77326 7.91262 2
    endloop
  endfacet
  facet normal 0 0 1
    outer loop
      vertex 8.81109 134.856 2
      vertex 75.1889 134.856 2
      vertex 8.92596 134.963 2
    endloop
  endfacet
  facet normal 0 0 1
    outer loop
      vertex 75.95 9.69711 2
      vertex 9.61622 8.18464 2
      vertex 9.69711 8.05 2
    endloop
  endfacet
  facet normal 0 0 1
    outer loop
      vertex 75.1889 134.856 2
      vertex 8.81109 134.856 2
      vertex 75.3075 134.753 2
    endloop
  endfacet
  facet normal 0 0 1
    outer loop
      vertex 75.95 9.69711 2
      vertex 9.53067 8.31637 2
      vertex 9.61622 8.18464 2
    endloop
  endfacet
  facet normal 0 0 1
    outer loop
      vertex 8.69254 134.753 2
      vertex 75.3075 134.753 2
      vertex 8.81109 134.856 2
    endloop
  endfacet
  facet normal 0 0 1
    outer loop
      vertex 75.95 9.69711 2
      vertex 9.44058 8.44503 2
      vertex 9.53067 8.31637 2
    endloop
  endfacet
  facet normal 0 0 1
    outer loop
      vertex 75.3075 134.753 2
      vertex 8.69254 134.753 2
      vertex 75.4295 134.654 2
    endloop
  endfacet
  facet normal 0 0 1
    outer loop
      vertex 75.95 9.69711 2
      vertex 9.34605 8.57048 2
      vertex 9.44058 8.44503 2
    endloop
  endfacet
  facet normal 0 0 1
    outer loop
      vertex 8.57048 134.654 2
      vertex 75.4295 134.654 2
      vertex 8.69254 134.753 2
    endloop
  endfacet
  facet normal 0 0 1
    outer loop
      vertex 75.95 9.69711 2
      vertex 9.2472 8.69254 2
      vertex 9.34605 8.57048 2
    endloop
  endfacet
  facet normal 0 0 1
    outer loop
      vertex 75.4295 134.654 2
      vertex 8.57048 134.654 2
      vertex 75.555 134.559 2
    endloop
  endfacet
  facet normal 0 0 1
    outer loop
      vertex 75.95 9.69711 2
      vertex 9.14415 8.81109 2
      vertex 9.2472 8.69254 2
    endloop
  endfacet
  facet normal 0 0 1
    outer loop
      vertex 8.44503 134.559 2
      vertex 75.555 134.559 2
      vertex 8.57048 134.654 2
    endloop
  endfacet
  facet normal 0 0 1
    outer loop
      vertex 75.95 9.69711 2
      vertex 9.03703 8.92596 2
      vertex 9.14415 8.81109 2
    endloop
  endfacet
  facet normal 0 0 1
    outer loop
      vertex 75.555 134.559 2
      vertex 8.44503 134.559 2
      vertex 75.6836 134.469 2
    endloop
  endfacet
  facet normal 0 0 1
    outer loop
      vertex 75.95 9.69711 2
      vertex 8.92596 9.03703 2
      vertex 9.03703 8.92596 2
    endloop
  endfacet
  facet normal 0 0 1
    outer loop
      vertex 8.31637 134.469 2
      vertex 75.6836 134.469 2
      vertex 8.44503 134.559 2
    endloop
  endfacet
  facet normal 0 0 1
    outer loop
      vertex 75.95 9.69711 2
      vertex 8.81109 9.14415 2
      vertex 8.92596 9.03703 2
    endloop
  endfacet
  facet normal 0 0 1
    outer loop
      vertex 75.6836 134.469 2
      vertex 8.31637 134.469 2
      vertex 75.8154 134.384 2
    endloop
  endfacet
  facet normal 0 0 1
    outer loop
      vertex 75.95 9.69711 2
      vertex 8.69254 9.2472 2
      vertex 8.81109 9.14415 2
    endloop
  endfacet
  facet normal 0 0 1
    outer loop
      vertex 8.18464 134.384 2
      vertex 75.8154 134.384 2
      vertex 8.31637 134.469 2
    endloop
  endfacet
  facet normal 0 0 1
    outer loop
      vertex 75.95 9.69711 2
      vertex 8.57048 9.34605 2
      vertex 8.69254 9.2472 2
    endloop
  endfacet
  facet normal 0 0 1
    outer loop
      vertex 75.8154 134.384 2
      vertex 8.18464 134.384 2
      vertex 75.95 134.303 2
    endloop
  endfacet
  facet normal 0 0 1
    outer loop
      vertex 75.95 9.69711 2
      vertex 8.44503 9.44058 2
      vertex 8.57048 9.34605 2
    endloop
  endfacet
  facet normal 0 0 1
    outer loop
      vertex 8.05 134.303 2
      vertex 75.95 134.303 2
      vertex 8.18464 134.384 2
    endloop
  endfacet
  facet normal 0 0 1
    outer loop
      vertex 75.95 9.69711 2
      vertex 8.31637 9.53067 2
      vertex 8.44503 9.44058 2
    endloop
  endfacet
  facet normal 0 0 1
    outer loop
      vertex 75.95 134.303 2
      vertex 8.05 134.303 2
      vertex 75.95 9.69711 2
    endloop
  endfacet
  facet normal 0 0 1
    outer loop
      vertex 75.95 9.69711 2
      vertex 8.18464 9.61622 2
      vertex 8.31637 9.53067 2
    endloop
  endfacet
  facet normal 0 0 1
    outer loop
      vertex 8.05 9.69711 2
      vertex 75.95 9.69711 2
      vertex 8.05 134.303 2
    endloop
  endfacet
  facet normal 0 0 1
    outer loop
      vertex 75.95 9.69711 2
      vertex 8.05 9.69711 2
      vertex 8.18464 9.61622 2
    endloop
  endfacet
  facet normal -0 0 1
    outer loop
      vertex 7.91262 134.227 2
      vertex 8.05 9.69711 2
      vertex 8.05 134.303 2
    endloop
  endfacet
  facet normal 0 0 1
    outer loop
      vertex 7.91262 134.227 2
      vertex 7.91262 9.77326 2
      vertex 8.05 9.69711 2
    endloop
  endfacet
  facet normal -0 0 1
    outer loop
      vertex 7.77267 134.155 2
      vertex 7.91262 9.77326 2
      vertex 7.91262 134.227 2
    endloop
  endfacet
  facet normal 0 0 1
    outer loop
      vertex 7.77267 134.155 2
      vertex 7.77267 9.84457 2
      vertex 7.91262 9.77326 2
    endloop
  endfacet
  facet normal -0 0 1
    outer loop
      vertex 7.63031 134.089 2
      vertex 7.77267 9.84457 2
      vertex 7.77267 134.155 2
    endloop
  endfacet
  facet normal 0 0 1
    outer loop
      vertex 7.63031 134.089 2
      vertex 7.63031 9.91095 2
      vertex 7.77267 9.84457 2
    endloop
  endfacet
  facet normal -0 0 1
    outer loop
      vertex 7.48573 134.028 2
      vertex 7.63031 9.91095 2
      vertex 7.63031 134.089 2
    endloop
  endfacet
  facet normal 0 0 1
    outer loop
      vertex 7.48573 134.028 2
      vertex 7.48573 9.97233 2
      vertex 7.63031 9.91095 2
    endloop
  endfacet
  facet normal -0 0 1
    outer loop
      vertex 7.33909 133.971 2
      vertex 7.48573 9.97233 2
      vertex 7.48573 134.028 2
    endloop
  endfacet
  facet normal 0 0 1
    outer loop
      vertex 7.33909 133.971 2
      vertex 7.33909 10.0286 2
      vertex 7.48573 9.97233 2
    endloop
  endfacet
  facet normal -0 0 1
    outer loop
      vertex 7.19058 133.92 2
      vertex 7.33909 10.0286 2
      vertex 7.33909 133.971 2
    endloop
  endfacet
  facet normal 0 0 1
    outer loop
      vertex 7.19058 133.92 2
      vertex 7.19058 10.0798 2
      vertex 7.33909 10.0286 2
    endloop
  endfacet
  facet normal -0 0 1
    outer loop
      vertex 7.04037 133.874 2
      vertex 7.19058 10.0798 2
      vertex 7.19058 133.92 2
    endloop
  endfacet
  facet normal 0 0 1
    outer loop
      vertex 7.04037 133.874 2
      vertex 7.04037 10.1257 2
      vertex 7.19058 10.0798 2
    endloop
  endfacet
  facet normal -0 0 1
    outer loop
      vertex 6.88865 133.834 2
      vertex 7.04037 10.1257 2
      vertex 7.04037 133.874 2
    endloop
  endfacet
  facet normal 0 0 1
    outer loop
      vertex 6.88865 133.834 2
      vertex 6.88865 10.1663 2
      vertex 7.04037 10.1257 2
    endloop
  endfacet
  facet normal -0 0 1
    outer loop
      vertex 6.7356 133.798 2
      vertex 6.88865 10.1663 2
      vertex 6.88865 133.834 2
    endloop
  endfacet
  facet normal 0 0 1
    outer loop
      vertex 6.7356 133.798 2
      vertex 6.7356 10.2017 2
      vertex 6.88865 10.1663 2
    endloop
  endfacet
  facet normal -0 0 1
    outer loop
      vertex 6.58142 133.768 2
      vertex 6.7356 10.2017 2
      vertex 6.7356 133.798 2
    endloop
  endfacet
  facet normal 0 0 1
    outer loop
      vertex 6.58142 133.768 2
      vertex 6.58142 10.2316 2
      vertex 6.7356 10.2017 2
    endloop
  endfacet
  facet normal -0 0 1
    outer loop
      vertex 6.42628 133.744 2
      vertex 6.58142 10.2316 2
      vertex 6.58142 133.768 2
    endloop
  endfacet
  facet normal 0 0 1
    outer loop
      vertex 6.42628 133.744 2
      vertex 6.42628 10.2562 2
      vertex 6.58142 10.2316 2
    endloop
  endfacet
  facet normal -0 0 1
    outer loop
      vertex 6.27038 133.725 2
      vertex 6.42628 10.2562 2
      vertex 6.42628 133.744 2
    endloop
  endfacet
  facet normal 0 0 1
    outer loop
      vertex 6.27038 133.725 2
      vertex 6.27038 10.2753 2
      vertex 6.42628 10.2562 2
    endloop
  endfacet
  facet normal -0 0 1
    outer loop
      vertex 6.1139 133.711 2
      vertex 6.27038 10.2753 2
      vertex 6.27038 133.725 2
    endloop
  endfacet
  facet normal 0 0 1
    outer loop
      vertex 6.1139 133.711 2
      vertex 6.1139 10.289 2
      vertex 6.27038 10.2753 2
    endloop
  endfacet
  facet normal -0 0 1
    outer loop
      vertex 5.95705 133.703 2
      vertex 6.1139 10.289 2
      vertex 6.1139 133.711 2
    endloop
  endfacet
  facet normal 0 0 1
    outer loop
      vertex 5.95705 133.703 2
      vertex 5.95705 10.2973 2
      vertex 6.1139 10.289 2
    endloop
  endfacet
  facet normal -0 0 1
    outer loop
      vertex 5.8 133.7 2
      vertex 5.95705 10.2973 2
      vertex 5.95705 133.703 2
    endloop
  endfacet
  facet normal 0 0 1
    outer loop
      vertex 5.8 133.7 2
      vertex 5.8 10.3 2
      vertex 5.95705 10.2973 2
    endloop
  endfacet
  facet normal 0 0 1
    outer loop
      vertex 5.64295 133.703 2
      vertex 5.8 10.3 2
      vertex 5.8 133.7 2
    endloop
  endfacet
  facet normal 0 0 1
    outer loop
      vertex 5.64295 133.703 2
      vertex 5.64295 10.2973 2
      vertex 5.8 10.3 2
    endloop
  endfacet
  facet normal 0 0 1
    outer loop
      vertex 5.4861 133.711 2
      vertex 5.64295 10.2973 2
      vertex 5.64295 133.703 2
    endloop
  endfacet
  facet normal 0 0 1
    outer loop
      vertex 5.4861 133.711 2
      vertex 5.4861 10.289 2
      vertex 5.64295 10.2973 2
    endloop
  endfacet
  facet normal 0 0 1
    outer loop
      vertex 5.32962 133.725 2
      vertex 5.4861 10.289 2
      vertex 5.4861 133.711 2
    endloop
  endfacet
  facet normal 0 0 1
    outer loop
      vertex 5.32962 133.725 2
      vertex 5.32962 10.2753 2
      vertex 5.4861 10.289 2
    endloop
  endfacet
  facet normal 0 0 1
    outer loop
      vertex 5.17372 133.744 2
      vertex 5.32962 10.2753 2
      vertex 5.32962 133.725 2
    endloop
  endfacet
  facet normal 0 0 1
    outer loop
      vertex 5.17372 133.744 2
      vertex 5.17372 10.2562 2
      vertex 5.32962 10.2753 2
    endloop
  endfacet
  facet normal 0 0 1
    outer loop
      vertex 5.01858 133.768 2
      vertex 5.17372 10.2562 2
      vertex 5.17372 133.744 2
    endloop
  endfacet
  facet normal 0 0 1
    outer loop
      vertex 5.01858 133.768 2
      vertex 5.01858 10.2316 2
      vertex 5.17372 10.2562 2
    endloop
  endfacet
  facet normal 0 0 1
    outer loop
      vertex 4.8644 133.798 2
      vertex 5.01858 10.2316 2
      vertex 5.01858 133.768 2
    endloop
  endfacet
  facet normal 0 0 1
    outer loop
      vertex 4.8644 133.798 2
      vertex 4.8644 10.2017 2
      vertex 5.01858 10.2316 2
    endloop
  endfacet
  facet normal 0 0 1
    outer loop
      vertex 4.71135 133.834 2
      vertex 4.8644 10.2017 2
      vertex 4.8644 133.798 2
    endloop
  endfacet
  facet normal 0 0 1
    outer loop
      vertex 4.71135 133.834 2
      vertex 4.71135 10.1663 2
      vertex 4.8644 10.2017 2
    endloop
  endfacet
  facet normal 0 0 1
    outer loop
      vertex 4.55963 133.874 2
      vertex 4.71135 10.1663 2
      vertex 4.71135 133.834 2
    endloop
  endfacet
  facet normal 0 0 1
    outer loop
      vertex 4.55963 133.874 2
      vertex 4.55963 10.1257 2
      vertex 4.71135 10.1663 2
    endloop
  endfacet
  facet normal 0 0 1
    outer loop
      vertex 4.40942 133.92 2
      vertex 4.55963 10.1257 2
      vertex 4.55963 133.874 2
    endloop
  endfacet
  facet normal 0 0 1
    outer loop
      vertex 4.40942 133.92 2
      vertex 4.40942 10.0798 2
      vertex 4.55963 10.1257 2
    endloop
  endfacet
  facet normal 0 0 1
    outer loop
      vertex 4.26091 133.971 2
      vertex 4.40942 10.0798 2
      vertex 4.40942 133.92 2
    endloop
  endfacet
  facet normal 0 0 1
    outer loop
      vertex 4.26091 133.971 2
      vertex 4.26091 10.0286 2
      vertex 4.40942 10.0798 2
    endloop
  endfacet
  facet normal 0 0 1
    outer loop
      vertex 4.11427 134.028 2
      vertex 4.26091 10.0286 2
      vertex 4.26091 133.971 2
    endloop
  endfacet
  facet normal 0 0 1
    outer loop
      vertex 4.11427 134.028 2
      vertex 4.11427 9.97233 2
      vertex 4.26091 10.0286 2
    endloop
  endfacet
  facet normal 0 0 1
    outer loop
      vertex 3.96968 134.089 2
      vertex 4.11427 9.97233 2
      vertex 4.11427 134.028 2
    endloop
  endfacet
  facet normal 0 0 1
    outer loop
      vertex 3.96968 134.089 2
      vertex 3.96968 9.91095 2
      vertex 4.11427 9.97233 2
    endloop
  endfacet
  facet normal 0 0 1
    outer loop
      vertex 3.82733 134.155 2
      vertex 3.96968 9.91095 2
      vertex 3.96968 134.089 2
    endloop
  endfacet
  facet normal 0 0 1
    outer loop
      vertex 3.82733 134.155 2
      vertex 3.82733 9.84457 2
      vertex 3.96968 9.91095 2
    endloop
  endfacet
  facet normal 0 0 1
    outer loop
      vertex 3.68738 134.227 2
      vertex 3.82733 9.84457 2
      vertex 3.82733 134.155 2
    endloop
  endfacet
  facet normal 0 0 1
    outer loop
      vertex 3.68738 134.227 2
      vertex 3.68738 9.77326 2
      vertex 3.82733 9.84457 2
    endloop
  endfacet
  facet normal 0 0 1
    outer loop
      vertex 3.55 134.303 2
      vertex 3.68738 9.77326 2
      vertex 3.68738 134.227 2
    endloop
  endfacet
  facet normal 0 0 1
    outer loop
      vertex 3.55 134.303 2
      vertex 3.55 9.69711 2
      vertex 3.68738 9.77326 2
    endloop
  endfacet
  facet normal 0 0 1
    outer loop
      vertex 3.41536 134.384 2
      vertex 3.55 9.69711 2
      vertex 3.55 134.303 2
    endloop
  endfacet
  facet normal 0 0 1
    outer loop
      vertex 3.41536 134.384 2
      vertex 3.41536 9.61622 2
      vertex 3.55 9.69711 2
    endloop
  endfacet
  facet normal 0 0 1
    outer loop
      vertex 3.28363 134.469 2
      vertex 3.41536 9.61622 2
      vertex 3.41536 134.384 2
    endloop
  endfacet
  facet normal 0 0 1
    outer loop
      vertex 3.28363 134.469 2
      vertex 3.28363 9.53067 2
      vertex 3.41536 9.61622 2
    endloop
  endfacet
  facet normal 0 0 1
    outer loop
      vertex 3.15497 134.559 2
      vertex 3.28363 9.53067 2
      vertex 3.28363 134.469 2
    endloop
  endfacet
  facet normal 0 0 1
    outer loop
      vertex 3.15497 134.559 2
      vertex 3.15497 9.44058 2
      vertex 3.28363 9.53067 2
    endloop
  endfacet
  facet normal 0 0 1
    outer loop
      vertex 3.02952 134.654 2
      vertex 3.15497 9.44058 2
      vertex 3.15497 134.559 2
    endloop
  endfacet
  facet normal 0 0 1
    outer loop
      vertex 3.02952 134.654 2
      vertex 3.02952 9.34605 2
      vertex 3.15497 9.44058 2
    endloop
  endfacet
  facet normal 0 0 1
    outer loop
      vertex 2.90746 134.753 2
      vertex 3.02952 9.34605 2
      vertex 3.02952 134.654 2
    endloop
  endfacet
  facet normal 0 0 1
    outer loop
      vertex 2.90746 134.753 2
      vertex 2.90746 9.2472 2
      vertex 3.02952 9.34605 2
    endloop
  endfacet
  facet normal 0 0 1
    outer loop
      vertex 2.78891 134.856 2
      vertex 2.90746 9.2472 2
      vertex 2.90746 134.753 2
    endloop
  endfacet
  facet normal 0 0 1
    outer loop
      vertex 2.78891 134.856 2
      vertex 2.78891 9.14415 2
      vertex 2.90746 9.2472 2
    endloop
  endfacet
  facet normal 0 0 1
    outer loop
      vertex 2.67404 134.963 2
      vertex 2.78891 9.14415 2
      vertex 2.78891 134.856 2
    endloop
  endfacet
  facet normal 0 0 1
    outer loop
      vertex 2.67404 134.963 2
      vertex 2.67404 9.03703 2
      vertex 2.78891 9.14415 2
    endloop
  endfacet
  facet normal 0 0 1
    outer loop
      vertex 2.56297 135.074 2
      vertex 2.67404 9.03703 2
      vertex 2.67404 134.963 2
    endloop
  endfacet
  facet normal 0 0 1
    outer loop
      vertex 2.56297 135.074 2
      vertex 2.56297 8.92596 2
      vertex 2.67404 9.03703 2
    endloop
  endfacet
  facet normal 0 0 1
    outer loop
      vertex 2.45585 135.189 2
      vertex 2.56297 8.92596 2
      vertex 2.56297 135.074 2
    endloop
  endfacet
  facet normal 0 0 1
    outer loop
      vertex 2.45585 135.189 2
      vertex 2.45585 8.81109 2
      vertex 2.56297 8.92596 2
    endloop
  endfacet
  facet normal 0 0 1
    outer loop
      vertex 2.3528 135.307 2
      vertex 2.45585 8.81109 2
      vertex 2.45585 135.189 2
    endloop
  endfacet
  facet normal 0 0 1
    outer loop
      vertex 2.3528 135.307 2
      vertex 2.3528 8.69254 2
      vertex 2.45585 8.81109 2
    endloop
  endfacet
  facet normal 0 0 1
    outer loop
      vertex 2.25395 135.43 2
      vertex 2.3528 8.69254 2
      vertex 2.3528 135.307 2
    endloop
  endfacet
  facet normal 0 0 1
    outer loop
      vertex 2.25395 135.43 2
      vertex 2.25395 8.57048 2
      vertex 2.3528 8.69254 2
    endloop
  endfacet
  facet normal 0 0 1
    outer loop
      vertex 2.15942 135.555 2
      vertex 2.25395 8.57048 2
      vertex 2.25395 135.43 2
    endloop
  endfacet
  facet normal 0 0 1
    outer loop
      vertex 2.15942 135.555 2
      vertex 2.15942 8.44503 2
      vertex 2.25395 8.57048 2
    endloop
  endfacet
  facet normal 0 0 1
    outer loop
      vertex 2.06933 135.684 2
      vertex 2.15942 8.44503 2
      vertex 2.15942 135.555 2
    endloop
  endfacet
  facet normal 0 0 1
    outer loop
      vertex 2.06933 135.684 2
      vertex 2.06933 8.31637 2
      vertex 2.15942 8.44503 2
    endloop
  endfacet
  facet normal 0 0 1
    outer loop
      vertex 2 135.79 2
      vertex 2.06933 8.31637 2
      vertex 2.06933 135.684 2
    endloop
  endfacet
  facet normal 0 0 1
    outer loop
      vertex 2.06933 8.31637 2
      vertex 2 135.79 2
      vertex 2 8.20961 2
    endloop
  endfacet
  facet normal 0 0 1
    outer loop
      vertex 73.711 6.1139 2
      vertex 10.3 5.8 2
      vertex 73.7027 5.95705 2
    endloop
  endfacet
  facet normal 0 0 1
    outer loop
      vertex 73.7027 138.357 2
      vertex 10.3 138.2 2
      vertex 73.7 138.2 2
    endloop
  endfacet
  facet normal 0 0 1
    outer loop
      vertex 10.2973 138.357 2
      vertex 73.7027 138.357 2
      vertex 73.711 138.514 2
    endloop
  endfacet
  facet normal 0 0 1
    outer loop
      vertex 10.289 138.514 2
      vertex 73.711 138.514 2
      vertex 73.7247 138.67 2
    endloop
  endfacet
  facet normal 0 0 1
    outer loop
      vertex 10.2753 138.67 2
      vertex 73.7247 138.67 2
      vertex 73.7438 138.826 2
    endloop
  endfacet
  facet normal 0 0 1
    outer loop
      vertex 10.2562 138.826 2
      vertex 73.7438 138.826 2
      vertex 73.7684 138.981 2
    endloop
  endfacet
  facet normal 0 0 1
    outer loop
      vertex 10.2316 138.981 2
      vertex 73.7684 138.981 2
      vertex 73.7983 139.136 2
    endloop
  endfacet
  facet normal 0 0 1
    outer loop
      vertex 10.2017 139.136 2
      vertex 73.7983 139.136 2
      vertex 73.8337 139.289 2
    endloop
  endfacet
  facet normal 0 0 1
    outer loop
      vertex 10.1663 139.289 2
      vertex 73.8337 139.289 2
      vertex 73.8743 139.44 2
    endloop
  endfacet
  facet normal 0 0 1
    outer loop
      vertex 10.1257 139.44 2
      vertex 73.8743 139.44 2
      vertex 73.9202 139.591 2
    endloop
  endfacet
  facet normal 0 0 1
    outer loop
      vertex 10.0798 139.591 2
      vertex 73.9202 139.591 2
      vertex 73.9714 139.739 2
    endloop
  endfacet
  facet normal 0 0 1
    outer loop
      vertex 10.0286 139.739 2
      vertex 73.9714 139.739 2
      vertex 74.0277 139.886 2
    endloop
  endfacet
  facet normal 0 0 1
    outer loop
      vertex 9.97233 139.886 2
      vertex 74.0277 139.886 2
      vertex 74.089 140.03 2
    endloop
  endfacet
  facet normal 0 0 1
    outer loop
      vertex 9.91095 140.03 2
      vertex 74.089 140.03 2
      vertex 74.1554 140.173 2
    endloop
  endfacet
  facet normal 0 0 1
    outer loop
      vertex 9.84457 140.173 2
      vertex 74.1554 140.173 2
      vertex 74.2267 140.313 2
    endloop
  endfacet
  facet normal 0 0 1
    outer loop
      vertex 9.77326 140.313 2
      vertex 74.2267 140.313 2
      vertex 74.3029 140.45 2
    endloop
  endfacet
  facet normal 0 0 1
    outer loop
      vertex 9.69711 140.45 2
      vertex 74.3029 140.45 2
      vertex 74.3838 140.585 2
    endloop
  endfacet
  facet normal 0 0 1
    outer loop
      vertex 9.61622 140.585 2
      vertex 74.3838 140.585 2
      vertex 74.4693 140.716 2
    endloop
  endfacet
  facet normal 0 0 1
    outer loop
      vertex 9.53067 140.716 2
      vertex 74.4693 140.716 2
      vertex 74.5594 140.845 2
    endloop
  endfacet
  facet normal 0 0 1
    outer loop
      vertex 9.44058 140.845 2
      vertex 74.5594 140.845 2
      vertex 74.654 140.97 2
    endloop
  endfacet
  facet normal 0 0 1
    outer loop
      vertex 9.34605 140.97 2
      vertex 74.654 140.97 2
      vertex 74.7528 141.093 2
    endloop
  endfacet
  facet normal 0 0 1
    outer loop
      vertex 9.2472 141.093 2
      vertex 74.7528 141.093 2
      vertex 74.8559 141.211 2
    endloop
  endfacet
  facet normal 0 0 1
    outer loop
      vertex 9.14415 141.211 2
      vertex 74.8559 141.211 2
      vertex 74.963 141.326 2
    endloop
  endfacet
  facet normal 0 0 1
    outer loop
      vertex 9.03703 141.326 2
      vertex 74.963 141.326 2
      vertex 75.074 141.437 2
    endloop
  endfacet
  facet normal 0 0 1
    outer loop
      vertex 8.92596 141.437 2
      vertex 75.074 141.437 2
      vertex 75.1889 141.544 2
    endloop
  endfacet
  facet normal 0 0 1
    outer loop
      vertex 8.81109 141.544 2
      vertex 75.1889 141.544 2
      vertex 75.3075 141.647 2
    endloop
  endfacet
  facet normal 0 0 1
    outer loop
      vertex 8.69254 141.647 2
      vertex 75.3075 141.647 2
      vertex 75.4295 141.746 2
    endloop
  endfacet
  facet normal 0 0 1
    outer loop
      vertex 8.57048 141.746 2
      vertex 75.4295 141.746 2
      vertex 75.555 141.841 2
    endloop
  endfacet
  facet normal 0 0 1
    outer loop
      vertex 8.44503 141.841 2
      vertex 75.555 141.841 2
      vertex 75.6836 141.931 2
    endloop
  endfacet
  facet normal 0 0 1
    outer loop
      vertex 8.31637 141.931 2
      vertex 75.6836 141.931 2
      vertex 75.7904 142 2
    endloop
  endfacet
  facet normal 0 0 1
    outer loop
      vertex 73.7027 138.357 2
      vertex 10.2973 138.357 2
      vertex 10.3 138.2 2
    endloop
  endfacet
  facet normal 0 0 1
    outer loop
      vertex 73.711 138.514 2
      vertex 10.289 138.514 2
      vertex 10.2973 138.357 2
    endloop
  endfacet
  facet normal 0 0 1
    outer loop
      vertex 73.7247 138.67 2
      vertex 10.2753 138.67 2
      vertex 10.289 138.514 2
    endloop
  endfacet
  facet normal 0 0 1
    outer loop
      vertex 73.7438 138.826 2
      vertex 10.2562 138.826 2
      vertex 10.2753 138.67 2
    endloop
  endfacet
  facet normal 0 0 1
    outer loop
      vertex 73.7684 138.981 2
      vertex 10.2316 138.981 2
      vertex 10.2562 138.826 2
    endloop
  endfacet
  facet normal 0 0 1
    outer loop
      vertex 73.7983 139.136 2
      vertex 10.2017 139.136 2
      vertex 10.2316 138.981 2
    endloop
  endfacet
  facet normal 0 0 1
    outer loop
      vertex 73.8337 139.289 2
      vertex 10.1663 139.289 2
      vertex 10.2017 139.136 2
    endloop
  endfacet
  facet normal 0 0 1
    outer loop
      vertex 73.8743 139.44 2
      vertex 10.1257 139.44 2
      vertex 10.1663 139.289 2
    endloop
  endfacet
  facet normal 0 0 1
    outer loop
      vertex 73.9202 139.591 2
      vertex 10.0798 139.591 2
      vertex 10.1257 139.44 2
    endloop
  endfacet
  facet normal 0 0 1
    outer loop
      vertex 73.9714 139.739 2
      vertex 10.0286 139.739 2
      vertex 10.0798 139.591 2
    endloop
  endfacet
  facet normal 0 0 1
    outer loop
      vertex 74.0277 139.886 2
      vertex 9.97233 139.886 2
      vertex 10.0286 139.739 2
    endloop
  endfacet
  facet normal 0 0 1
    outer loop
      vertex 74.089 140.03 2
      vertex 9.91095 140.03 2
      vertex 9.97233 139.886 2
    endloop
  endfacet
  facet normal 0 0 1
    outer loop
      vertex 74.1554 140.173 2
      vertex 9.84457 140.173 2
      vertex 9.91095 140.03 2
    endloop
  endfacet
  facet normal 0 0 1
    outer loop
      vertex 74.2267 140.313 2
      vertex 9.77326 140.313 2
      vertex 9.84457 140.173 2
    endloop
  endfacet
  facet normal 0 0 1
    outer loop
      vertex 74.3029 140.45 2
      vertex 9.69711 140.45 2
      vertex 9.77326 140.313 2
    endloop
  endfacet
  facet normal 0 0 1
    outer loop
      vertex 74.3838 140.585 2
      vertex 9.61622 140.585 2
      vertex 9.69711 140.45 2
    endloop
  endfacet
  facet normal 0 0 1
    outer loop
      vertex 74.4693 140.716 2
      vertex 9.53067 140.716 2
      vertex 9.61622 140.585 2
    endloop
  endfacet
  facet normal 0 0 1
    outer loop
      vertex 74.5594 140.845 2
      vertex 9.44058 140.845 2
      vertex 9.53067 140.716 2
    endloop
  endfacet
  facet normal 0 0 1
    outer loop
      vertex 74.654 140.97 2
      vertex 9.34605 140.97 2
      vertex 9.44058 140.845 2
    endloop
  endfacet
  facet normal 0 0 1
    outer loop
      vertex 74.7528 141.093 2
      vertex 9.2472 141.093 2
      vertex 9.34605 140.97 2
    endloop
  endfacet
  facet normal 0 0 1
    outer loop
      vertex 74.8559 141.211 2
      vertex 9.14415 141.211 2
      vertex 9.2472 141.093 2
    endloop
  endfacet
  facet normal 0 0 1
    outer loop
      vertex 74.963 141.326 2
      vertex 9.03703 141.326 2
      vertex 9.14415 141.211 2
    endloop
  endfacet
  facet normal 0 0 1
    outer loop
      vertex 75.074 141.437 2
      vertex 8.92596 141.437 2
      vertex 9.03703 141.326 2
    endloop
  endfacet
  facet normal 0 0 1
    outer loop
      vertex 75.1889 141.544 2
      vertex 8.81109 141.544 2
      vertex 8.92596 141.437 2
    endloop
  endfacet
  facet normal 0 0 1
    outer loop
      vertex 75.3075 141.647 2
      vertex 8.69254 141.647 2
      vertex 8.81109 141.544 2
    endloop
  endfacet
  facet normal 0 0 1
    outer loop
      vertex 75.4295 141.746 2
      vertex 8.57048 141.746 2
      vertex 8.69254 141.647 2
    endloop
  endfacet
  facet normal 0 0 1
    outer loop
      vertex 75.555 141.841 2
      vertex 8.44503 141.841 2
      vertex 8.57048 141.746 2
    endloop
  endfacet
  facet normal 0 0 1
    outer loop
      vertex 75.6836 141.931 2
      vertex 8.31637 141.931 2
      vertex 8.44503 141.841 2
    endloop
  endfacet
  facet normal 0 -0 1
    outer loop
      vertex 8.31637 141.931 2
      vertex 75.7904 142 2
      vertex 8.20961 142 2
    endloop
  endfacet
  facet normal -0 0 1
    outer loop
      vertex 81.9307 135.684 2
      vertex 82 8.20961 2
      vertex 82 135.79 2
    endloop
  endfacet
  facet normal 0 0 1
    outer loop
      vertex 81.9307 135.684 2
      vertex 81.9307 8.31637 2
      vertex 82 8.20961 2
    endloop
  endfacet
  facet normal -0 0 1
    outer loop
      vertex 81.8406 135.555 2
      vertex 81.9307 8.31637 2
      vertex 81.9307 135.684 2
    endloop
  endfacet
  facet normal 0 0 1
    outer loop
      vertex 81.8406 135.555 2
      vertex 81.8406 8.44503 2
      vertex 81.9307 8.31637 2
    endloop
  endfacet
  facet normal -0 0 1
    outer loop
      vertex 81.746 135.43 2
      vertex 81.8406 8.44503 2
      vertex 81.8406 135.555 2
    endloop
  endfacet
  facet normal 0 0 1
    outer loop
      vertex 81.746 135.43 2
      vertex 81.746 8.57048 2
      vertex 81.8406 8.44503 2
    endloop
  endfacet
  facet normal -0 0 1
    outer loop
      vertex 81.6472 135.307 2
      vertex 81.746 8.57048 2
      vertex 81.746 135.43 2
    endloop
  endfacet
  facet normal 0 0 1
    outer loop
      vertex 81.6472 135.307 2
      vertex 81.6472 8.69254 2
      vertex 81.746 8.57048 2
    endloop
  endfacet
  facet normal -0 0 1
    outer loop
      vertex 81.5442 135.189 2
      vertex 81.6472 8.69254 2
      vertex 81.6472 135.307 2
    endloop
  endfacet
  facet normal 0 0 1
    outer loop
      vertex 81.5442 135.189 2
      vertex 81.5442 8.81109 2
      vertex 81.6472 8.69254 2
    endloop
  endfacet
  facet normal -0 0 1
    outer loop
      vertex 81.437 135.074 2
      vertex 81.5442 8.81109 2
      vertex 81.5442 135.189 2
    endloop
  endfacet
  facet normal 0 0 1
    outer loop
      vertex 81.437 135.074 2
      vertex 81.437 8.92596 2
      vertex 81.5442 8.81109 2
    endloop
  endfacet
  facet normal -0 0 1
    outer loop
      vertex 81.326 134.963 2
      vertex 81.437 8.92596 2
      vertex 81.437 135.074 2
    endloop
  endfacet
  facet normal 0 0 1
    outer loop
      vertex 81.326 134.963 2
      vertex 81.326 9.03703 2
      vertex 81.437 8.92596 2
    endloop
  endfacet
  facet normal -0 0 1
    outer loop
      vertex 81.2111 134.856 2
      vertex 81.326 9.03703 2
      vertex 81.326 134.963 2
    endloop
  endfacet
  facet normal 0 0 1
    outer loop
      vertex 81.2111 134.856 2
      vertex 81.2111 9.14415 2
      vertex 81.326 9.03703 2
    endloop
  endfacet
  facet normal -0 0 1
    outer loop
      vertex 81.0925 134.753 2
      vertex 81.2111 9.14415 2
      vertex 81.2111 134.856 2
    endloop
  endfacet
  facet normal 0 0 1
    outer loop
      vertex 81.0925 134.753 2
      vertex 81.0925 9.2472 2
      vertex 81.2111 9.14415 2
    endloop
  endfacet
  facet normal -0 0 1
    outer loop
      vertex 80.9705 134.654 2
      vertex 81.0925 9.2472 2
      vertex 81.0925 134.753 2
    endloop
  endfacet
  facet normal 0 0 1
    outer loop
      vertex 80.9705 134.654 2
      vertex 80.9705 9.34605 2
      vertex 81.0925 9.2472 2
    endloop
  endfacet
  facet normal -0 0 1
    outer loop
      vertex 80.845 134.559 2
      vertex 80.9705 9.34605 2
      vertex 80.9705 134.654 2
    endloop
  endfacet
  facet normal 0 0 1
    outer loop
      vertex 80.845 134.559 2
      vertex 80.845 9.44058 2
      vertex 80.9705 9.34605 2
    endloop
  endfacet
  facet normal -0 0 1
    outer loop
      vertex 80.7164 134.469 2
      vertex 80.845 9.44058 2
      vertex 80.845 134.559 2
    endloop
  endfacet
  facet normal 0 0 1
    outer loop
      vertex 80.7164 134.469 2
      vertex 80.7164 9.53067 2
      vertex 80.845 9.44058 2
    endloop
  endfacet
  facet normal -0 0 1
    outer loop
      vertex 80.5846 134.384 2
      vertex 80.7164 9.53067 2
      vertex 80.7164 134.469 2
    endloop
  endfacet
  facet normal 0 0 1
    outer loop
      vertex 80.5846 134.384 2
      vertex 80.5846 9.61622 2
      vertex 80.7164 9.53067 2
    endloop
  endfacet
  facet normal -0 0 1
    outer loop
      vertex 80.45 134.303 2
      vertex 80.5846 9.61622 2
      vertex 80.5846 134.384 2
    endloop
  endfacet
  facet normal 0 0 1
    outer loop
      vertex 80.45 134.303 2
      vertex 80.45 9.69711 2
      vertex 80.5846 9.61622 2
    endloop
  endfacet
  facet normal -0 0 1
    outer loop
      vertex 80.3126 134.227 2
      vertex 80.45 9.69711 2
      vertex 80.45 134.303 2
    endloop
  endfacet
  facet normal 0 0 1
    outer loop
      vertex 80.3126 134.227 2
      vertex 80.3126 9.77326 2
      vertex 80.45 9.69711 2
    endloop
  endfacet
  facet normal -0 0 1
    outer loop
      vertex 80.1727 134.155 2
      vertex 80.3126 9.77326 2
      vertex 80.3126 134.227 2
    endloop
  endfacet
  facet normal 0 0 1
    outer loop
      vertex 80.1727 134.155 2
      vertex 80.1727 9.84457 2
      vertex 80.3126 9.77326 2
    endloop
  endfacet
  facet normal -0 0 1
    outer loop
      vertex 80.0303 134.089 2
      vertex 80.1727 9.84457 2
      vertex 80.1727 134.155 2
    endloop
  endfacet
  facet normal 0 0 1
    outer loop
      vertex 80.0303 134.089 2
      vertex 80.0303 9.91095 2
      vertex 80.1727 9.84457 2
    endloop
  endfacet
  facet normal -0 0 1
    outer loop
      vertex 79.8857 134.028 2
      vertex 80.0303 9.91095 2
      vertex 80.0303 134.089 2
    endloop
  endfacet
  facet normal 0 0 1
    outer loop
      vertex 79.8857 134.028 2
      vertex 79.8857 9.97233 2
      vertex 80.0303 9.91095 2
    endloop
  endfacet
  facet normal -0 0 1
    outer loop
      vertex 79.7391 133.971 2
      vertex 79.8857 9.97233 2
      vertex 79.8857 134.028 2
    endloop
  endfacet
  facet normal 0 0 1
    outer loop
      vertex 79.7391 133.971 2
      vertex 79.7391 10.0286 2
      vertex 79.8857 9.97233 2
    endloop
  endfacet
  facet normal -0 0 1
    outer loop
      vertex 79.5906 133.92 2
      vertex 79.7391 10.0286 2
      vertex 79.7391 133.971 2
    endloop
  endfacet
  facet normal 0 0 1
    outer loop
      vertex 79.5906 133.92 2
      vertex 79.5906 10.0798 2
      vertex 79.7391 10.0286 2
    endloop
  endfacet
  facet normal -0 0 1
    outer loop
      vertex 79.4404 133.874 2
      vertex 79.5906 10.0798 2
      vertex 79.5906 133.92 2
    endloop
  endfacet
  facet normal 0 0 1
    outer loop
      vertex 79.4404 133.874 2
      vertex 79.4404 10.1257 2
      vertex 79.5906 10.0798 2
    endloop
  endfacet
  facet normal -0 0 1
    outer loop
      vertex 79.2887 133.834 2
      vertex 79.4404 10.1257 2
      vertex 79.4404 133.874 2
    endloop
  endfacet
  facet normal 0 0 1
    outer loop
      vertex 79.2887 133.834 2
      vertex 79.2887 10.1663 2
      vertex 79.4404 10.1257 2
    endloop
  endfacet
  facet normal -0 0 1
    outer loop
      vertex 79.1356 133.798 2
      vertex 79.2887 10.1663 2
      vertex 79.2887 133.834 2
    endloop
  endfacet
  facet normal 0 0 1
    outer loop
      vertex 79.1356 133.798 2
      vertex 79.1356 10.2017 2
      vertex 79.2887 10.1663 2
    endloop
  endfacet
  facet normal -0 0 1
    outer loop
      vertex 78.9814 133.768 2
      vertex 79.1356 10.2017 2
      vertex 79.1356 133.798 2
    endloop
  endfacet
  facet normal 0 0 1
    outer loop
      vertex 78.9814 133.768 2
      vertex 78.9814 10.2316 2
      vertex 79.1356 10.2017 2
    endloop
  endfacet
  facet normal -0 0 1
    outer loop
      vertex 78.8263 133.744 2
      vertex 78.9814 10.2316 2
      vertex 78.9814 133.768 2
    endloop
  endfacet
  facet normal 0 0 1
    outer loop
      vertex 78.8263 133.744 2
      vertex 78.8263 10.2562 2
      vertex 78.9814 10.2316 2
    endloop
  endfacet
  facet normal -0 0 1
    outer loop
      vertex 78.6704 133.725 2
      vertex 78.8263 10.2562 2
      vertex 78.8263 133.744 2
    endloop
  endfacet
  facet normal 0 0 1
    outer loop
      vertex 78.6704 133.725 2
      vertex 78.6704 10.2753 2
      vertex 78.8263 10.2562 2
    endloop
  endfacet
  facet normal -0 0 1
    outer loop
      vertex 78.5139 133.711 2
      vertex 78.6704 10.2753 2
      vertex 78.6704 133.725 2
    endloop
  endfacet
  facet normal 0 0 1
    outer loop
      vertex 78.5139 133.711 2
      vertex 78.5139 10.289 2
      vertex 78.6704 10.2753 2
    endloop
  endfacet
  facet normal -0 0 1
    outer loop
      vertex 78.357 133.703 2
      vertex 78.5139 10.289 2
      vertex 78.5139 133.711 2
    endloop
  endfacet
  facet normal 0 0 1
    outer loop
      vertex 78.357 133.703 2
      vertex 78.357 10.2973 2
      vertex 78.5139 10.289 2
    endloop
  endfacet
  facet normal -0 0 1
    outer loop
      vertex 78.2 133.7 2
      vertex 78.357 10.2973 2
      vertex 78.357 133.703 2
    endloop
  endfacet
  facet normal 0 0 1
    outer loop
      vertex 78.2 133.7 2
      vertex 78.2 10.3 2
      vertex 78.357 10.2973 2
    endloop
  endfacet
  facet normal 0 0 1
    outer loop
      vertex 78.043 133.703 2
      vertex 78.2 10.3 2
      vertex 78.2 133.7 2
    endloop
  endfacet
  facet normal 0 0 1
    outer loop
      vertex 78.043 133.703 2
      vertex 78.043 10.2973 2
      vertex 78.2 10.3 2
    endloop
  endfacet
  facet normal 0 0 1
    outer loop
      vertex 77.8861 133.711 2
      vertex 78.043 10.2973 2
      vertex 78.043 133.703 2
    endloop
  endfacet
  facet normal 0 0 1
    outer loop
      vertex 77.8861 133.711 2
      vertex 77.8861 10.289 2
      vertex 78.043 10.2973 2
    endloop
  endfacet
  facet normal 0 0 1
    outer loop
      vertex 77.7296 133.725 2
      vertex 77.8861 10.289 2
      vertex 77.8861 133.711 2
    endloop
  endfacet
  facet normal 0 0 1
    outer loop
      vertex 77.7296 133.725 2
      vertex 77.7296 10.2753 2
      vertex 77.8861 10.289 2
    endloop
  endfacet
  facet normal 0 0 1
    outer loop
      vertex 77.5737 133.744 2
      vertex 77.7296 10.2753 2
      vertex 77.7296 133.725 2
    endloop
  endfacet
  facet normal 0 0 1
    outer loop
      vertex 77.5737 133.744 2
      vertex 77.5737 10.2562 2
      vertex 77.7296 10.2753 2
    endloop
  endfacet
  facet normal 0 0 1
    outer loop
      vertex 77.4186 133.768 2
      vertex 77.5737 10.2562 2
      vertex 77.5737 133.744 2
    endloop
  endfacet
  facet normal 0 0 1
    outer loop
      vertex 77.4186 133.768 2
      vertex 77.4186 10.2316 2
      vertex 77.5737 10.2562 2
    endloop
  endfacet
  facet normal 0 0 1
    outer loop
      vertex 77.2644 133.798 2
      vertex 77.4186 10.2316 2
      vertex 77.4186 133.768 2
    endloop
  endfacet
  facet normal 0 0 1
    outer loop
      vertex 77.2644 133.798 2
      vertex 77.2644 10.2017 2
      vertex 77.4186 10.2316 2
    endloop
  endfacet
  facet normal 0 0 1
    outer loop
      vertex 77.1114 133.834 2
      vertex 77.2644 10.2017 2
      vertex 77.2644 133.798 2
    endloop
  endfacet
  facet normal 0 0 1
    outer loop
      vertex 77.1114 133.834 2
      vertex 77.1114 10.1663 2
      vertex 77.2644 10.2017 2
    endloop
  endfacet
  facet normal 0 0 1
    outer loop
      vertex 76.9596 133.874 2
      vertex 77.1114 10.1663 2
      vertex 77.1114 133.834 2
    endloop
  endfacet
  facet normal 0 0 1
    outer loop
      vertex 76.9596 133.874 2
      vertex 76.9596 10.1257 2
      vertex 77.1114 10.1663 2
    endloop
  endfacet
  facet normal 0 0 1
    outer loop
      vertex 76.8094 133.92 2
      vertex 76.9596 10.1257 2
      vertex 76.9596 133.874 2
    endloop
  endfacet
  facet normal 0 0 1
    outer loop
      vertex 76.8094 133.92 2
      vertex 76.8094 10.0798 2
      vertex 76.9596 10.1257 2
    endloop
  endfacet
  facet normal 0 0 1
    outer loop
      vertex 76.6609 133.971 2
      vertex 76.8094 10.0798 2
      vertex 76.8094 133.92 2
    endloop
  endfacet
  facet normal 0 0 1
    outer loop
      vertex 76.6609 133.971 2
      vertex 76.6609 10.0286 2
      vertex 76.8094 10.0798 2
    endloop
  endfacet
  facet normal 0 0 1
    outer loop
      vertex 76.5143 134.028 2
      vertex 76.6609 10.0286 2
      vertex 76.6609 133.971 2
    endloop
  endfacet
  facet normal 0 0 1
    outer loop
      vertex 76.5143 134.028 2
      vertex 76.5143 9.97233 2
      vertex 76.6609 10.0286 2
    endloop
  endfacet
  facet normal 0 0 1
    outer loop
      vertex 76.3697 134.089 2
      vertex 76.5143 9.97233 2
      vertex 76.5143 134.028 2
    endloop
  endfacet
  facet normal 0 0 1
    outer loop
      vertex 76.3697 134.089 2
      vertex 76.3697 9.91095 2
      vertex 76.5143 9.97233 2
    endloop
  endfacet
  facet normal 0 0 1
    outer loop
      vertex 76.2273 134.155 2
      vertex 76.3697 9.91095 2
      vertex 76.3697 134.089 2
    endloop
  endfacet
  facet normal 0 0 1
    outer loop
      vertex 76.2273 134.155 2
      vertex 76.2273 9.84457 2
      vertex 76.3697 9.91095 2
    endloop
  endfacet
  facet normal 0 0 1
    outer loop
      vertex 76.0874 134.227 2
      vertex 76.2273 9.84457 2
      vertex 76.2273 134.155 2
    endloop
  endfacet
  facet normal 0 0 1
    outer loop
      vertex 76.0874 134.227 2
      vertex 76.0874 9.77326 2
      vertex 76.2273 9.84457 2
    endloop
  endfacet
  facet normal 0 0 1
    outer loop
      vertex 75.95 134.303 2
      vertex 76.0874 9.77326 2
      vertex 76.0874 134.227 2
    endloop
  endfacet
  facet normal 0 0 1
    outer loop
      vertex 75.95 134.303 2
      vertex 75.95 9.69711 2
      vertex 76.0874 9.77326 2
    endloop
  endfacet
  facet normal 0 0 1
    outer loop
      vertex 9.69711 135.95 2
      vertex 74.3029 135.95 2
      vertex 9.77326 136.087 2
    endloop
  endfacet
  facet normal 0 0 1
    outer loop
      vertex 74.3029 135.95 2
      vertex 9.69711 135.95 2
      vertex 74.3838 135.815 2
    endloop
  endfacet
  facet normal 0 0 1
    outer loop
      vertex 74.2267 136.087 2
      vertex 9.77326 136.087 2
      vertex 74.3029 135.95 2
    endloop
  endfacet
  facet normal 0 0 1
    outer loop
      vertex 9.61622 135.815 2
      vertex 74.3838 135.815 2
      vertex 9.69711 135.95 2
    endloop
  endfacet
  facet normal 0 0 1
    outer loop
      vertex 9.77326 136.087 2
      vertex 74.2267 136.087 2
      vertex 9.84457 136.227 2
    endloop
  endfacet
  facet normal 0 0 1
    outer loop
      vertex 75.95 9.69711 2
      vertex 10.3 5.8 2
      vertex 75.8154 9.61622 2
    endloop
  endfacet
  facet normal 0 0 1
    outer loop
      vertex 74.1554 136.227 2
      vertex 9.84457 136.227 2
      vertex 74.2267 136.087 2
    endloop
  endfacet
  facet normal 0 0 1
    outer loop
      vertex 75.8154 9.61622 2
      vertex 10.3 5.8 2
      vertex 75.6836 9.53067 2
    endloop
  endfacet
  facet normal 0 0 1
    outer loop
      vertex 9.84457 136.227 2
      vertex 74.1554 136.227 2
      vertex 9.91095 136.37 2
    endloop
  endfacet
  facet normal 0 0 1
    outer loop
      vertex 75.6836 9.53067 2
      vertex 10.3 5.8 2
      vertex 75.555 9.44058 2
    endloop
  endfacet
  facet normal 0 0 1
    outer loop
      vertex 74.089 136.37 2
      vertex 9.91095 136.37 2
      vertex 74.1554 136.227 2
    endloop
  endfacet
  facet normal 0 0 1
    outer loop
      vertex 75.555 9.44058 2
      vertex 10.3 5.8 2
      vertex 75.4295 9.34605 2
    endloop
  endfacet
  facet normal 0 0 1
    outer loop
      vertex 9.91095 136.37 2
      vertex 74.089 136.37 2
      vertex 9.97233 136.514 2
    endloop
  endfacet
  facet normal 0 0 1
    outer loop
      vertex 75.4295 9.34605 2
      vertex 10.3 5.8 2
      vertex 75.3075 9.2472 2
    endloop
  endfacet
  facet normal 0 0 1
    outer loop
      vertex 74.0277 136.514 2
      vertex 9.97233 136.514 2
      vertex 74.089 136.37 2
    endloop
  endfacet
  facet normal 0 0 1
    outer loop
      vertex 75.3075 9.2472 2
      vertex 10.3 5.8 2
      vertex 75.1889 9.14415 2
    endloop
  endfacet
  facet normal 0 0 1
    outer loop
      vertex 9.97233 136.514 2
      vertex 74.0277 136.514 2
      vertex 10.0286 136.661 2
    endloop
  endfacet
  facet normal 0 0 1
    outer loop
      vertex 75.1889 9.14415 2
      vertex 10.3 5.8 2
      vertex 75.074 9.03703 2
    endloop
  endfacet
  facet normal 0 0 1
    outer loop
      vertex 73.9714 136.661 2
      vertex 10.0286 136.661 2
      vertex 74.0277 136.514 2
    endloop
  endfacet
  facet normal 0 0 1
    outer loop
      vertex 75.074 9.03703 2
      vertex 10.3 5.8 2
      vertex 74.963 8.92596 2
    endloop
  endfacet
  facet normal 0 0 1
    outer loop
      vertex 10.0286 136.661 2
      vertex 73.9714 136.661 2
      vertex 10.0798 136.809 2
    endloop
  endfacet
  facet normal 0 0 1
    outer loop
      vertex 74.963 8.92596 2
      vertex 10.3 5.8 2
      vertex 74.8559 8.81109 2
    endloop
  endfacet
  facet normal 0 0 1
    outer loop
      vertex 73.9202 136.809 2
      vertex 10.0798 136.809 2
      vertex 73.9714 136.661 2
    endloop
  endfacet
  facet normal 0 0 1
    outer loop
      vertex 74.8559 8.81109 2
      vertex 10.3 5.8 2
      vertex 74.7528 8.69254 2
    endloop
  endfacet
  facet normal 0 0 1
    outer loop
      vertex 10.0798 136.809 2
      vertex 73.9202 136.809 2
      vertex 10.1257 136.96 2
    endloop
  endfacet
  facet normal 0 0 1
    outer loop
      vertex 74.7528 8.69254 2
      vertex 10.3 5.8 2
      vertex 74.654 8.57048 2
    endloop
  endfacet
  facet normal 0 0 1
    outer loop
      vertex 73.8743 136.96 2
      vertex 10.1257 136.96 2
      vertex 73.9202 136.809 2
    endloop
  endfacet
  facet normal 0 0 1
    outer loop
      vertex 74.654 8.57048 2
      vertex 10.3 5.8 2
      vertex 74.5594 8.44503 2
    endloop
  endfacet
  facet normal 0 0 1
    outer loop
      vertex 10.1257 136.96 2
      vertex 73.8743 136.96 2
      vertex 10.1663 137.111 2
    endloop
  endfacet
  facet normal 0 0 1
    outer loop
      vertex 74.5594 8.44503 2
      vertex 10.3 5.8 2
      vertex 74.4693 8.31637 2
    endloop
  endfacet
  facet normal 0 0 1
    outer loop
      vertex 73.8337 137.111 2
      vertex 10.1663 137.111 2
      vertex 73.8743 136.96 2
    endloop
  endfacet
  facet normal 0 0 1
    outer loop
      vertex 74.4693 8.31637 2
      vertex 10.3 5.8 2
      vertex 74.3838 8.18464 2
    endloop
  endfacet
  facet normal 0 0 1
    outer loop
      vertex 10.1663 137.111 2
      vertex 73.8337 137.111 2
      vertex 10.2017 137.264 2
    endloop
  endfacet
  facet normal 0 0 1
    outer loop
      vertex 74.3838 8.18464 2
      vertex 10.3 5.8 2
      vertex 74.3029 8.05 2
    endloop
  endfacet
  facet normal 0 0 1
    outer loop
      vertex 73.7983 137.264 2
      vertex 10.2017 137.264 2
      vertex 73.8337 137.111 2
    endloop
  endfacet
  facet normal 0 0 1
    outer loop
      vertex 74.3029 8.05 2
      vertex 10.3 5.8 2
      vertex 74.2267 7.91262 2
    endloop
  endfacet
  facet normal 0 0 1
    outer loop
      vertex 10.2017 137.264 2
      vertex 73.7983 137.264 2
      vertex 10.2316 137.419 2
    endloop
  endfacet
  facet normal 0 0 1
    outer loop
      vertex 74.2267 7.91262 2
      vertex 10.3 5.8 2
      vertex 74.1554 7.77267 2
    endloop
  endfacet
  facet normal 0 0 1
    outer loop
      vertex 73.7684 137.419 2
      vertex 10.2316 137.419 2
      vertex 73.7983 137.264 2
    endloop
  endfacet
  facet normal 0 0 1
    outer loop
      vertex 74.1554 7.77267 2
      vertex 10.3 5.8 2
      vertex 74.089 7.63031 2
    endloop
  endfacet
  facet normal 0 0 1
    outer loop
      vertex 10.2316 137.419 2
      vertex 73.7684 137.419 2
      vertex 10.2562 137.574 2
    endloop
  endfacet
  facet normal 0 0 1
    outer loop
      vertex 74.089 7.63031 2
      vertex 10.3 5.8 2
      vertex 74.0277 7.48573 2
    endloop
  endfacet
  facet normal 0 0 1
    outer loop
      vertex 73.7438 137.574 2
      vertex 10.2562 137.574 2
      vertex 73.7684 137.419 2
    endloop
  endfacet
  facet normal 0 0 1
    outer loop
      vertex 74.0277 7.48573 2
      vertex 10.3 5.8 2
      vertex 73.9714 7.33909 2
    endloop
  endfacet
  facet normal 0 0 1
    outer loop
      vertex 10.2562 137.574 2
      vertex 73.7438 137.574 2
      vertex 10.2753 137.73 2
    endloop
  endfacet
  facet normal 0 0 1
    outer loop
      vertex 73.9714 7.33909 2
      vertex 10.3 5.8 2
      vertex 73.9202 7.19058 2
    endloop
  endfacet
  facet normal 0 0 1
    outer loop
      vertex 73.7247 137.73 2
      vertex 10.2753 137.73 2
      vertex 73.7438 137.574 2
    endloop
  endfacet
  facet normal 0 0 1
    outer loop
      vertex 73.9202 7.19058 2
      vertex 10.3 5.8 2
      vertex 73.8743 7.04037 2
    endloop
  endfacet
  facet normal 0 0 1
    outer loop
      vertex 10.2753 137.73 2
      vertex 73.7247 137.73 2
      vertex 10.289 137.886 2
    endloop
  endfacet
  facet normal 0 0 1
    outer loop
      vertex 73.8743 7.04037 2
      vertex 10.3 5.8 2
      vertex 73.8337 6.88865 2
    endloop
  endfacet
  facet normal 0 0 1
    outer loop
      vertex 73.711 137.886 2
      vertex 10.289 137.886 2
      vertex 73.7247 137.73 2
    endloop
  endfacet
  facet normal 0 0 1
    outer loop
      vertex 73.8337 6.88865 2
      vertex 10.3 5.8 2
      vertex 73.7983 6.7356 2
    endloop
  endfacet
  facet normal 0 0 1
    outer loop
      vertex 10.289 137.886 2
      vertex 73.711 137.886 2
      vertex 10.2973 138.043 2
    endloop
  endfacet
  facet normal 0 0 1
    outer loop
      vertex 73.7983 6.7356 2
      vertex 10.3 5.8 2
      vertex 73.7684 6.58142 2
    endloop
  endfacet
  facet normal 0 0 1
    outer loop
      vertex 73.7027 138.043 2
      vertex 10.2973 138.043 2
      vertex 73.711 137.886 2
    endloop
  endfacet
  facet normal 0 0 1
    outer loop
      vertex 73.7684 6.58142 2
      vertex 10.3 5.8 2
      vertex 73.7438 6.42628 2
    endloop
  endfacet
  facet normal 0 0 1
    outer loop
      vertex 10.2973 138.043 2
      vertex 73.7027 138.043 2
      vertex 10.3 138.2 2
    endloop
  endfacet
  facet normal 0 0 1
    outer loop
      vertex 73.7438 6.42628 2
      vertex 10.3 5.8 2
      vertex 73.7247 6.27038 2
    endloop
  endfacet
  facet normal -0 0 1
    outer loop
      vertex 10.3 138.2 2
      vertex 73.7027 138.043 2
      vertex 73.7 138.2 2
    endloop
  endfacet
  facet normal 0 0 1
    outer loop
      vertex 73.7247 6.27038 2
      vertex 10.3 5.8 2
      vertex 73.711 6.1139 2
    endloop
  endfacet
  facet normal 0 0 1
    outer loop
      vertex 73.7027 5.95705 2
      vertex 10.3 5.8 2
      vertex 73.7 5.8 2
    endloop
  endfacet
  facet normal 0 0 1
    outer loop
      vertex 73.7 5.8 2
      vertex 10.3 5.8 2
      vertex 73.7027 5.64295 2
    endloop
  endfacet
  facet normal 0 0 1
    outer loop
      vertex 10.2973 5.64295 2
      vertex 73.7027 5.64295 2
      vertex 10.3 5.8 2
    endloop
  endfacet
  facet normal 0 0 1
    outer loop
      vertex 73.7027 5.64295 2
      vertex 10.2973 5.64295 2
      vertex 73.711 5.4861 2
    endloop
  endfacet
  facet normal 0 0 1
    outer loop
      vertex 10.289 5.4861 2
      vertex 73.711 5.4861 2
      vertex 10.2973 5.64295 2
    endloop
  endfacet
  facet normal 0 0 1
    outer loop
      vertex 73.711 5.4861 2
      vertex 10.289 5.4861 2
      vertex 73.7247 5.32962 2
    endloop
  endfacet
  facet normal 0 0 1
    outer loop
      vertex 10.2753 5.32962 2
      vertex 73.7247 5.32962 2
      vertex 10.289 5.4861 2
    endloop
  endfacet
  facet normal 0 0 1
    outer loop
      vertex 73.7247 5.32962 2
      vertex 10.2753 5.32962 2
      vertex 73.7438 5.17372 2
    endloop
  endfacet
  facet normal 0 0 1
    outer loop
      vertex 10.2562 5.17372 2
      vertex 73.7438 5.17372 2
      vertex 10.2753 5.32962 2
    endloop
  endfacet
  facet normal 0 0 1
    outer loop
      vertex 73.7438 5.17372 2
      vertex 10.2562 5.17372 2
      vertex 73.7684 5.01858 2
    endloop
  endfacet
  facet normal 0 0 1
    outer loop
      vertex 10.2316 5.01858 2
      vertex 73.7684 5.01858 2
      vertex 10.2562 5.17372 2
    endloop
  endfacet
  facet normal 0 0 1
    outer loop
      vertex 73.7684 5.01858 2
      vertex 10.2316 5.01858 2
      vertex 73.7983 4.8644 2
    endloop
  endfacet
  facet normal 0 0 1
    outer loop
      vertex 10.2017 4.8644 2
      vertex 73.7983 4.8644 2
      vertex 10.2316 5.01858 2
    endloop
  endfacet
  facet normal 0 0 1
    outer loop
      vertex 73.7983 4.8644 2
      vertex 10.2017 4.8644 2
      vertex 73.8337 4.71135 2
    endloop
  endfacet
  facet normal 0 0 1
    outer loop
      vertex 10.1663 4.71135 2
      vertex 73.8337 4.71135 2
      vertex 10.2017 4.8644 2
    endloop
  endfacet
  facet normal 0 0 1
    outer loop
      vertex 73.8337 4.71135 2
      vertex 10.1663 4.71135 2
      vertex 73.8743 4.55963 2
    endloop
  endfacet
  facet normal 0 0 1
    outer loop
      vertex 10.1257 4.55963 2
      vertex 73.8743 4.55963 2
      vertex 10.1663 4.71135 2
    endloop
  endfacet
  facet normal 0 0 1
    outer loop
      vertex 73.8743 4.55963 2
      vertex 10.1257 4.55963 2
      vertex 73.9202 4.40942 2
    endloop
  endfacet
  facet normal 0 0 1
    outer loop
      vertex 10.0798 4.40942 2
      vertex 73.9202 4.40942 2
      vertex 10.1257 4.55963 2
    endloop
  endfacet
  facet normal 0 0 1
    outer loop
      vertex 73.9202 4.40942 2
      vertex 10.0798 4.40942 2
      vertex 73.9714 4.26091 2
    endloop
  endfacet
  facet normal 0 0 1
    outer loop
      vertex 10.0286 4.26091 2
      vertex 73.9714 4.26091 2
      vertex 10.0798 4.40942 2
    endloop
  endfacet
  facet normal 0 0 1
    outer loop
      vertex 73.9714 4.26091 2
      vertex 10.0286 4.26091 2
      vertex 74.0277 4.11427 2
    endloop
  endfacet
  facet normal 0 0 1
    outer loop
      vertex 9.97233 4.11427 2
      vertex 74.0277 4.11427 2
      vertex 10.0286 4.26091 2
    endloop
  endfacet
  facet normal 0 0 1
    outer loop
      vertex 74.0277 4.11427 2
      vertex 9.97233 4.11427 2
      vertex 74.089 3.96968 2
    endloop
  endfacet
  facet normal 0 0 1
    outer loop
      vertex 9.91095 3.96968 2
      vertex 74.089 3.96968 2
      vertex 9.97233 4.11427 2
    endloop
  endfacet
  facet normal 0 0 1
    outer loop
      vertex 74.089 3.96968 2
      vertex 9.91095 3.96968 2
      vertex 74.1554 3.82733 2
    endloop
  endfacet
  facet normal 0 0 1
    outer loop
      vertex 9.84457 3.82733 2
      vertex 74.1554 3.82733 2
      vertex 9.91095 3.96968 2
    endloop
  endfacet
  facet normal 0 0 1
    outer loop
      vertex 74.1554 3.82733 2
      vertex 9.84457 3.82733 2
      vertex 74.2267 3.68738 2
    endloop
  endfacet
  facet normal 0 0 1
    outer loop
      vertex 9.77326 3.68738 2
      vertex 74.2267 3.68738 2
      vertex 9.84457 3.82733 2
    endloop
  endfacet
  facet normal 0 0 1
    outer loop
      vertex 74.2267 3.68738 2
      vertex 9.77326 3.68738 2
      vertex 74.3029 3.55 2
    endloop
  endfacet
  facet normal 0 0 1
    outer loop
      vertex 9.69711 3.55 2
      vertex 74.3029 3.55 2
      vertex 9.77326 3.68738 2
    endloop
  endfacet
  facet normal 0 0 1
    outer loop
      vertex 74.3029 3.55 2
      vertex 9.69711 3.55 2
      vertex 74.3838 3.41536 2
    endloop
  endfacet
  facet normal 0 0 1
    outer loop
      vertex 9.61622 3.41536 2
      vertex 74.3838 3.41536 2
      vertex 9.69711 3.55 2
    endloop
  endfacet
  facet normal 0 0 1
    outer loop
      vertex 74.3838 3.41536 2
      vertex 9.61622 3.41536 2
      vertex 74.4693 3.28363 2
    endloop
  endfacet
  facet normal 0 0 1
    outer loop
      vertex 9.53067 3.28363 2
      vertex 74.4693 3.28363 2
      vertex 9.61622 3.41536 2
    endloop
  endfacet
  facet normal 0 0 1
    outer loop
      vertex 74.4693 3.28363 2
      vertex 9.53067 3.28363 2
      vertex 74.5594 3.15497 2
    endloop
  endfacet
  facet normal 0 0 1
    outer loop
      vertex 9.44058 3.15497 2
      vertex 74.5594 3.15497 2
      vertex 9.53067 3.28363 2
    endloop
  endfacet
  facet normal 0 0 1
    outer loop
      vertex 74.5594 3.15497 2
      vertex 9.44058 3.15497 2
      vertex 74.654 3.02952 2
    endloop
  endfacet
  facet normal 0 0 1
    outer loop
      vertex 9.34605 3.02952 2
      vertex 74.654 3.02952 2
      vertex 9.44058 3.15497 2
    endloop
  endfacet
  facet normal 0 0 1
    outer loop
      vertex 74.654 3.02952 2
      vertex 9.34605 3.02952 2
      vertex 74.7528 2.90746 2
    endloop
  endfacet
  facet normal 0 0 1
    outer loop
      vertex 9.2472 2.90746 2
      vertex 74.7528 2.90746 2
      vertex 9.34605 3.02952 2
    endloop
  endfacet
  facet normal 0 0 1
    outer loop
      vertex 74.7528 2.90746 2
      vertex 9.2472 2.90746 2
      vertex 74.8559 2.78891 2
    endloop
  endfacet
  facet normal 0 0 1
    outer loop
      vertex 9.14415 2.78891 2
      vertex 74.8559 2.78891 2
      vertex 9.2472 2.90746 2
    endloop
  endfacet
  facet normal 0 0 1
    outer loop
      vertex 74.8559 2.78891 2
      vertex 9.14415 2.78891 2
      vertex 74.963 2.67404 2
    endloop
  endfacet
  facet normal 0 0 1
    outer loop
      vertex 9.03703 2.67404 2
      vertex 74.963 2.67404 2
      vertex 9.14415 2.78891 2
    endloop
  endfacet
  facet normal 0 0 1
    outer loop
      vertex 74.963 2.67404 2
      vertex 9.03703 2.67404 2
      vertex 75.074 2.56297 2
    endloop
  endfacet
  facet normal 0 0 1
    outer loop
      vertex 8.92596 2.56297 2
      vertex 75.074 2.56297 2
      vertex 9.03703 2.67404 2
    endloop
  endfacet
  facet normal 0 0 1
    outer loop
      vertex 75.074 2.56297 2
      vertex 8.92596 2.56297 2
      vertex 75.1889 2.45585 2
    endloop
  endfacet
  facet normal 0 0 1
    outer loop
      vertex 8.81109 2.45585 2
      vertex 75.1889 2.45585 2
      vertex 8.92596 2.56297 2
    endloop
  endfacet
  facet normal 0 0 1
    outer loop
      vertex 75.1889 2.45585 2
      vertex 8.81109 2.45585 2
      vertex 75.3075 2.3528 2
    endloop
  endfacet
  facet normal 0 0 1
    outer loop
      vertex 8.69254 2.3528 2
      vertex 75.3075 2.3528 2
      vertex 8.81109 2.45585 2
    endloop
  endfacet
  facet normal 0 0 1
    outer loop
      vertex 75.3075 2.3528 2
      vertex 8.69254 2.3528 2
      vertex 75.4295 2.25395 2
    endloop
  endfacet
  facet normal 0 0 1
    outer loop
      vertex 8.57048 2.25395 2
      vertex 75.4295 2.25395 2
      vertex 8.69254 2.3528 2
    endloop
  endfacet
  facet normal 0 0 1
    outer loop
      vertex 75.4295 2.25395 2
      vertex 8.57048 2.25395 2
      vertex 75.555 2.15942 2
    endloop
  endfacet
  facet normal 0 0 1
    outer loop
      vertex 8.44503 2.15942 2
      vertex 75.555 2.15942 2
      vertex 8.57048 2.25395 2
    endloop
  endfacet
  facet normal 0 0 1
    outer loop
      vertex 75.555 2.15942 2
      vertex 8.44503 2.15942 2
      vertex 75.6836 2.06933 2
    endloop
  endfacet
  facet normal 0 0 1
    outer loop
      vertex 8.31637 2.06933 2
      vertex 75.6836 2.06933 2
      vertex 8.44503 2.15942 2
    endloop
  endfacet
  facet normal 0 0 1
    outer loop
      vertex 75.6836 2.06933 2
      vertex 8.31637 2.06933 2
      vertex 75.7904 2 2
    endloop
  endfacet
  facet normal 0 0 1
    outer loop
      vertex 75.7904 2 2
      vertex 8.31637 2.06933 2
      vertex 8.20961 2 2
    endloop
  endfacet
  facet normal 0 -1 0
    outer loop
      vertex 8.20961 142 2
      vertex 75.7904 142 30
      vertex 8.20961 142 30
    endloop
  endfacet
  facet normal 0 -1 -0
    outer loop
      vertex 75.7904 142 30
      vertex 8.20961 142 2
      vertex 75.7904 142 2
    endloop
  endfacet
  facet normal 0 1 -0
    outer loop
      vertex 75.7904 2 2
      vertex 8.20961 2 30
      vertex 75.7904 2 30
    endloop
  endfacet
  facet normal 0 1 0
    outer loop
      vertex 8.20961 2 30
      vertex 75.7904 2 2
      vertex 8.20961 2 2
    endloop
  endfacet
  facet normal 0.999852 0.0171894 0
    outer loop
      vertex 10.3 5.8 30
      vertex 10.2973 5.95705 2
      vertex 10.2973 5.95705 30
    endloop
  endfacet
  facet normal 0.999852 0.0171894 0
    outer loop
      vertex 10.2973 5.95705 2
      vertex 10.3 5.8 30
      vertex 10.3 5.8 2
    endloop
  endfacet
  facet normal -0.0171894 0.999852 0
    outer loop
      vertex 5.8 10.3 2
      vertex 5.64295 10.2973 30
      vertex 5.8 10.3 30
    endloop
  endfacet
  facet normal -0.0171894 0.999852 0
    outer loop
      vertex 5.64295 10.2973 30
      vertex 5.8 10.3 2
      vertex 5.64295 10.2973 2
    endloop
  endfacet
  facet normal 0.682005 0.731347 -0
    outer loop
      vertex 8.92596 9.03703 2
      vertex 8.81109 9.14415 30
      vertex 8.92596 9.03703 30
    endloop
  endfacet
  facet normal 0.682005 0.731347 0
    outer loop
      vertex 8.81109 9.14415 30
      vertex 8.92596 9.03703 2
      vertex 8.81109 9.14415 2
    endloop
  endfacet
  facet normal -0.707107 0.707107 0
    outer loop
      vertex 2.67404 9.03703 2
      vertex 2.56297 8.92596 30
      vertex 2.67404 9.03703 30
    endloop
  endfacet
  facet normal -0.707107 0.707107 0
    outer loop
      vertex 2.56297 8.92596 30
      vertex 2.67404 9.03703 2
      vertex 2.56297 8.92596 2
    endloop
  endfacet
  facet normal 0.920483 0.390782 0
    outer loop
      vertex 9.97233 7.48573 30
      vertex 9.91095 7.63031 2
      vertex 9.91095 7.63031 30
    endloop
  endfacet
  facet normal 0.920483 0.390782 0
    outer loop
      vertex 9.91095 7.63031 2
      vertex 9.97233 7.48573 30
      vertex 9.97233 7.48573 2
    endloop
  endfacet
  facet normal -0.798646 0.601801 0
    outer loop
      vertex 2.15942 8.44503 2
      vertex 2.25395 8.57048 30
      vertex 2.25395 8.57048 2
    endloop
  endfacet
  facet normal -0.798646 0.601801 0
    outer loop
      vertex 2.25395 8.57048 30
      vertex 2.15942 8.44503 2
      vertex 2.15942 8.44503 30
    endloop
  endfacet
  facet normal 0.857195 -0.514992 0
    outer loop
      vertex 9.61622 3.41536 30
      vertex 9.69711 3.55 2
      vertex 9.69711 3.55 30
    endloop
  endfacet
  facet normal 0.857195 -0.514992 0
    outer loop
      vertex 9.69711 3.55 2
      vertex 9.61622 3.41536 30
      vertex 9.61622 3.41536 2
    endloop
  endfacet
  facet normal 0.987661 0.15661 0
    outer loop
      vertex 10.2562 6.42628 30
      vertex 10.2316 6.58142 2
      vertex 10.2316 6.58142 30
    endloop
  endfacet
  facet normal 0.987661 0.15661 0
    outer loop
      vertex 10.2316 6.58142 2
      vertex 10.2562 6.42628 30
      vertex 10.2562 6.42628 2
    endloop
  endfacet
  facet normal 0.292233 0.956347 -0
    outer loop
      vertex 7.19058 10.0798 2
      vertex 7.04037 10.1257 30
      vertex 7.19058 10.0798 30
    endloop
  endfacet
  facet normal 0.292233 0.956347 0
    outer loop
      vertex 7.04037 10.1257 30
      vertex 7.19058 10.0798 2
      vertex 7.04037 10.1257 2
    endloop
  endfacet
  facet normal -0.454 0.891002 0
    outer loop
      vertex 3.82733 9.84457 2
      vertex 3.68738 9.77326 30
      vertex 3.82733 9.84457 30
    endloop
  endfacet
  facet normal -0.454 0.891002 0
    outer loop
      vertex 3.68738 9.77326 30
      vertex 3.82733 9.84457 2
      vertex 3.68738 9.77326 2
    endloop
  endfacet
  facet normal -0.514992 0.857195 0
    outer loop
      vertex 3.55 9.69711 2
      vertex 3.41536 9.61622 30
      vertex 3.55 9.69711 30
    endloop
  endfacet
  facet normal -0.514992 0.857195 0
    outer loop
      vertex 3.41536 9.61622 30
      vertex 3.55 9.69711 2
      vertex 3.41536 9.61622 2
    endloop
  endfacet
  facet normal 0.966011 -0.258503 0
    outer loop
      vertex 10.1257 4.55963 30
      vertex 10.1663 4.71135 2
      vertex 10.1663 4.71135 30
    endloop
  endfacet
  facet normal 0.966011 -0.258503 0
    outer loop
      vertex 10.1663 4.71135 2
      vertex 10.1257 4.55963 30
      vertex 10.1257 4.55963 2
    endloop
  endfacet
  facet normal 0.998603 -0.0528429 0
    outer loop
      vertex 10.289 5.4861 30
      vertex 10.2973 5.64295 2
      vertex 10.2973 5.64295 30
    endloop
  endfacet
  facet normal 0.998603 -0.0528429 0
    outer loop
      vertex 10.2973 5.64295 2
      vertex 10.289 5.4861 30
      vertex 10.289 5.4861 2
    endloop
  endfacet
  facet normal 0.996189 0.0872175 0
    outer loop
      vertex 10.289 6.1139 30
      vertex 10.2753 6.27038 2
      vertex 10.2753 6.27038 30
    endloop
  endfacet
  facet normal 0.996189 0.0872175 0
    outer loop
      vertex 10.2753 6.27038 2
      vertex 10.289 6.1139 30
      vertex 10.289 6.1139 2
    endloop
  endfacet
  facet normal 0.998603 0.0528429 0
    outer loop
      vertex 10.2973 5.95705 30
      vertex 10.289 6.1139 2
      vertex 10.289 6.1139 30
    endloop
  endfacet
  facet normal 0.998603 0.0528429 0
    outer loop
      vertex 10.289 6.1139 2
      vertex 10.2973 5.95705 30
      vertex 10.2973 5.95705 2
    endloop
  endfacet
  facet normal 0.98171 0.190382 0
    outer loop
      vertex 10.2316 6.58142 30
      vertex 10.2017 6.7356 2
      vertex 10.2017 6.7356 30
    endloop
  endfacet
  facet normal 0.98171 0.190382 0
    outer loop
      vertex 10.2017 6.7356 2
      vertex 10.2316 6.58142 30
      vertex 10.2316 6.58142 2
    endloop
  endfacet
  facet normal 0.956347 0.292233 0
    outer loop
      vertex 10.1257 7.04037 30
      vertex 10.0798 7.19058 2
      vertex 10.0798 7.19058 30
    endloop
  endfacet
  facet normal 0.956347 0.292233 0
    outer loop
      vertex 10.0798 7.19058 2
      vertex 10.1257 7.04037 30
      vertex 10.1257 7.04037 2
    endloop
  endfacet
  facet normal 0.798646 0.601801 0
    outer loop
      vertex 9.44058 8.44503 30
      vertex 9.34605 8.57048 2
      vertex 9.34605 8.57048 30
    endloop
  endfacet
  facet normal 0.798646 0.601801 0
    outer loop
      vertex 9.34605 8.57048 2
      vertex 9.44058 8.44503 30
      vertex 9.44058 8.44503 2
    endloop
  endfacet
  facet normal 0.731347 0.682005 0
    outer loop
      vertex 9.14415 8.81109 30
      vertex 9.03703 8.92596 2
      vertex 9.03703 8.92596 30
    endloop
  endfacet
  facet normal 0.731347 0.682005 0
    outer loop
      vertex 9.03703 8.92596 2
      vertex 9.14415 8.81109 30
      vertex 9.14415 8.81109 2
    endloop
  endfacet
  facet normal 0.777122 0.62935 0
    outer loop
      vertex 9.34605 8.57048 30
      vertex 9.2472 8.69254 2
      vertex 9.2472 8.69254 30
    endloop
  endfacet
  facet normal 0.777122 0.62935 0
    outer loop
      vertex 9.2472 8.69254 2
      vertex 9.34605 8.57048 30
      vertex 9.34605 8.57048 2
    endloop
  endfacet
  facet normal 0.874622 0.484805 0
    outer loop
      vertex 9.77326 7.91262 30
      vertex 9.69711 8.05 2
      vertex 9.69711 8.05 30
    endloop
  endfacet
  facet normal 0.874622 0.484805 0
    outer loop
      vertex 9.69711 8.05 2
      vertex 9.77326 7.91262 30
      vertex 9.77326 7.91262 2
    endloop
  endfacet
  facet normal 0.857195 0.514992 0
    outer loop
      vertex 9.69711 8.05 30
      vertex 9.61622 8.18464 2
      vertex 9.61622 8.18464 30
    endloop
  endfacet
  facet normal 0.857195 0.514992 0
    outer loop
      vertex 9.61622 8.18464 2
      vertex 9.69711 8.05 30
      vertex 9.69711 8.05 2
    endloop
  endfacet
  facet normal 0.121605 0.992579 -0
    outer loop
      vertex 6.42628 10.2562 2
      vertex 6.27038 10.2753 30
      vertex 6.42628 10.2562 30
    endloop
  endfacet
  facet normal 0.121605 0.992579 0
    outer loop
      vertex 6.27038 10.2753 30
      vertex 6.42628 10.2562 2
      vertex 6.27038 10.2753 2
    endloop
  endfacet
  facet normal 0.325932 0.945393 -0
    outer loop
      vertex 7.33909 10.0286 2
      vertex 7.19058 10.0798 30
      vertex 7.33909 10.0286 30
    endloop
  endfacet
  facet normal 0.325932 0.945393 0
    outer loop
      vertex 7.19058 10.0798 30
      vertex 7.33909 10.0286 2
      vertex 7.19058 10.0798 2
    endloop
  endfacet
  facet normal 0.190382 0.98171 -0
    outer loop
      vertex 6.7356 10.2017 2
      vertex 6.58142 10.2316 30
      vertex 6.7356 10.2017 30
    endloop
  endfacet
  facet normal 0.190382 0.98171 0
    outer loop
      vertex 6.58142 10.2316 30
      vertex 6.7356 10.2017 2
      vertex 6.58142 10.2316 2
    endloop
  endfacet
  facet normal 0.225348 0.974278 -0
    outer loop
      vertex 6.88865 10.1663 2
      vertex 6.7356 10.2017 30
      vertex 6.88865 10.1663 30
    endloop
  endfacet
  facet normal 0.225348 0.974278 0
    outer loop
      vertex 6.7356 10.2017 30
      vertex 6.88865 10.1663 2
      vertex 6.7356 10.2017 2
    endloop
  endfacet
  facet normal 0.15661 0.987661 -0
    outer loop
      vertex 6.58142 10.2316 2
      vertex 6.42628 10.2562 30
      vertex 6.58142 10.2316 30
    endloop
  endfacet
  facet normal 0.15661 0.987661 0
    outer loop
      vertex 6.42628 10.2562 30
      vertex 6.58142 10.2316 2
      vertex 6.42628 10.2562 2
    endloop
  endfacet
  facet normal 0.0528429 0.998603 -0
    outer loop
      vertex 6.1139 10.289 2
      vertex 5.95705 10.2973 30
      vertex 6.1139 10.289 30
    endloop
  endfacet
  facet normal 0.0528429 0.998603 0
    outer loop
      vertex 5.95705 10.2973 30
      vertex 6.1139 10.289 2
      vertex 5.95705 10.2973 2
    endloop
  endfacet
  facet normal 0.358258 0.933623 -0
    outer loop
      vertex 7.48573 9.97233 2
      vertex 7.33909 10.0286 30
      vertex 7.48573 9.97233 30
    endloop
  endfacet
  facet normal 0.358258 0.933623 0
    outer loop
      vertex 7.33909 10.0286 30
      vertex 7.48573 9.97233 2
      vertex 7.33909 10.0286 2
    endloop
  endfacet
  facet normal 0.484805 0.874622 -0
    outer loop
      vertex 8.05 9.69711 2
      vertex 7.91262 9.77326 30
      vertex 8.05 9.69711 30
    endloop
  endfacet
  facet normal 0.484805 0.874622 0
    outer loop
      vertex 7.91262 9.77326 30
      vertex 8.05 9.69711 2
      vertex 7.91262 9.77326 2
    endloop
  endfacet
  facet normal 0.390782 0.920483 -0
    outer loop
      vertex 7.63031 9.91095 2
      vertex 7.48573 9.97233 30
      vertex 7.63031 9.91095 30
    endloop
  endfacet
  facet normal 0.390782 0.920483 0
    outer loop
      vertex 7.48573 9.97233 30
      vertex 7.63031 9.91095 2
      vertex 7.48573 9.97233 2
    endloop
  endfacet
  facet normal 0.454 0.891002 -0
    outer loop
      vertex 7.91262 9.77326 2
      vertex 7.77267 9.84457 30
      vertex 7.91262 9.77326 30
    endloop
  endfacet
  facet normal 0.454 0.891002 0
    outer loop
      vertex 7.77267 9.84457 30
      vertex 7.91262 9.77326 2
      vertex 7.77267 9.84457 2
    endloop
  endfacet
  facet normal 0.514992 0.857195 -0
    outer loop
      vertex 8.18464 9.61622 2
      vertex 8.05 9.69711 30
      vertex 8.18464 9.61622 30
    endloop
  endfacet
  facet normal 0.514992 0.857195 0
    outer loop
      vertex 8.05 9.69711 30
      vertex 8.18464 9.61622 2
      vertex 8.05 9.69711 2
    endloop
  endfacet
  facet normal 0.601801 0.798646 -0
    outer loop
      vertex 8.57048 9.34605 2
      vertex 8.44503 9.44058 30
      vertex 8.57048 9.34605 30
    endloop
  endfacet
  facet normal 0.601801 0.798646 0
    outer loop
      vertex 8.44503 9.44058 30
      vertex 8.57048 9.34605 2
      vertex 8.44503 9.44058 2
    endloop
  endfacet
  facet normal -0.731347 0.682005 0
    outer loop
      vertex 2.45585 8.81109 2
      vertex 2.56297 8.92596 30
      vertex 2.56297 8.92596 2
    endloop
  endfacet
  facet normal -0.731347 0.682005 0
    outer loop
      vertex 2.56297 8.92596 30
      vertex 2.45585 8.81109 2
      vertex 2.45585 8.81109 30
    endloop
  endfacet
  facet normal -0.777122 0.62935 0
    outer loop
      vertex 2.25395 8.57048 2
      vertex 2.3528 8.69254 30
      vertex 2.3528 8.69254 2
    endloop
  endfacet
  facet normal -0.777122 0.62935 0
    outer loop
      vertex 2.3528 8.69254 30
      vertex 2.25395 8.57048 2
      vertex 2.25395 8.57048 30
    endloop
  endfacet
  facet normal -0.422624 0.906305 0
    outer loop
      vertex 3.96968 9.91095 2
      vertex 3.82733 9.84457 30
      vertex 3.96968 9.91095 30
    endloop
  endfacet
  facet normal -0.422624 0.906305 0
    outer loop
      vertex 3.82733 9.84457 30
      vertex 3.96968 9.91095 2
      vertex 3.82733 9.84457 2
    endloop
  endfacet
  facet normal -0.656045 0.754722 0
    outer loop
      vertex 2.90746 9.2472 2
      vertex 2.78891 9.14415 30
      vertex 2.90746 9.2472 30
    endloop
  endfacet
  facet normal -0.656045 0.754722 0
    outer loop
      vertex 2.78891 9.14415 30
      vertex 2.90746 9.2472 2
      vertex 2.78891 9.14415 2
    endloop
  endfacet
  facet normal -0.544655 0.83866 0
    outer loop
      vertex 3.41536 9.61622 2
      vertex 3.28363 9.53067 30
      vertex 3.41536 9.61622 30
    endloop
  endfacet
  facet normal -0.544655 0.83866 0
    outer loop
      vertex 3.28363 9.53067 30
      vertex 3.41536 9.61622 2
      vertex 3.28363 9.53067 2
    endloop
  endfacet
  facet normal -0.62935 0.777122 0
    outer loop
      vertex 3.02952 9.34605 2
      vertex 2.90746 9.2472 30
      vertex 3.02952 9.34605 30
    endloop
  endfacet
  facet normal -0.62935 0.777122 0
    outer loop
      vertex 2.90746 9.2472 30
      vertex 3.02952 9.34605 2
      vertex 2.90746 9.2472 2
    endloop
  endfacet
  facet normal -0.390759 0.920493 0
    outer loop
      vertex 4.11427 9.97233 2
      vertex 3.96968 9.91095 30
      vertex 4.11427 9.97233 30
    endloop
  endfacet
  facet normal -0.390759 0.920493 0
    outer loop
      vertex 3.96968 9.91095 30
      vertex 4.11427 9.97233 2
      vertex 3.96968 9.91095 2
    endloop
  endfacet
  facet normal -0.258503 0.966011 0
    outer loop
      vertex 4.71135 10.1663 2
      vertex 4.55963 10.1257 30
      vertex 4.71135 10.1663 30
    endloop
  endfacet
  facet normal -0.258503 0.966011 0
    outer loop
      vertex 4.55963 10.1257 30
      vertex 4.71135 10.1663 2
      vertex 4.55963 10.1257 2
    endloop
  endfacet
  facet normal -0.292233 0.956347 0
    outer loop
      vertex 4.55963 10.1257 2
      vertex 4.40942 10.0798 30
      vertex 4.55963 10.1257 30
    endloop
  endfacet
  facet normal -0.292233 0.956347 0
    outer loop
      vertex 4.40942 10.0798 30
      vertex 4.55963 10.1257 2
      vertex 4.40942 10.0798 2
    endloop
  endfacet
  facet normal -0.190382 0.98171 0
    outer loop
      vertex 5.01858 10.2316 2
      vertex 4.8644 10.2017 30
      vertex 5.01858 10.2316 30
    endloop
  endfacet
  facet normal -0.190382 0.98171 0
    outer loop
      vertex 4.8644 10.2017 30
      vertex 5.01858 10.2316 2
      vertex 4.8644 10.2017 2
    endloop
  endfacet
  facet normal -0.0528429 0.998603 0
    outer loop
      vertex 5.64295 10.2973 2
      vertex 5.4861 10.289 30
      vertex 5.64295 10.2973 30
    endloop
  endfacet
  facet normal -0.0528429 0.998603 0
    outer loop
      vertex 5.4861 10.289 30
      vertex 5.64295 10.2973 2
      vertex 5.4861 10.289 2
    endloop
  endfacet
  facet normal 0.601801 -0.798646 0
    outer loop
      vertex 8.44503 2.15942 2
      vertex 8.57048 2.25395 30
      vertex 8.44503 2.15942 30
    endloop
  endfacet
  facet normal 0.601801 -0.798646 0
    outer loop
      vertex 8.57048 2.25395 30
      vertex 8.44503 2.15942 2
      vertex 8.57048 2.25395 2
    endloop
  endfacet
  facet normal 0.682005 -0.731347 0
    outer loop
      vertex 8.81109 2.45585 2
      vertex 8.92596 2.56297 30
      vertex 8.81109 2.45585 30
    endloop
  endfacet
  facet normal 0.682005 -0.731347 0
    outer loop
      vertex 8.92596 2.56297 30
      vertex 8.81109 2.45585 2
      vertex 8.92596 2.56297 2
    endloop
  endfacet
  facet normal 0.62935 -0.777122 0
    outer loop
      vertex 8.57048 2.25395 2
      vertex 8.69254 2.3528 30
      vertex 8.57048 2.25395 30
    endloop
  endfacet
  facet normal 0.62935 -0.777122 0
    outer loop
      vertex 8.69254 2.3528 30
      vertex 8.57048 2.25395 2
      vertex 8.69254 2.3528 2
    endloop
  endfacet
  facet normal 0.573582 -0.819148 0
    outer loop
      vertex 8.31637 2.06933 2
      vertex 8.44503 2.15942 30
      vertex 8.31637 2.06933 30
    endloop
  endfacet
  facet normal 0.573582 -0.819148 0
    outer loop
      vertex 8.44503 2.15942 30
      vertex 8.31637 2.06933 2
      vertex 8.44503 2.15942 2
    endloop
  endfacet
  facet normal 0.731347 -0.682005 0
    outer loop
      vertex 9.03703 2.67404 30
      vertex 9.14415 2.78891 2
      vertex 9.14415 2.78891 30
    endloop
  endfacet
  facet normal 0.731347 -0.682005 0
    outer loop
      vertex 9.14415 2.78891 2
      vertex 9.03703 2.67404 30
      vertex 9.03703 2.67404 2
    endloop
  endfacet
  facet normal 0.906305 -0.422624 0
    outer loop
      vertex 9.84457 3.82733 30
      vertex 9.91095 3.96968 2
      vertex 9.91095 3.96968 30
    endloop
  endfacet
  facet normal 0.906305 -0.422624 0
    outer loop
      vertex 9.91095 3.96968 2
      vertex 9.84457 3.82733 30
      vertex 9.84457 3.82733 2
    endloop
  endfacet
  facet normal 0.920493 -0.390759 0
    outer loop
      vertex 9.91095 3.96968 30
      vertex 9.97233 4.11427 2
      vertex 9.97233 4.11427 30
    endloop
  endfacet
  facet normal 0.920493 -0.390759 0
    outer loop
      vertex 9.97233 4.11427 2
      vertex 9.91095 3.96968 30
      vertex 9.91095 3.96968 2
    endloop
  endfacet
  facet normal 0.891002 -0.454 0
    outer loop
      vertex 9.77326 3.68738 30
      vertex 9.84457 3.82733 2
      vertex 9.84457 3.82733 30
    endloop
  endfacet
  facet normal 0.891002 -0.454 0
    outer loop
      vertex 9.84457 3.82733 2
      vertex 9.77326 3.68738 30
      vertex 9.77326 3.68738 2
    endloop
  endfacet
  facet normal 0.956347 -0.292233 0
    outer loop
      vertex 10.0798 4.40942 30
      vertex 10.1257 4.55963 2
      vertex 10.1257 4.55963 30
    endloop
  endfacet
  facet normal 0.956347 -0.292233 0
    outer loop
      vertex 10.1257 4.55963 2
      vertex 10.0798 4.40942 30
      vertex 10.0798 4.40942 2
    endloop
  endfacet
  facet normal 0.987661 -0.15661 0
    outer loop
      vertex 10.2316 5.01858 30
      vertex 10.2562 5.17372 2
      vertex 10.2562 5.17372 30
    endloop
  endfacet
  facet normal 0.987661 -0.15661 0
    outer loop
      vertex 10.2562 5.17372 2
      vertex 10.2316 5.01858 30
      vertex 10.2316 5.01858 2
    endloop
  endfacet
  facet normal 0.996189 -0.0872175 0
    outer loop
      vertex 10.2753 5.32962 30
      vertex 10.289 5.4861 2
      vertex 10.289 5.4861 30
    endloop
  endfacet
  facet normal 0.996189 -0.0872175 0
    outer loop
      vertex 10.289 5.4861 2
      vertex 10.2753 5.32962 30
      vertex 10.2753 5.32962 2
    endloop
  endfacet
  facet normal 0.992579 0.121605 0
    outer loop
      vertex 10.2753 6.27038 30
      vertex 10.2562 6.42628 2
      vertex 10.2562 6.42628 30
    endloop
  endfacet
  facet normal 0.992579 0.121605 0
    outer loop
      vertex 10.2562 6.42628 2
      vertex 10.2753 6.27038 30
      vertex 10.2753 6.27038 2
    endloop
  endfacet
  facet normal 0.945393 0.325932 0
    outer loop
      vertex 10.0798 7.19058 30
      vertex 10.0286 7.33909 2
      vertex 10.0286 7.33909 30
    endloop
  endfacet
  facet normal 0.945393 0.325932 0
    outer loop
      vertex 10.0286 7.33909 2
      vertex 10.0798 7.19058 30
      vertex 10.0798 7.19058 2
    endloop
  endfacet
  facet normal 0.933623 0.358258 0
    outer loop
      vertex 10.0286 7.33909 30
      vertex 9.97233 7.48573 2
      vertex 9.97233 7.48573 30
    endloop
  endfacet
  facet normal 0.933623 0.358258 0
    outer loop
      vertex 9.97233 7.48573 2
      vertex 10.0286 7.33909 30
      vertex 10.0286 7.33909 2
    endloop
  endfacet
  facet normal 0.974278 0.225348 0
    outer loop
      vertex 10.2017 6.7356 30
      vertex 10.1663 6.88865 2
      vertex 10.1663 6.88865 30
    endloop
  endfacet
  facet normal 0.974278 0.225348 0
    outer loop
      vertex 10.1663 6.88865 2
      vertex 10.2017 6.7356 30
      vertex 10.2017 6.7356 2
    endloop
  endfacet
  facet normal 0.966011 0.258503 0
    outer loop
      vertex 10.1663 6.88865 30
      vertex 10.1257 7.04037 2
      vertex 10.1257 7.04037 30
    endloop
  endfacet
  facet normal 0.966011 0.258503 0
    outer loop
      vertex 10.1257 7.04037 2
      vertex 10.1663 6.88865 30
      vertex 10.1663 6.88865 2
    endloop
  endfacet
  facet normal 0.707107 0.707107 0
    outer loop
      vertex 9.03703 8.92596 30
      vertex 8.92596 9.03703 2
      vertex 8.92596 9.03703 30
    endloop
  endfacet
  facet normal 0.707107 0.707107 0
    outer loop
      vertex 8.92596 9.03703 2
      vertex 9.03703 8.92596 30
      vertex 9.03703 8.92596 2
    endloop
  endfacet
  facet normal 0.754722 0.656045 0
    outer loop
      vertex 9.2472 8.69254 30
      vertex 9.14415 8.81109 2
      vertex 9.14415 8.81109 30
    endloop
  endfacet
  facet normal 0.754722 0.656045 0
    outer loop
      vertex 9.14415 8.81109 2
      vertex 9.2472 8.69254 30
      vertex 9.2472 8.69254 2
    endloop
  endfacet
  facet normal 0.819148 0.573582 0
    outer loop
      vertex 9.53067 8.31637 30
      vertex 9.44058 8.44503 2
      vertex 9.44058 8.44503 30
    endloop
  endfacet
  facet normal 0.819148 0.573582 0
    outer loop
      vertex 9.44058 8.44503 2
      vertex 9.53067 8.31637 30
      vertex 9.53067 8.31637 2
    endloop
  endfacet
  facet normal 0.83866 0.544655 0
    outer loop
      vertex 9.61622 8.18464 30
      vertex 9.53067 8.31637 2
      vertex 9.53067 8.31637 30
    endloop
  endfacet
  facet normal 0.83866 0.544655 0
    outer loop
      vertex 9.53067 8.31637 2
      vertex 9.61622 8.18464 30
      vertex 9.61622 8.18464 2
    endloop
  endfacet
  facet normal 0.906316 0.4226 0
    outer loop
      vertex 9.91095 7.63031 30
      vertex 9.84457 7.77267 2
      vertex 9.84457 7.77267 30
    endloop
  endfacet
  facet normal 0.906316 0.4226 0
    outer loop
      vertex 9.84457 7.77267 2
      vertex 9.91095 7.63031 30
      vertex 9.91095 7.63031 2
    endloop
  endfacet
  facet normal 0.891002 0.454 0
    outer loop
      vertex 9.84457 7.77267 30
      vertex 9.77326 7.91262 2
      vertex 9.77326 7.91262 30
    endloop
  endfacet
  facet normal 0.891002 0.454 0
    outer loop
      vertex 9.77326 7.91262 2
      vertex 9.84457 7.77267 30
      vertex 9.84457 7.77267 2
    endloop
  endfacet
  facet normal 0.0872175 0.996189 -0
    outer loop
      vertex 6.27038 10.2753 2
      vertex 6.1139 10.289 30
      vertex 6.27038 10.2753 30
    endloop
  endfacet
  facet normal 0.0872175 0.996189 0
    outer loop
      vertex 6.1139 10.289 30
      vertex 6.27038 10.2753 2
      vertex 6.1139 10.289 2
    endloop
  endfacet
  facet normal 0.4226 0.906316 -0
    outer loop
      vertex 7.77267 9.84457 2
      vertex 7.63031 9.91095 30
      vertex 7.77267 9.84457 30
    endloop
  endfacet
  facet normal 0.4226 0.906316 0
    outer loop
      vertex 7.63031 9.91095 30
      vertex 7.77267 9.84457 2
      vertex 7.63031 9.91095 2
    endloop
  endfacet
  facet normal 0.573582 0.819148 -0
    outer loop
      vertex 8.44503 9.44058 2
      vertex 8.31637 9.53067 30
      vertex 8.44503 9.44058 30
    endloop
  endfacet
  facet normal 0.573582 0.819148 0
    outer loop
      vertex 8.31637 9.53067 30
      vertex 8.44503 9.44058 2
      vertex 8.31637 9.53067 2
    endloop
  endfacet
  facet normal 0.544655 0.83866 -0
    outer loop
      vertex 8.31637 9.53067 2
      vertex 8.18464 9.61622 30
      vertex 8.31637 9.53067 30
    endloop
  endfacet
  facet normal 0.544655 0.83866 0
    outer loop
      vertex 8.18464 9.61622 30
      vertex 8.31637 9.53067 2
      vertex 8.18464 9.61622 2
    endloop
  endfacet
  facet normal 0.656045 0.754722 -0
    outer loop
      vertex 8.81109 9.14415 2
      vertex 8.69254 9.2472 30
      vertex 8.81109 9.14415 30
    endloop
  endfacet
  facet normal 0.656045 0.754722 0
    outer loop
      vertex 8.69254 9.2472 30
      vertex 8.81109 9.14415 2
      vertex 8.69254 9.2472 2
    endloop
  endfacet
  facet normal 0.62935 0.777122 -0
    outer loop
      vertex 8.69254 9.2472 2
      vertex 8.57048 9.34605 30
      vertex 8.69254 9.2472 30
    endloop
  endfacet
  facet normal 0.62935 0.777122 0
    outer loop
      vertex 8.57048 9.34605 30
      vertex 8.69254 9.2472 2
      vertex 8.57048 9.34605 2
    endloop
  endfacet
  facet normal -0.682005 0.731347 0
    outer loop
      vertex 2.78891 9.14415 2
      vertex 2.67404 9.03703 30
      vertex 2.78891 9.14415 30
    endloop
  endfacet
  facet normal -0.682005 0.731347 0
    outer loop
      vertex 2.67404 9.03703 30
      vertex 2.78891 9.14415 2
      vertex 2.67404 9.03703 2
    endloop
  endfacet
  facet normal -0.573582 0.819148 0
    outer loop
      vertex 3.28363 9.53067 2
      vertex 3.15497 9.44058 30
      vertex 3.28363 9.53067 30
    endloop
  endfacet
  facet normal -0.573582 0.819148 0
    outer loop
      vertex 3.15497 9.44058 30
      vertex 3.28363 9.53067 2
      vertex 3.15497 9.44058 2
    endloop
  endfacet
  facet normal -0.601801 0.798646 0
    outer loop
      vertex 3.15497 9.44058 2
      vertex 3.02952 9.34605 30
      vertex 3.15497 9.44058 30
    endloop
  endfacet
  facet normal -0.601801 0.798646 0
    outer loop
      vertex 3.02952 9.34605 30
      vertex 3.15497 9.44058 2
      vertex 3.02952 9.34605 2
    endloop
  endfacet
  facet normal -0.225348 0.974278 0
    outer loop
      vertex 4.8644 10.2017 2
      vertex 4.71135 10.1663 30
      vertex 4.8644 10.2017 30
    endloop
  endfacet
  facet normal -0.225348 0.974278 0
    outer loop
      vertex 4.71135 10.1663 30
      vertex 4.8644 10.2017 2
      vertex 4.71135 10.1663 2
    endloop
  endfacet
  facet normal -0.325932 0.945393 0
    outer loop
      vertex 4.40942 10.0798 2
      vertex 4.26091 10.0286 30
      vertex 4.40942 10.0798 30
    endloop
  endfacet
  facet normal -0.325932 0.945393 0
    outer loop
      vertex 4.26091 10.0286 30
      vertex 4.40942 10.0798 2
      vertex 4.26091 10.0286 2
    endloop
  endfacet
  facet normal -0.358258 0.933623 0
    outer loop
      vertex 4.26091 10.0286 2
      vertex 4.11427 9.97233 30
      vertex 4.26091 10.0286 30
    endloop
  endfacet
  facet normal -0.358258 0.933623 0
    outer loop
      vertex 4.11427 9.97233 30
      vertex 4.26091 10.0286 2
      vertex 4.11427 9.97233 2
    endloop
  endfacet
  facet normal -0.15661 0.987661 0
    outer loop
      vertex 5.17372 10.2562 2
      vertex 5.01858 10.2316 30
      vertex 5.17372 10.2562 30
    endloop
  endfacet
  facet normal -0.15661 0.987661 0
    outer loop
      vertex 5.01858 10.2316 30
      vertex 5.17372 10.2562 2
      vertex 5.01858 10.2316 2
    endloop
  endfacet
  facet normal -0.121605 0.992579 0
    outer loop
      vertex 5.32962 10.2753 2
      vertex 5.17372 10.2562 30
      vertex 5.32962 10.2753 30
    endloop
  endfacet
  facet normal -0.121605 0.992579 0
    outer loop
      vertex 5.17372 10.2562 30
      vertex 5.32962 10.2753 2
      vertex 5.17372 10.2562 2
    endloop
  endfacet
  facet normal -0.0872175 0.996189 0
    outer loop
      vertex 5.4861 10.289 2
      vertex 5.32962 10.2753 30
      vertex 5.4861 10.289 30
    endloop
  endfacet
  facet normal -0.0872175 0.996189 0
    outer loop
      vertex 5.32962 10.2753 30
      vertex 5.4861 10.289 2
      vertex 5.32962 10.2753 2
    endloop
  endfacet
  facet normal 0.707107 -0.707107 0
    outer loop
      vertex 8.92596 2.56297 30
      vertex 9.03703 2.67404 2
      vertex 9.03703 2.67404 30
    endloop
  endfacet
  facet normal 0.707107 -0.707107 0
    outer loop
      vertex 9.03703 2.67404 2
      vertex 8.92596 2.56297 30
      vertex 8.92596 2.56297 2
    endloop
  endfacet
  facet normal 0.544635 -0.838673 0
    outer loop
      vertex 8.20961 2 2
      vertex 8.31637 2.06933 30
      vertex 8.20961 2 30
    endloop
  endfacet
  facet normal 0.544635 -0.838673 0
    outer loop
      vertex 8.31637 2.06933 30
      vertex 8.20961 2 2
      vertex 8.31637 2.06933 2
    endloop
  endfacet
  facet normal 0.83866 -0.544655 0
    outer loop
      vertex 9.53067 3.28363 30
      vertex 9.61622 3.41536 2
      vertex 9.61622 3.41536 30
    endloop
  endfacet
  facet normal 0.83866 -0.544655 0
    outer loop
      vertex 9.61622 3.41536 2
      vertex 9.53067 3.28363 30
      vertex 9.53067 3.28363 2
    endloop
  endfacet
  facet normal 0.777122 -0.62935 0
    outer loop
      vertex 9.2472 2.90746 30
      vertex 9.34605 3.02952 2
      vertex 9.34605 3.02952 30
    endloop
  endfacet
  facet normal 0.777122 -0.62935 0
    outer loop
      vertex 9.34605 3.02952 2
      vertex 9.2472 2.90746 30
      vertex 9.2472 2.90746 2
    endloop
  endfacet
  facet normal 0.874622 -0.484805 0
    outer loop
      vertex 9.69711 3.55 30
      vertex 9.77326 3.68738 2
      vertex 9.77326 3.68738 30
    endloop
  endfacet
  facet normal 0.874622 -0.484805 0
    outer loop
      vertex 9.77326 3.68738 2
      vertex 9.69711 3.55 30
      vertex 9.69711 3.55 2
    endloop
  endfacet
  facet normal 0.933623 -0.358258 0
    outer loop
      vertex 9.97233 4.11427 30
      vertex 10.0286 4.26091 2
      vertex 10.0286 4.26091 30
    endloop
  endfacet
  facet normal 0.933623 -0.358258 0
    outer loop
      vertex 10.0286 4.26091 2
      vertex 9.97233 4.11427 30
      vertex 9.97233 4.11427 2
    endloop
  endfacet
  facet normal 0.945393 -0.325932 0
    outer loop
      vertex 10.0286 4.26091 30
      vertex 10.0798 4.40942 2
      vertex 10.0798 4.40942 30
    endloop
  endfacet
  facet normal 0.945393 -0.325932 0
    outer loop
      vertex 10.0798 4.40942 2
      vertex 10.0286 4.26091 30
      vertex 10.0286 4.26091 2
    endloop
  endfacet
  facet normal 0.98171 -0.190382 0
    outer loop
      vertex 10.2017 4.8644 30
      vertex 10.2316 5.01858 2
      vertex 10.2316 5.01858 30
    endloop
  endfacet
  facet normal 0.98171 -0.190382 0
    outer loop
      vertex 10.2316 5.01858 2
      vertex 10.2017 4.8644 30
      vertex 10.2017 4.8644 2
    endloop
  endfacet
  facet normal 0.974278 -0.225348 0
    outer loop
      vertex 10.1663 4.71135 30
      vertex 10.2017 4.8644 2
      vertex 10.2017 4.8644 30
    endloop
  endfacet
  facet normal 0.974278 -0.225348 0
    outer loop
      vertex 10.2017 4.8644 2
      vertex 10.1663 4.71135 30
      vertex 10.1663 4.71135 2
    endloop
  endfacet
  facet normal 0.999852 -0.0171894 0
    outer loop
      vertex 10.2973 5.64295 30
      vertex 10.3 5.8 2
      vertex 10.3 5.8 30
    endloop
  endfacet
  facet normal 0.999852 -0.0171894 0
    outer loop
      vertex 10.3 5.8 2
      vertex 10.2973 5.64295 30
      vertex 10.2973 5.64295 2
    endloop
  endfacet
  facet normal 0.992579 -0.121605 0
    outer loop
      vertex 10.2562 5.17372 30
      vertex 10.2753 5.32962 2
      vertex 10.2753 5.32962 30
    endloop
  endfacet
  facet normal 0.992579 -0.121605 0
    outer loop
      vertex 10.2753 5.32962 2
      vertex 10.2562 5.17372 30
      vertex 10.2562 5.17372 2
    endloop
  endfacet
  facet normal 0.258503 0.966011 -0
    outer loop
      vertex 7.04037 10.1257 2
      vertex 6.88865 10.1663 30
      vertex 7.04037 10.1257 30
    endloop
  endfacet
  facet normal 0.258503 0.966011 0
    outer loop
      vertex 6.88865 10.1663 30
      vertex 7.04037 10.1257 2
      vertex 6.88865 10.1663 2
    endloop
  endfacet
  facet normal 0.0171894 0.999852 -0
    outer loop
      vertex 5.95705 10.2973 2
      vertex 5.8 10.3 30
      vertex 5.95705 10.2973 30
    endloop
  endfacet
  facet normal 0.0171894 0.999852 0
    outer loop
      vertex 5.8 10.3 30
      vertex 5.95705 10.2973 2
      vertex 5.8 10.3 2
    endloop
  endfacet
  facet normal -0.754722 0.656045 0
    outer loop
      vertex 2.3528 8.69254 2
      vertex 2.45585 8.81109 30
      vertex 2.45585 8.81109 2
    endloop
  endfacet
  facet normal -0.754722 0.656045 0
    outer loop
      vertex 2.45585 8.81109 30
      vertex 2.3528 8.69254 2
      vertex 2.3528 8.69254 30
    endloop
  endfacet
  facet normal -0.838673 0.544635 0
    outer loop
      vertex 2 8.20961 2
      vertex 2.06933 8.31637 30
      vertex 2.06933 8.31637 2
    endloop
  endfacet
  facet normal -0.838673 0.544635 0
    outer loop
      vertex 2.06933 8.31637 30
      vertex 2 8.20961 2
      vertex 2 8.20961 30
    endloop
  endfacet
  facet normal -0.819148 0.573582 0
    outer loop
      vertex 2.06933 8.31637 2
      vertex 2.15942 8.44503 30
      vertex 2.15942 8.44503 2
    endloop
  endfacet
  facet normal -0.819148 0.573582 0
    outer loop
      vertex 2.15942 8.44503 30
      vertex 2.06933 8.31637 2
      vertex 2.06933 8.31637 30
    endloop
  endfacet
  facet normal -0.484805 0.874622 0
    outer loop
      vertex 3.68738 9.77326 2
      vertex 3.55 9.69711 30
      vertex 3.68738 9.77326 30
    endloop
  endfacet
  facet normal -0.484805 0.874622 0
    outer loop
      vertex 3.55 9.69711 30
      vertex 3.68738 9.77326 2
      vertex 3.55 9.69711 2
    endloop
  endfacet
  facet normal 0.656045 -0.754722 0
    outer loop
      vertex 8.69254 2.3528 2
      vertex 8.81109 2.45585 30
      vertex 8.69254 2.3528 30
    endloop
  endfacet
  facet normal 0.656045 -0.754722 0
    outer loop
      vertex 8.81109 2.45585 30
      vertex 8.69254 2.3528 2
      vertex 8.81109 2.45585 2
    endloop
  endfacet
  facet normal 0.798646 -0.601801 0
    outer loop
      vertex 9.34605 3.02952 30
      vertex 9.44058 3.15497 2
      vertex 9.44058 3.15497 30
    endloop
  endfacet
  facet normal 0.798646 -0.601801 0
    outer loop
      vertex 9.44058 3.15497 2
      vertex 9.34605 3.02952 30
      vertex 9.34605 3.02952 2
    endloop
  endfacet
  facet normal 0.754722 -0.656045 0
    outer loop
      vertex 9.14415 2.78891 30
      vertex 9.2472 2.90746 2
      vertex 9.2472 2.90746 30
    endloop
  endfacet
  facet normal 0.754722 -0.656045 0
    outer loop
      vertex 9.2472 2.90746 2
      vertex 9.14415 2.78891 30
      vertex 9.14415 2.78891 2
    endloop
  endfacet
  facet normal 0.819148 -0.573582 0
    outer loop
      vertex 9.44058 3.15497 30
      vertex 9.53067 3.28363 2
      vertex 9.53067 3.28363 30
    endloop
  endfacet
  facet normal 0.819148 -0.573582 0
    outer loop
      vertex 9.53067 3.28363 2
      vertex 9.44058 3.15497 30
      vertex 9.44058 3.15497 2
    endloop
  endfacet
  facet normal -0.0171949 0.999852 0
    outer loop
      vertex 78.2 10.3 2
      vertex 78.043 10.2973 30
      vertex 78.2 10.3 30
    endloop
  endfacet
  facet normal -0.0171949 0.999852 0
    outer loop
      vertex 78.043 10.2973 30
      vertex 78.2 10.3 2
      vertex 78.043 10.2973 2
    endloop
  endfacet
  facet normal 0.68191 0.731436 -0
    outer loop
      vertex 81.326 9.03703 2
      vertex 81.2111 9.14415 30
      vertex 81.326 9.03703 30
    endloop
  endfacet
  facet normal 0.68191 0.731436 0
    outer loop
      vertex 81.2111 9.14415 30
      vertex 81.326 9.03703 2
      vertex 81.2111 9.14415 2
    endloop
  endfacet
  facet normal -0.731411 0.681937 0
    outer loop
      vertex 74.8559 8.81109 2
      vertex 74.963 8.92596 30
      vertex 74.963 8.92596 2
    endloop
  endfacet
  facet normal -0.731411 0.681937 0
    outer loop
      vertex 74.963 8.92596 30
      vertex 74.8559 8.81109 2
      vertex 74.8559 8.81109 30
    endloop
  endfacet
  facet normal -0.390736 0.920503 0
    outer loop
      vertex 76.5143 9.97233 2
      vertex 76.3697 9.91095 30
      vertex 76.5143 9.97233 30
    endloop
  endfacet
  facet normal -0.390736 0.920503 0
    outer loop
      vertex 76.3697 9.91095 30
      vertex 76.5143 9.97233 2
      vertex 76.3697 9.91095 2
    endloop
  endfacet
  facet normal 0.358343 0.93359 -0
    outer loop
      vertex 79.8857 9.97233 2
      vertex 79.7391 10.0286 30
      vertex 79.8857 9.97233 30
    endloop
  endfacet
  facet normal 0.358343 0.93359 0
    outer loop
      vertex 79.7391 10.0286 30
      vertex 79.8857 9.97233 2
      vertex 79.7391 10.0286 2
    endloop
  endfacet
  facet normal -0.933559 0.358424 0
    outer loop
      vertex 73.9714 7.33909 2
      vertex 74.0277 7.48573 30
      vertex 74.0277 7.48573 2
    endloop
  endfacet
  facet normal -0.933559 0.358424 0
    outer loop
      vertex 74.0277 7.48573 30
      vertex 73.9714 7.33909 2
      vertex 73.9714 7.33909 30
    endloop
  endfacet
  facet normal -0.798432 0.602086 0
    outer loop
      vertex 74.5594 8.44503 2
      vertex 74.654 8.57048 30
      vertex 74.654 8.57048 2
    endloop
  endfacet
  facet normal -0.798432 0.602086 0
    outer loop
      vertex 74.654 8.57048 30
      vertex 74.5594 8.44503 2
      vertex 74.5594 8.44503 30
    endloop
  endfacet
  facet normal -0.190358 0.981715 0
    outer loop
      vertex 77.4186 10.2316 2
      vertex 77.2644 10.2017 30
      vertex 77.4186 10.2316 30
    endloop
  endfacet
  facet normal -0.190358 0.981715 0
    outer loop
      vertex 77.2644 10.2017 30
      vertex 77.4186 10.2316 2
      vertex 77.2644 10.2017 2
    endloop
  endfacet
  facet normal 0.819118 0.573625 0
    outer loop
      vertex 81.9307 8.31637 30
      vertex 81.8406 8.44503 2
      vertex 81.8406 8.44503 30
    endloop
  endfacet
  facet normal 0.819118 0.573625 0
    outer loop
      vertex 81.8406 8.44503 2
      vertex 81.9307 8.31637 30
      vertex 81.9307 8.31637 2
    endloop
  endfacet
  facet normal 0.190358 0.981715 -0
    outer loop
      vertex 79.1356 10.2017 2
      vertex 78.9814 10.2316 30
      vertex 79.1356 10.2017 30
    endloop
  endfacet
  facet normal 0.190358 0.981715 0
    outer loop
      vertex 78.9814 10.2316 30
      vertex 79.1356 10.2017 2
      vertex 78.9814 10.2316 2
    endloop
  endfacet
  facet normal 0.601648 0.798761 -0
    outer loop
      vertex 80.9705 9.34605 2
      vertex 80.845 9.44058 30
      vertex 80.9705 9.34605 30
    endloop
  endfacet
  facet normal 0.601648 0.798761 0
    outer loop
      vertex 80.845 9.44058 30
      vertex 80.9705 9.34605 2
      vertex 80.845 9.44058 2
    endloop
  endfacet
  facet normal -0.819118 0.573625 0
    outer loop
      vertex 74.4693 8.31637 2
      vertex 74.5594 8.44503 30
      vertex 74.5594 8.44503 2
    endloop
  endfacet
  facet normal -0.819118 0.573625 0
    outer loop
      vertex 74.5594 8.44503 30
      vertex 74.4693 8.31637 2
      vertex 74.4693 8.31637 30
    endloop
  endfacet
  facet normal -0.956347 0.292233 0
    outer loop
      vertex 73.8743 7.04037 2
      vertex 73.9202 7.19058 30
      vertex 73.9202 7.19058 2
    endloop
  endfacet
  facet normal -0.956347 0.292233 0
    outer loop
      vertex 73.9202 7.19058 30
      vertex 73.8743 7.04037 2
      vertex 73.8743 7.04037 30
    endloop
  endfacet
  facet normal -0.515104 0.857127 0
    outer loop
      vertex 75.95 9.69711 2
      vertex 75.8154 9.61622 30
      vertex 75.95 9.69711 30
    endloop
  endfacet
  facet normal -0.515104 0.857127 0
    outer loop
      vertex 75.8154 9.61622 30
      vertex 75.95 9.69711 2
      vertex 75.8154 9.61622 2
    endloop
  endfacet
  facet normal -0.484751 0.874652 0
    outer loop
      vertex 76.0874 9.77326 2
      vertex 75.95 9.69711 30
      vertex 76.0874 9.77326 30
    endloop
  endfacet
  facet normal -0.484751 0.874652 0
    outer loop
      vertex 75.95 9.69711 30
      vertex 76.0874 9.77326 2
      vertex 75.95 9.69711 2
    endloop
  endfacet
  facet normal 0.777277 0.629158 0
    outer loop
      vertex 81.746 8.57048 30
      vertex 81.6472 8.69254 2
      vertex 81.6472 8.69254 30
    endloop
  endfacet
  facet normal 0.777277 0.629158 0
    outer loop
      vertex 81.6472 8.69254 2
      vertex 81.746 8.57048 30
      vertex 81.746 8.57048 2
    endloop
  endfacet
  facet normal 0.798432 0.602086 0
    outer loop
      vertex 81.8406 8.44503 30
      vertex 81.746 8.57048 2
      vertex 81.746 8.57048 30
    endloop
  endfacet
  facet normal 0.798432 0.602086 0
    outer loop
      vertex 81.746 8.57048 2
      vertex 81.8406 8.44503 30
      vertex 81.8406 8.44503 2
    endloop
  endfacet
  facet normal 0.731093 0.682277 0
    outer loop
      vertex 81.5442 8.81109 30
      vertex 81.437 8.92596 2
      vertex 81.437 8.92596 30
    endloop
  endfacet
  facet normal 0.731093 0.682277 0
    outer loop
      vertex 81.437 8.92596 2
      vertex 81.5442 8.81109 30
      vertex 81.5442 8.81109 2
    endloop
  endfacet
  facet normal 0.121605 0.992579 -0
    outer loop
      vertex 78.8263 10.2562 2
      vertex 78.6704 10.2753 30
      vertex 78.8263 10.2562 30
    endloop
  endfacet
  facet normal 0.121605 0.992579 0
    outer loop
      vertex 78.6704 10.2753 30
      vertex 78.8263 10.2562 2
      vertex 78.6704 10.2753 2
    endloop
  endfacet
  facet normal 0.292251 0.956342 -0
    outer loop
      vertex 79.5906 10.0798 2
      vertex 79.4404 10.1257 30
      vertex 79.5906 10.0798 30
    endloop
  endfacet
  facet normal 0.292251 0.956342 0
    outer loop
      vertex 79.4404 10.1257 30
      vertex 79.5906 10.0798 2
      vertex 79.4404 10.1257 2
    endloop
  endfacet
  facet normal 0.325951 0.945387 -0
    outer loop
      vertex 79.7391 10.0286 2
      vertex 79.5906 10.0798 30
      vertex 79.7391 10.0286 30
    endloop
  endfacet
  facet normal 0.325951 0.945387 0
    outer loop
      vertex 79.5906 10.0798 30
      vertex 79.7391 10.0286 2
      vertex 79.5906 10.0798 2
    endloop
  endfacet
  facet normal 0.156649 0.987654 -0
    outer loop
      vertex 78.9814 10.2316 2
      vertex 78.8263 10.2562 30
      vertex 78.9814 10.2316 30
    endloop
  endfacet
  facet normal 0.156649 0.987654 0
    outer loop
      vertex 78.8263 10.2562 30
      vertex 78.9814 10.2316 2
      vertex 78.8263 10.2562 2
    endloop
  endfacet
  facet normal 0.0528261 0.998604 -0
    outer loop
      vertex 78.5139 10.289 2
      vertex 78.357 10.2973 30
      vertex 78.5139 10.289 30
    endloop
  endfacet
  facet normal 0.0528261 0.998604 0
    outer loop
      vertex 78.357 10.2973 30
      vertex 78.5139 10.289 2
      vertex 78.357 10.2973 2
    endloop
  endfacet
  facet normal 0.454129 0.890936 -0
    outer loop
      vertex 80.3126 9.77326 2
      vertex 80.1727 9.84457 30
      vertex 80.3126 9.77326 30
    endloop
  endfacet
  facet normal 0.454129 0.890936 0
    outer loop
      vertex 80.1727 9.84457 30
      vertex 80.3126 9.77326 2
      vertex 80.1727 9.84457 2
    endloop
  endfacet
  facet normal 0.422502 0.906362 -0
    outer loop
      vertex 80.1727 9.84457 2
      vertex 80.0303 9.91095 30
      vertex 80.1727 9.84457 30
    endloop
  endfacet
  facet normal 0.422502 0.906362 0
    outer loop
      vertex 80.0303 9.91095 30
      vertex 80.1727 9.84457 2
      vertex 80.0303 9.91095 2
    endloop
  endfacet
  facet normal 0.573762 0.819022 -0
    outer loop
      vertex 80.845 9.44058 2
      vertex 80.7164 9.53067 30
      vertex 80.845 9.44058 30
    endloop
  endfacet
  facet normal 0.573762 0.819022 0
    outer loop
      vertex 80.7164 9.53067 30
      vertex 80.845 9.44058 2
      vertex 80.7164 9.53067 2
    endloop
  endfacet
  facet normal 0.655887 0.754859 -0
    outer loop
      vertex 81.2111 9.14415 2
      vertex 81.0925 9.2472 30
      vertex 81.2111 9.14415 30
    endloop
  endfacet
  facet normal 0.655887 0.754859 0
    outer loop
      vertex 81.0925 9.2472 30
      vertex 81.2111 9.14415 2
      vertex 81.0925 9.2472 2
    endloop
  endfacet
  facet normal -0.992579 0.121605 0
    outer loop
      vertex 73.7247 6.27038 2
      vertex 73.7438 6.42628 30
      vertex 73.7438 6.42628 2
    endloop
  endfacet
  facet normal -0.992579 0.121605 0
    outer loop
      vertex 73.7438 6.42628 30
      vertex 73.7247 6.27038 2
      vertex 73.7247 6.27038 30
    endloop
  endfacet
  facet normal -0.777277 0.629158 0
    outer loop
      vertex 74.654 8.57048 2
      vertex 74.7528 8.69254 30
      vertex 74.7528 8.69254 2
    endloop
  endfacet
  facet normal -0.777277 0.629158 0
    outer loop
      vertex 74.7528 8.69254 30
      vertex 74.654 8.57048 2
      vertex 74.654 8.57048 30
    endloop
  endfacet
  facet normal -0.857167 0.515039 0
    outer loop
      vertex 74.3029 8.05 2
      vertex 74.3838 8.18464 30
      vertex 74.3838 8.18464 2
    endloop
  endfacet
  facet normal -0.857167 0.515039 0
    outer loop
      vertex 74.3838 8.18464 30
      vertex 74.3029 8.05 2
      vertex 74.3029 8.05 30
    endloop
  endfacet
  facet normal -0.838806 0.544431 0
    outer loop
      vertex 74.3838 8.18464 2
      vertex 74.4693 8.31637 30
      vertex 74.4693 8.31637 2
    endloop
  endfacet
  facet normal -0.838806 0.544431 0
    outer loop
      vertex 74.4693 8.31637 30
      vertex 74.3838 8.18464 2
      vertex 74.3838 8.18464 30
    endloop
  endfacet
  facet normal -0.874487 0.485048 0
    outer loop
      vertex 74.2267 7.91262 2
      vertex 74.3029 8.05 30
      vertex 74.3029 8.05 2
    endloop
  endfacet
  facet normal -0.874487 0.485048 0
    outer loop
      vertex 74.3029 8.05 30
      vertex 74.2267 7.91262 2
      vertex 74.2267 7.91262 30
    endloop
  endfacet
  facet normal -0.920666 0.39035 0
    outer loop
      vertex 74.0277 7.48573 2
      vertex 74.089 7.63031 30
      vertex 74.089 7.63031 2
    endloop
  endfacet
  facet normal -0.920666 0.39035 0
    outer loop
      vertex 74.089 7.63031 30
      vertex 74.0277 7.48573 2
      vertex 74.0277 7.48573 30
    endloop
  endfacet
  facet normal -0.891027 0.45395 0
    outer loop
      vertex 74.1554 7.77267 2
      vertex 74.2267 7.91262 30
      vertex 74.2267 7.91262 2
    endloop
  endfacet
  facet normal -0.891027 0.45395 0
    outer loop
      vertex 74.2267 7.91262 30
      vertex 74.1554 7.77267 2
      vertex 74.1554 7.77267 30
    endloop
  endfacet
  facet normal -0.98171 0.190382 0
    outer loop
      vertex 73.7684 6.58142 2
      vertex 73.7983 6.7356 30
      vertex 73.7983 6.7356 2
    endloop
  endfacet
  facet normal -0.98171 0.190382 0
    outer loop
      vertex 73.7983 6.7356 30
      vertex 73.7684 6.58142 2
      vertex 73.7684 6.58142 30
    endloop
  endfacet
  facet normal -0.974278 0.225348 0
    outer loop
      vertex 73.7983 6.7356 2
      vertex 73.8337 6.88865 30
      vertex 73.8337 6.88865 2
    endloop
  endfacet
  facet normal -0.974278 0.225348 0
    outer loop
      vertex 73.8337 6.88865 30
      vertex 73.7983 6.7356 2
      vertex 73.7983 6.7356 30
    endloop
  endfacet
  facet normal -0.987661 0.15661 0
    outer loop
      vertex 73.7438 6.42628 2
      vertex 73.7684 6.58142 30
      vertex 73.7684 6.58142 2
    endloop
  endfacet
  facet normal -0.987661 0.15661 0
    outer loop
      vertex 73.7684 6.58142 30
      vertex 73.7438 6.42628 2
      vertex 73.7438 6.42628 30
    endloop
  endfacet
  facet normal -0.998603 0.0528429 0
    outer loop
      vertex 73.7027 5.95705 2
      vertex 73.711 6.1139 30
      vertex 73.711 6.1139 2
    endloop
  endfacet
  facet normal -0.998603 0.0528429 0
    outer loop
      vertex 73.711 6.1139 30
      vertex 73.7027 5.95705 2
      vertex 73.7027 5.95705 30
    endloop
  endfacet
  facet normal -0.999852 -0.0171894 0
    outer loop
      vertex 73.7027 5.64295 2
      vertex 73.7 5.8 30
      vertex 73.7 5.8 2
    endloop
  endfacet
  facet normal -0.999852 -0.0171894 0
    outer loop
      vertex 73.7 5.8 30
      vertex 73.7027 5.64295 2
      vertex 73.7027 5.64295 30
    endloop
  endfacet
  facet normal -0.454129 0.890936 0
    outer loop
      vertex 76.2273 9.84457 2
      vertex 76.0874 9.77326 30
      vertex 76.2273 9.84457 30
    endloop
  endfacet
  facet normal -0.454129 0.890936 0
    outer loop
      vertex 76.0874 9.77326 30
      vertex 76.2273 9.84457 2
      vertex 76.0874 9.77326 2
    endloop
  endfacet
  facet normal -0.601648 0.798761 0
    outer loop
      vertex 75.555 9.44058 2
      vertex 75.4295 9.34605 30
      vertex 75.555 9.44058 30
    endloop
  endfacet
  facet normal -0.601648 0.798761 0
    outer loop
      vertex 75.4295 9.34605 30
      vertex 75.555 9.44058 2
      vertex 75.4295 9.34605 2
    endloop
  endfacet
  facet normal -0.629537 0.77697 0
    outer loop
      vertex 75.4295 9.34605 2
      vertex 75.3075 9.2472 30
      vertex 75.4295 9.34605 30
    endloop
  endfacet
  facet normal -0.629537 0.77697 0
    outer loop
      vertex 75.3075 9.2472 30
      vertex 75.4295 9.34605 2
      vertex 75.3075 9.2472 2
    endloop
  endfacet
  facet normal -0.68191 0.731436 0
    outer loop
      vertex 75.1889 9.14415 2
      vertex 75.074 9.03703 30
      vertex 75.1889 9.14415 30
    endloop
  endfacet
  facet normal -0.68191 0.731436 0
    outer loop
      vertex 75.074 9.03703 30
      vertex 75.1889 9.14415 2
      vertex 75.074 9.03703 2
    endloop
  endfacet
  facet normal -0.258376 0.966045 0
    outer loop
      vertex 77.1114 10.1663 2
      vertex 76.9596 10.1257 30
      vertex 77.1114 10.1663 30
    endloop
  endfacet
  facet normal -0.258376 0.966045 0
    outer loop
      vertex 76.9596 10.1257 30
      vertex 77.1114 10.1663 2
      vertex 76.9596 10.1257 2
    endloop
  endfacet
  facet normal -0.292251 0.956342 0
    outer loop
      vertex 76.9596 10.1257 2
      vertex 76.8094 10.0798 30
      vertex 76.9596 10.1257 30
    endloop
  endfacet
  facet normal -0.292251 0.956342 0
    outer loop
      vertex 76.8094 10.0798 30
      vertex 76.9596 10.1257 2
      vertex 76.8094 10.0798 2
    endloop
  endfacet
  facet normal -0.0528261 0.998604 0
    outer loop
      vertex 78.043 10.2973 2
      vertex 77.8861 10.289 30
      vertex 78.043 10.2973 30
    endloop
  endfacet
  facet normal -0.0528261 0.998604 0
    outer loop
      vertex 77.8861 10.289 30
      vertex 78.043 10.2973 2
      vertex 77.8861 10.289 2
    endloop
  endfacet
  facet normal 0.75488 0.655863 0
    outer loop
      vertex 81.6472 8.69254 30
      vertex 81.5442 8.81109 2
      vertex 81.5442 8.81109 30
    endloop
  endfacet
  facet normal 0.75488 0.655863 0
    outer loop
      vertex 81.5442 8.81109 2
      vertex 81.6472 8.69254 30
      vertex 81.6472 8.69254 2
    endloop
  endfacet
  facet normal 0.70733 0.706884 -0
    outer loop
      vertex 81.437 8.92596 2
      vertex 81.326 9.03703 30
      vertex 81.437 8.92596 30
    endloop
  endfacet
  facet normal 0.70733 0.706884 0
    outer loop
      vertex 81.326 9.03703 30
      vertex 81.437 8.92596 2
      vertex 81.326 9.03703 2
    endloop
  endfacet
  facet normal 0.838781 0.544469 0
    outer loop
      vertex 82 8.20961 30
      vertex 81.9307 8.31637 2
      vertex 81.9307 8.31637 30
    endloop
  endfacet
  facet normal 0.838781 0.544469 0
    outer loop
      vertex 81.9307 8.31637 2
      vertex 82 8.20961 30
      vertex 82 8.20961 2
    endloop
  endfacet
  facet normal 0.258534 0.966002 -0
    outer loop
      vertex 79.4404 10.1257 2
      vertex 79.2887 10.1663 30
      vertex 79.4404 10.1257 30
    endloop
  endfacet
  facet normal 0.258534 0.966002 0
    outer loop
      vertex 79.2887 10.1663 30
      vertex 79.4404 10.1257 2
      vertex 79.2887 10.1663 2
    endloop
  endfacet
  facet normal 0.225278 0.974295 -0
    outer loop
      vertex 79.2887 10.1663 2
      vertex 79.1356 10.2017 30
      vertex 79.2887 10.1663 30
    endloop
  endfacet
  facet normal 0.225278 0.974295 0
    outer loop
      vertex 79.1356 10.2017 30
      vertex 79.2887 10.1663 2
      vertex 79.1356 10.2017 2
    endloop
  endfacet
  facet normal 0.0872064 0.99619 -0
    outer loop
      vertex 78.6704 10.2753 2
      vertex 78.5139 10.289 30
      vertex 78.6704 10.2753 30
    endloop
  endfacet
  facet normal 0.0872064 0.99619 0
    outer loop
      vertex 78.5139 10.289 30
      vertex 78.6704 10.2753 2
      vertex 78.5139 10.289 2
    endloop
  endfacet
  facet normal 0.484751 0.874652 -0
    outer loop
      vertex 80.45 9.69711 2
      vertex 80.3126 9.77326 30
      vertex 80.45 9.69711 30
    endloop
  endfacet
  facet normal 0.484751 0.874652 0
    outer loop
      vertex 80.3126 9.77326 30
      vertex 80.45 9.69711 2
      vertex 80.3126 9.77326 2
    endloop
  endfacet
  facet normal 0.390736 0.920503 -0
    outer loop
      vertex 80.0303 9.91095 2
      vertex 79.8857 9.97233 30
      vertex 80.0303 9.91095 30
    endloop
  endfacet
  facet normal 0.390736 0.920503 0
    outer loop
      vertex 79.8857 9.97233 30
      vertex 80.0303 9.91095 2
      vertex 79.8857 9.97233 2
    endloop
  endfacet
  facet normal 0.515104 0.857127 -0
    outer loop
      vertex 80.5846 9.61622 2
      vertex 80.45 9.69711 30
      vertex 80.5846 9.61622 30
    endloop
  endfacet
  facet normal 0.515104 0.857127 0
    outer loop
      vertex 80.45 9.69711 30
      vertex 80.5846 9.61622 2
      vertex 80.45 9.69711 2
    endloop
  endfacet
  facet normal 0.544451 0.838792 -0
    outer loop
      vertex 80.7164 9.53067 2
      vertex 80.5846 9.61622 30
      vertex 80.7164 9.53067 30
    endloop
  endfacet
  facet normal 0.544451 0.838792 0
    outer loop
      vertex 80.5846 9.61622 30
      vertex 80.7164 9.53067 2
      vertex 80.5846 9.61622 2
    endloop
  endfacet
  facet normal 0.629537 0.77697 -0
    outer loop
      vertex 81.0925 9.2472 2
      vertex 80.9705 9.34605 30
      vertex 81.0925 9.2472 30
    endloop
  endfacet
  facet normal 0.629537 0.77697 0
    outer loop
      vertex 80.9705 9.34605 30
      vertex 81.0925 9.2472 2
      vertex 80.9705 9.34605 2
    endloop
  endfacet
  facet normal -0.754564 0.656226 0
    outer loop
      vertex 74.7528 8.69254 2
      vertex 74.8559 8.81109 30
      vertex 74.8559 8.81109 2
    endloop
  endfacet
  facet normal -0.754564 0.656226 0
    outer loop
      vertex 74.8559 8.81109 30
      vertex 74.7528 8.69254 2
      vertex 74.7528 8.69254 30
    endloop
  endfacet
  facet normal -0.906268 0.422704 0
    outer loop
      vertex 74.089 7.63031 2
      vertex 74.1554 7.77267 30
      vertex 74.1554 7.77267 2
    endloop
  endfacet
  facet normal -0.906268 0.422704 0
    outer loop
      vertex 74.1554 7.77267 30
      vertex 74.089 7.63031 2
      vertex 74.089 7.63031 30
    endloop
  endfacet
  facet normal -0.945393 0.325932 0
    outer loop
      vertex 73.9202 7.19058 2
      vertex 73.9714 7.33909 30
      vertex 73.9714 7.33909 2
    endloop
  endfacet
  facet normal -0.945393 0.325932 0
    outer loop
      vertex 73.9714 7.33909 30
      vertex 73.9202 7.19058 2
      vertex 73.9202 7.19058 30
    endloop
  endfacet
  facet normal -0.996189 0.0872175 0
    outer loop
      vertex 73.711 6.1139 2
      vertex 73.7247 6.27038 30
      vertex 73.7247 6.27038 2
    endloop
  endfacet
  facet normal -0.996189 0.0872175 0
    outer loop
      vertex 73.7247 6.27038 30
      vertex 73.711 6.1139 2
      vertex 73.711 6.1139 30
    endloop
  endfacet
  facet normal -0.573762 0.819022 0
    outer loop
      vertex 75.6836 9.53067 2
      vertex 75.555 9.44058 30
      vertex 75.6836 9.53067 30
    endloop
  endfacet
  facet normal -0.573762 0.819022 0
    outer loop
      vertex 75.555 9.44058 30
      vertex 75.6836 9.53067 2
      vertex 75.555 9.44058 2
    endloop
  endfacet
  facet normal -0.655887 0.754859 0
    outer loop
      vertex 75.3075 9.2472 2
      vertex 75.1889 9.14415 30
      vertex 75.3075 9.2472 30
    endloop
  endfacet
  facet normal -0.655887 0.754859 0
    outer loop
      vertex 75.1889 9.14415 30
      vertex 75.3075 9.2472 2
      vertex 75.1889 9.14415 2
    endloop
  endfacet
  facet normal -0.325951 0.945387 0
    outer loop
      vertex 76.8094 10.0798 2
      vertex 76.6609 10.0286 30
      vertex 76.8094 10.0798 30
    endloop
  endfacet
  facet normal -0.325951 0.945387 0
    outer loop
      vertex 76.6609 10.0286 30
      vertex 76.8094 10.0798 2
      vertex 76.6609 10.0286 2
    endloop
  endfacet
  facet normal -0.358343 0.93359 0
    outer loop
      vertex 76.6609 10.0286 2
      vertex 76.5143 9.97233 30
      vertex 76.6609 10.0286 30
    endloop
  endfacet
  facet normal -0.358343 0.93359 0
    outer loop
      vertex 76.5143 9.97233 30
      vertex 76.6609 10.0286 2
      vertex 76.5143 9.97233 2
    endloop
  endfacet
  facet normal -0.156649 0.987654 0
    outer loop
      vertex 77.5737 10.2562 2
      vertex 77.4186 10.2316 30
      vertex 77.5737 10.2562 30
    endloop
  endfacet
  facet normal -0.156649 0.987654 0
    outer loop
      vertex 77.4186 10.2316 30
      vertex 77.5737 10.2562 2
      vertex 77.4186 10.2316 2
    endloop
  endfacet
  facet normal -0.121605 0.992579 0
    outer loop
      vertex 77.7296 10.2753 2
      vertex 77.5737 10.2562 30
      vertex 77.7296 10.2753 30
    endloop
  endfacet
  facet normal -0.121605 0.992579 0
    outer loop
      vertex 77.5737 10.2562 30
      vertex 77.7296 10.2753 2
      vertex 77.5737 10.2562 2
    endloop
  endfacet
  facet normal -0.0872064 0.99619 0
    outer loop
      vertex 77.8861 10.289 2
      vertex 77.7296 10.2753 30
      vertex 77.8861 10.289 30
    endloop
  endfacet
  facet normal -0.0872064 0.99619 0
    outer loop
      vertex 77.7296 10.2753 30
      vertex 77.8861 10.289 2
      vertex 77.7296 10.2753 2
    endloop
  endfacet
  facet normal -0.906256 -0.422729 0
    outer loop
      vertex 74.1554 3.82733 2
      vertex 74.089 3.96968 30
      vertex 74.089 3.96968 2
    endloop
  endfacet
  facet normal -0.906256 -0.422729 0
    outer loop
      vertex 74.089 3.96968 30
      vertex 74.1554 3.82733 2
      vertex 74.1554 3.82733 30
    endloop
  endfacet
  facet normal -0.891027 -0.45395 0
    outer loop
      vertex 74.2267 3.68738 2
      vertex 74.1554 3.82733 30
      vertex 74.1554 3.82733 2
    endloop
  endfacet
  facet normal -0.891027 -0.45395 0
    outer loop
      vertex 74.1554 3.82733 30
      vertex 74.2267 3.68738 2
      vertex 74.2267 3.68738 30
    endloop
  endfacet
  facet normal -0.857167 -0.515039 0
    outer loop
      vertex 74.3838 3.41536 2
      vertex 74.3029 3.55 30
      vertex 74.3029 3.55 2
    endloop
  endfacet
  facet normal -0.857167 -0.515039 0
    outer loop
      vertex 74.3029 3.55 30
      vertex 74.3838 3.41536 2
      vertex 74.3838 3.41536 30
    endloop
  endfacet
  facet normal -0.731411 -0.681937 0
    outer loop
      vertex 74.963 2.67404 2
      vertex 74.8559 2.78891 30
      vertex 74.8559 2.78891 2
    endloop
  endfacet
  facet normal -0.731411 -0.681937 0
    outer loop
      vertex 74.8559 2.78891 30
      vertex 74.963 2.67404 2
      vertex 74.963 2.67404 30
    endloop
  endfacet
  facet normal -0.754564 -0.656226 0
    outer loop
      vertex 74.8559 2.78891 2
      vertex 74.7528 2.90746 30
      vertex 74.7528 2.90746 2
    endloop
  endfacet
  facet normal -0.754564 -0.656226 0
    outer loop
      vertex 74.7528 2.90746 30
      vertex 74.8559 2.78891 2
      vertex 74.8559 2.78891 30
    endloop
  endfacet
  facet normal -0.777277 -0.629158 0
    outer loop
      vertex 74.7528 2.90746 2
      vertex 74.654 3.02952 30
      vertex 74.654 3.02952 2
    endloop
  endfacet
  facet normal -0.777277 -0.629158 0
    outer loop
      vertex 74.654 3.02952 30
      vertex 74.7528 2.90746 2
      vertex 74.7528 2.90746 30
    endloop
  endfacet
  facet normal -0.956347 -0.292233 0
    outer loop
      vertex 73.9202 4.40942 2
      vertex 73.8743 4.55963 30
      vertex 73.8743 4.55963 2
    endloop
  endfacet
  facet normal -0.956347 -0.292233 0
    outer loop
      vertex 73.8743 4.55963 30
      vertex 73.9202 4.40942 2
      vertex 73.9202 4.40942 30
    endloop
  endfacet
  facet normal -0.987661 -0.15661 0
    outer loop
      vertex 73.7684 5.01858 2
      vertex 73.7438 5.17372 30
      vertex 73.7438 5.17372 2
    endloop
  endfacet
  facet normal -0.987661 -0.15661 0
    outer loop
      vertex 73.7438 5.17372 30
      vertex 73.7684 5.01858 2
      vertex 73.7684 5.01858 30
    endloop
  endfacet
  facet normal -0.998603 -0.0528429 0
    outer loop
      vertex 73.711 5.4861 2
      vertex 73.7027 5.64295 30
      vertex 73.7027 5.64295 2
    endloop
  endfacet
  facet normal -0.998603 -0.0528429 0
    outer loop
      vertex 73.7027 5.64295 30
      vertex 73.711 5.4861 2
      vertex 73.711 5.4861 30
    endloop
  endfacet
  facet normal -0.992579 -0.121605 0
    outer loop
      vertex 73.7438 5.17372 2
      vertex 73.7247 5.32962 30
      vertex 73.7247 5.32962 2
    endloop
  endfacet
  facet normal -0.992579 -0.121605 0
    outer loop
      vertex 73.7247 5.32962 30
      vertex 73.7438 5.17372 2
      vertex 73.7438 5.17372 30
    endloop
  endfacet
  facet normal 0.0171949 0.999852 -0
    outer loop
      vertex 78.357 10.2973 2
      vertex 78.2 10.3 30
      vertex 78.357 10.2973 30
    endloop
  endfacet
  facet normal 0.0171949 0.999852 0
    outer loop
      vertex 78.2 10.3 30
      vertex 78.357 10.2973 2
      vertex 78.2 10.3 2
    endloop
  endfacet
  facet normal -0.966011 0.258503 0
    outer loop
      vertex 73.8337 6.88865 2
      vertex 73.8743 7.04037 30
      vertex 73.8743 7.04037 2
    endloop
  endfacet
  facet normal -0.966011 0.258503 0
    outer loop
      vertex 73.8743 7.04037 30
      vertex 73.8337 6.88865 2
      vertex 73.8337 6.88865 30
    endloop
  endfacet
  facet normal -0.999852 0.0171894 0
    outer loop
      vertex 73.7 5.8 2
      vertex 73.7027 5.95705 30
      vertex 73.7027 5.95705 2
    endloop
  endfacet
  facet normal -0.999852 0.0171894 0
    outer loop
      vertex 73.7027 5.95705 30
      vertex 73.7 5.8 2
      vertex 73.7 5.8 30
    endloop
  endfacet
  facet normal -0.422502 0.906362 0
    outer loop
      vertex 76.3697 9.91095 2
      vertex 76.2273 9.84457 30
      vertex 76.3697 9.91095 30
    endloop
  endfacet
  facet normal -0.422502 0.906362 0
    outer loop
      vertex 76.2273 9.84457 30
      vertex 76.3697 9.91095 2
      vertex 76.2273 9.84457 2
    endloop
  endfacet
  facet normal -0.544451 0.838792 0
    outer loop
      vertex 75.8154 9.61622 2
      vertex 75.6836 9.53067 30
      vertex 75.8154 9.61622 30
    endloop
  endfacet
  facet normal -0.544451 0.838792 0
    outer loop
      vertex 75.6836 9.53067 30
      vertex 75.8154 9.61622 2
      vertex 75.6836 9.53067 2
    endloop
  endfacet
  facet normal -0.70733 0.706884 0
    outer loop
      vertex 75.074 9.03703 2
      vertex 74.963 8.92596 30
      vertex 75.074 9.03703 30
    endloop
  endfacet
  facet normal -0.70733 0.706884 0
    outer loop
      vertex 74.963 8.92596 30
      vertex 75.074 9.03703 2
      vertex 74.963 8.92596 2
    endloop
  endfacet
  facet normal -0.225418 0.974262 0
    outer loop
      vertex 77.2644 10.2017 2
      vertex 77.1114 10.1663 30
      vertex 77.2644 10.2017 30
    endloop
  endfacet
  facet normal -0.225418 0.974262 0
    outer loop
      vertex 77.1114 10.1663 30
      vertex 77.2644 10.2017 2
      vertex 77.1114 10.1663 2
    endloop
  endfacet
  facet normal -0.68191 -0.731436 0
    outer loop
      vertex 75.074 2.56297 2
      vertex 75.1889 2.45585 30
      vertex 75.074 2.56297 30
    endloop
  endfacet
  facet normal -0.68191 -0.731436 -0
    outer loop
      vertex 75.1889 2.45585 30
      vertex 75.074 2.56297 2
      vertex 75.1889 2.45585 2
    endloop
  endfacet
  facet normal -0.874487 -0.485048 0
    outer loop
      vertex 74.3029 3.55 2
      vertex 74.2267 3.68738 30
      vertex 74.2267 3.68738 2
    endloop
  endfacet
  facet normal -0.874487 -0.485048 0
    outer loop
      vertex 74.2267 3.68738 30
      vertex 74.3029 3.55 2
      vertex 74.3029 3.55 30
    endloop
  endfacet
  facet normal -0.838806 -0.544431 0
    outer loop
      vertex 74.4693 3.28363 2
      vertex 74.3838 3.41536 30
      vertex 74.3838 3.41536 2
    endloop
  endfacet
  facet normal -0.838806 -0.544431 0
    outer loop
      vertex 74.3838 3.41536 30
      vertex 74.4693 3.28363 2
      vertex 74.4693 3.28363 30
    endloop
  endfacet
  facet normal -0.70733 -0.706884 0
    outer loop
      vertex 74.963 2.67404 2
      vertex 75.074 2.56297 30
      vertex 74.963 2.67404 30
    endloop
  endfacet
  facet normal -0.70733 -0.706884 -0
    outer loop
      vertex 75.074 2.56297 30
      vertex 74.963 2.67404 2
      vertex 75.074 2.56297 2
    endloop
  endfacet
  facet normal -0.819118 -0.573625 0
    outer loop
      vertex 74.5594 3.15497 2
      vertex 74.4693 3.28363 30
      vertex 74.4693 3.28363 2
    endloop
  endfacet
  facet normal -0.819118 -0.573625 0
    outer loop
      vertex 74.4693 3.28363 30
      vertex 74.5594 3.15497 2
      vertex 74.5594 3.15497 30
    endloop
  endfacet
  facet normal -0.920676 -0.390327 0
    outer loop
      vertex 74.089 3.96968 2
      vertex 74.0277 4.11427 30
      vertex 74.0277 4.11427 2
    endloop
  endfacet
  facet normal -0.920676 -0.390327 0
    outer loop
      vertex 74.0277 4.11427 30
      vertex 74.089 3.96968 2
      vertex 74.089 3.96968 30
    endloop
  endfacet
  facet normal -0.98171 -0.190382 0
    outer loop
      vertex 73.7983 4.8644 2
      vertex 73.7684 5.01858 30
      vertex 73.7684 5.01858 2
    endloop
  endfacet
  facet normal -0.98171 -0.190382 0
    outer loop
      vertex 73.7684 5.01858 30
      vertex 73.7983 4.8644 2
      vertex 73.7983 4.8644 30
    endloop
  endfacet
  facet normal -0.996189 -0.0872175 0
    outer loop
      vertex 73.7247 5.32962 2
      vertex 73.711 5.4861 30
      vertex 73.711 5.4861 2
    endloop
  endfacet
  facet normal -0.996189 -0.0872175 0
    outer loop
      vertex 73.711 5.4861 30
      vertex 73.7247 5.32962 2
      vertex 73.7247 5.32962 30
    endloop
  endfacet
  facet normal -0.601648 -0.798761 0
    outer loop
      vertex 75.4295 2.25395 2
      vertex 75.555 2.15942 30
      vertex 75.4295 2.25395 30
    endloop
  endfacet
  facet normal -0.601648 -0.798761 -0
    outer loop
      vertex 75.555 2.15942 30
      vertex 75.4295 2.25395 2
      vertex 75.555 2.15942 2
    endloop
  endfacet
  facet normal -0.544491 -0.838766 0
    outer loop
      vertex 75.6836 2.06933 2
      vertex 75.7904 2 30
      vertex 75.6836 2.06933 30
    endloop
  endfacet
  facet normal -0.544491 -0.838766 -0
    outer loop
      vertex 75.7904 2 30
      vertex 75.6836 2.06933 2
      vertex 75.7904 2 2
    endloop
  endfacet
  facet normal -0.798432 -0.602086 0
    outer loop
      vertex 74.654 3.02952 2
      vertex 74.5594 3.15497 30
      vertex 74.5594 3.15497 2
    endloop
  endfacet
  facet normal -0.798432 -0.602086 0
    outer loop
      vertex 74.5594 3.15497 30
      vertex 74.654 3.02952 2
      vertex 74.654 3.02952 30
    endloop
  endfacet
  facet normal -0.933559 -0.358424 0
    outer loop
      vertex 74.0277 4.11427 2
      vertex 73.9714 4.26091 30
      vertex 73.9714 4.26091 2
    endloop
  endfacet
  facet normal -0.933559 -0.358424 0
    outer loop
      vertex 73.9714 4.26091 30
      vertex 74.0277 4.11427 2
      vertex 74.0277 4.11427 30
    endloop
  endfacet
  facet normal -0.945393 -0.325932 0
    outer loop
      vertex 73.9714 4.26091 2
      vertex 73.9202 4.40942 30
      vertex 73.9202 4.40942 2
    endloop
  endfacet
  facet normal -0.945393 -0.325932 0
    outer loop
      vertex 73.9202 4.40942 30
      vertex 73.9714 4.26091 2
      vertex 73.9714 4.26091 30
    endloop
  endfacet
  facet normal -0.966011 -0.258503 0
    outer loop
      vertex 73.8743 4.55963 2
      vertex 73.8337 4.71135 30
      vertex 73.8337 4.71135 2
    endloop
  endfacet
  facet normal -0.966011 -0.258503 0
    outer loop
      vertex 73.8337 4.71135 30
      vertex 73.8743 4.55963 2
      vertex 73.8743 4.55963 30
    endloop
  endfacet
  facet normal -0.974278 -0.225348 0
    outer loop
      vertex 73.8337 4.71135 2
      vertex 73.7983 4.8644 30
      vertex 73.7983 4.8644 2
    endloop
  endfacet
  facet normal -0.974278 -0.225348 0
    outer loop
      vertex 73.7983 4.8644 30
      vertex 73.8337 4.71135 2
      vertex 73.8337 4.71135 30
    endloop
  endfacet
  facet normal -0.573762 -0.819022 0
    outer loop
      vertex 75.555 2.15942 2
      vertex 75.6836 2.06933 30
      vertex 75.555 2.15942 30
    endloop
  endfacet
  facet normal -0.573762 -0.819022 -0
    outer loop
      vertex 75.6836 2.06933 30
      vertex 75.555 2.15942 2
      vertex 75.6836 2.06933 2
    endloop
  endfacet
  facet normal -0.629537 -0.77697 0
    outer loop
      vertex 75.3075 2.3528 2
      vertex 75.4295 2.25395 30
      vertex 75.3075 2.3528 30
    endloop
  endfacet
  facet normal -0.629537 -0.77697 -0
    outer loop
      vertex 75.4295 2.25395 30
      vertex 75.3075 2.3528 2
      vertex 75.4295 2.25395 2
    endloop
  endfacet
  facet normal -0.655887 -0.754859 0
    outer loop
      vertex 75.1889 2.45585 2
      vertex 75.3075 2.3528 30
      vertex 75.1889 2.45585 30
    endloop
  endfacet
  facet normal -0.655887 -0.754859 -0
    outer loop
      vertex 75.3075 2.3528 30
      vertex 75.1889 2.45585 2
      vertex 75.3075 2.3528 2
    endloop
  endfacet
  facet normal 0.919916 0.392114 0
    outer loop
      vertex 9.97233 139.886 30
      vertex 9.91095 140.03 2
      vertex 9.91095 140.03 30
    endloop
  endfacet
  facet normal 0.919916 0.392114 0
    outer loop
      vertex 9.91095 140.03 2
      vertex 9.97233 139.886 30
      vertex 9.97233 139.886 2
    endloop
  endfacet
  facet normal 0.987639 0.156748 0
    outer loop
      vertex 10.2562 138.826 30
      vertex 10.2316 138.981 2
      vertex 10.2316 138.981 30
    endloop
  endfacet
  facet normal 0.987639 0.156748 0
    outer loop
      vertex 10.2316 138.981 2
      vertex 10.2562 138.826 30
      vertex 10.2562 138.826 2
    endloop
  endfacet
  facet normal 0.731732 0.681592 0
    outer loop
      vertex 9.14415 141.211 30
      vertex 9.03703 141.326 2
      vertex 9.03703 141.326 30
    endloop
  endfacet
  facet normal 0.731732 0.681592 0
    outer loop
      vertex 9.03703 141.326 2
      vertex 9.14415 141.211 30
      vertex 9.14415 141.211 2
    endloop
  endfacet
  facet normal 0.857801 0.513982 0
    outer loop
      vertex 9.69711 140.45 30
      vertex 9.61622 140.585 2
      vertex 9.61622 140.585 30
    endloop
  endfacet
  facet normal 0.857801 0.513982 0
    outer loop
      vertex 9.61622 140.585 2
      vertex 9.69711 140.45 30
      vertex 9.69711 140.45 2
    endloop
  endfacet
  facet normal 0.874052 0.485833 0
    outer loop
      vertex 9.77326 140.313 30
      vertex 9.69711 140.45 2
      vertex 9.69711 140.45 30
    endloop
  endfacet
  facet normal 0.874052 0.485833 0
    outer loop
      vertex 9.69711 140.45 2
      vertex 9.77326 140.313 30
      vertex 9.77326 140.313 2
    endloop
  endfacet
  facet normal 0.629926 0.776655 -0
    outer loop
      vertex 8.69254 141.647 2
      vertex 8.57048 141.746 30
      vertex 8.69254 141.647 30
    endloop
  endfacet
  facet normal 0.629926 0.776655 0
    outer loop
      vertex 8.57048 141.746 30
      vertex 8.69254 141.647 2
      vertex 8.57048 141.746 2
    endloop
  endfacet
  facet normal 0.981898 0.189411 0
    outer loop
      vertex 10.2316 138.981 30
      vertex 10.2017 139.136 2
      vertex 10.2017 139.136 30
    endloop
  endfacet
  facet normal 0.981898 0.189411 0
    outer loop
      vertex 10.2017 139.136 2
      vertex 10.2316 138.981 30
      vertex 10.2316 138.981 2
    endloop
  endfacet
  facet normal 0.965702 0.259652 0
    outer loop
      vertex 10.1663 139.289 30
      vertex 10.1257 139.44 2
      vertex 10.1257 139.44 30
    endloop
  endfacet
  facet normal 0.965702 0.259652 0
    outer loop
      vertex 10.1257 139.44 2
      vertex 10.1663 139.289 30
      vertex 10.1663 139.289 2
    endloop
  endfacet
  facet normal 0.933916 0.357493 0
    outer loop
      vertex 10.0286 139.739 30
      vertex 9.97233 139.886 2
      vertex 9.97233 139.886 30
    endloop
  endfacet
  facet normal 0.933916 0.357493 0
    outer loop
      vertex 9.97233 139.886 2
      vertex 10.0286 139.739 30
      vertex 10.0286 139.739 2
    endloop
  endfacet
  facet normal 0.956774 0.290834 0
    outer loop
      vertex 10.1257 139.44 30
      vertex 10.0798 139.591 2
      vertex 10.0798 139.591 30
    endloop
  endfacet
  facet normal 0.956774 0.290834 0
    outer loop
      vertex 10.0798 139.591 2
      vertex 10.1257 139.44 30
      vertex 10.1257 139.44 2
    endloop
  endfacet
  facet normal 0.779476 0.626432 0
    outer loop
      vertex 9.34605 140.97 30
      vertex 9.2472 141.093 2
      vertex 9.2472 141.093 30
    endloop
  endfacet
  facet normal 0.779476 0.626432 0
    outer loop
      vertex 9.2472 141.093 2
      vertex 9.34605 140.97 30
      vertex 9.34605 140.97 2
    endloop
  endfacet
  facet normal 0.837273 0.546784 0
    outer loop
      vertex 9.61622 140.585 30
      vertex 9.53067 140.716 2
      vertex 9.53067 140.716 30
    endloop
  endfacet
  facet normal 0.837273 0.546784 0
    outer loop
      vertex 9.53067 140.716 2
      vertex 9.61622 140.585 30
      vertex 9.61622 140.585 2
    endloop
  endfacet
  facet normal 0.90704 0.421044 0
    outer loop
      vertex 9.91095 140.03 30
      vertex 9.84457 140.173 2
      vertex 9.84457 140.173 30
    endloop
  endfacet
  facet normal 0.90704 0.421044 0
    outer loop
      vertex 9.84457 140.173 2
      vertex 9.91095 140.03 30
      vertex 9.91095 140.03 2
    endloop
  endfacet
  facet normal 0.603705 0.797208 -0
    outer loop
      vertex 8.57048 141.746 2
      vertex 8.44503 141.841 30
      vertex 8.57048 141.746 30
    endloop
  endfacet
  facet normal 0.603705 0.797208 0
    outer loop
      vertex 8.44503 141.841 30
      vertex 8.57048 141.746 2
      vertex 8.44503 141.841 2
    endloop
  endfacet
  facet normal 0.681596 0.731729 -0
    outer loop
      vertex 8.92596 141.437 2
      vertex 8.81109 141.544 30
      vertex 8.92596 141.437 30
    endloop
  endfacet
  facet normal 0.681596 0.731729 0
    outer loop
      vertex 8.81109 141.544 30
      vertex 8.92596 141.437 2
      vertex 8.81109 141.544 2
    endloop
  endfacet
  facet normal 0.573197 0.819417 -0
    outer loop
      vertex 8.44503 141.841 2
      vertex 8.31637 141.931 30
      vertex 8.44503 141.841 30
    endloop
  endfacet
  facet normal 0.573197 0.819417 0
    outer loop
      vertex 8.31637 141.931 30
      vertex 8.44503 141.841 2
      vertex 8.31637 141.931 2
    endloop
  endfacet
  facet normal 0.945047 0.326935 0
    outer loop
      vertex 10.0798 139.591 30
      vertex 10.0286 139.739 2
      vertex 10.0286 139.739 30
    endloop
  endfacet
  facet normal 0.945047 0.326935 0
    outer loop
      vertex 10.0286 139.739 2
      vertex 10.0798 139.591 30
      vertex 10.0798 139.591 2
    endloop
  endfacet
  facet normal 0.974262 0.225418 0
    outer loop
      vertex 10.2017 139.136 30
      vertex 10.1663 139.289 2
      vertex 10.1663 139.289 30
    endloop
  endfacet
  facet normal 0.974262 0.225418 0
    outer loop
      vertex 10.1663 139.289 2
      vertex 10.2017 139.136 30
      vertex 10.2017 139.136 2
    endloop
  endfacet
  facet normal 0.706884 0.70733 0
    outer loop
      vertex 9.03703 141.326 30
      vertex 8.92596 141.437 2
      vertex 8.92596 141.437 30
    endloop
  endfacet
  facet normal 0.706884 0.70733 0
    outer loop
      vertex 8.92596 141.437 2
      vertex 9.03703 141.326 30
      vertex 9.03703 141.326 2
    endloop
  endfacet
  facet normal 0.753209 0.657781 0
    outer loop
      vertex 9.2472 141.093 30
      vertex 9.14415 141.211 2
      vertex 9.14415 141.211 30
    endloop
  endfacet
  facet normal 0.753209 0.657781 0
    outer loop
      vertex 9.14415 141.211 2
      vertex 9.2472 141.093 30
      vertex 9.2472 141.093 2
    endloop
  endfacet
  facet normal 0.797605 0.603181 0
    outer loop
      vertex 9.44058 140.845 30
      vertex 9.34605 140.97 2
      vertex 9.34605 140.97 30
    endloop
  endfacet
  facet normal 0.797605 0.603181 0
    outer loop
      vertex 9.34605 140.97 2
      vertex 9.44058 140.845 30
      vertex 9.44058 140.845 2
    endloop
  endfacet
  facet normal 0.891067 0.453871 0
    outer loop
      vertex 9.84457 140.173 30
      vertex 9.77326 140.313 2
      vertex 9.77326 140.313 30
    endloop
  endfacet
  facet normal 0.891067 0.453871 0
    outer loop
      vertex 9.77326 140.313 2
      vertex 9.84457 140.173 30
      vertex 9.84457 140.173 2
    endloop
  endfacet
  facet normal 0.542808 0.839857 -0
    outer loop
      vertex 8.31637 141.931 2
      vertex 8.20961 142 30
      vertex 8.31637 141.931 30
    endloop
  endfacet
  facet normal 0.542808 0.839857 0
    outer loop
      vertex 8.20961 142 30
      vertex 8.31637 141.931 2
      vertex 8.20961 142 2
    endloop
  endfacet
  facet normal 0.999852 0.0171949 0
    outer loop
      vertex 10.3 138.2 30
      vertex 10.2973 138.357 2
      vertex 10.2973 138.357 30
    endloop
  endfacet
  facet normal 0.999852 0.0171949 0
    outer loop
      vertex 10.2973 138.357 2
      vertex 10.3 138.2 30
      vertex 10.3 138.2 2
    endloop
  endfacet
  facet normal 0.999852 -0.0171949 0
    outer loop
      vertex 10.2973 138.043 30
      vertex 10.3 138.2 2
      vertex 10.3 138.2 30
    endloop
  endfacet
  facet normal 0.999852 -0.0171949 0
    outer loop
      vertex 10.3 138.2 2
      vertex 10.2973 138.043 30
      vertex 10.2973 138.043 2
    endloop
  endfacet
  facet normal 0.753209 -0.657781 0
    outer loop
      vertex 9.14415 135.189 30
      vertex 9.2472 135.307 2
      vertex 9.2472 135.307 30
    endloop
  endfacet
  facet normal 0.753209 -0.657781 0
    outer loop
      vertex 9.2472 135.307 2
      vertex 9.14415 135.189 30
      vertex 9.14415 135.189 2
    endloop
  endfacet
  facet normal 0.681596 -0.731729 0
    outer loop
      vertex 8.81109 134.856 2
      vertex 8.92596 134.963 30
      vertex 8.81109 134.856 30
    endloop
  endfacet
  facet normal 0.681596 -0.731729 0
    outer loop
      vertex 8.92596 134.963 30
      vertex 8.81109 134.856 2
      vertex 8.92596 134.963 2
    endloop
  endfacet
  facet normal 0.874052 -0.485833 0
    outer loop
      vertex 9.69711 135.95 30
      vertex 9.77326 136.087 2
      vertex 9.77326 136.087 30
    endloop
  endfacet
  facet normal 0.874052 -0.485833 0
    outer loop
      vertex 9.77326 136.087 2
      vertex 9.69711 135.95 30
      vertex 9.69711 135.95 2
    endloop
  endfacet
  facet normal 0.945047 -0.326935 0
    outer loop
      vertex 10.0286 136.661 30
      vertex 10.0798 136.809 2
      vertex 10.0798 136.809 30
    endloop
  endfacet
  facet normal 0.945047 -0.326935 0
    outer loop
      vertex 10.0798 136.809 2
      vertex 10.0286 136.661 30
      vertex 10.0286 136.661 2
    endloop
  endfacet
  facet normal 0.0509379 -0.998702 0
    outer loop
      vertex 5.95705 133.703 2
      vertex 6.1139 133.711 30
      vertex 5.95705 133.703 30
    endloop
  endfacet
  facet normal 0.0509379 -0.998702 0
    outer loop
      vertex 6.1139 133.711 30
      vertex 5.95705 133.703 2
      vertex 6.1139 133.711 2
    endloop
  endfacet
  facet normal 0.388729 -0.921352 0
    outer loop
      vertex 7.48573 134.028 2
      vertex 7.63031 134.089 30
      vertex 7.48573 134.028 30
    endloop
  endfacet
  facet normal 0.388729 -0.921352 0
    outer loop
      vertex 7.63031 134.089 30
      vertex 7.48573 134.028 2
      vertex 7.63031 134.089 2
    endloop
  endfacet
  facet normal 0.324793 -0.945785 0
    outer loop
      vertex 7.19058 133.92 2
      vertex 7.33909 133.971 30
      vertex 7.19058 133.92 30
    endloop
  endfacet
  facet normal 0.324793 -0.945785 0
    outer loop
      vertex 7.33909 133.971 30
      vertex 7.19058 133.92 2
      vertex 7.33909 133.971 2
    endloop
  endfacet
  facet normal 0.362299 -0.932062 0
    outer loop
      vertex 7.33909 133.971 2
      vertex 7.48573 134.028 30
      vertex 7.33909 133.971 30
    endloop
  endfacet
  facet normal 0.362299 -0.932062 0
    outer loop
      vertex 7.48573 134.028 30
      vertex 7.33909 133.971 2
      vertex 7.48573 134.028 2
    endloop
  endfacet
  facet normal 0.228968 -0.973434 0
    outer loop
      vertex 6.7356 133.798 2
      vertex 6.88865 133.834 30
      vertex 6.7356 133.798 30
    endloop
  endfacet
  facet normal 0.228968 -0.973434 0
    outer loop
      vertex 6.88865 133.834 30
      vertex 6.7356 133.798 2
      vertex 6.88865 133.834 2
    endloop
  endfacet
  facet normal 0.120978 -0.992655 0
    outer loop
      vertex 6.27038 133.725 2
      vertex 6.42628 133.744 30
      vertex 6.27038 133.725 30
    endloop
  endfacet
  facet normal 0.120978 -0.992655 0
    outer loop
      vertex 6.42628 133.744 30
      vertex 6.27038 133.725 2
      vertex 6.42628 133.744 2
    endloop
  endfacet
  facet normal 0.190996 -0.981591 0
    outer loop
      vertex 6.58142 133.768 2
      vertex 6.7356 133.798 30
      vertex 6.58142 133.768 30
    endloop
  endfacet
  facet normal 0.190996 -0.981591 0
    outer loop
      vertex 6.7356 133.798 30
      vertex 6.58142 133.768 2
      vertex 6.7356 133.798 2
    endloop
  endfacet
  facet normal 0.992588 0.121528 0
    outer loop
      vertex 10.2753 138.67 30
      vertex 10.2562 138.826 2
      vertex 10.2562 138.826 30
    endloop
  endfacet
  facet normal 0.992588 0.121528 0
    outer loop
      vertex 10.2562 138.826 2
      vertex 10.2753 138.67 30
      vertex 10.2753 138.67 2
    endloop
  endfacet
  facet normal 0.996166 0.0874838 0
    outer loop
      vertex 10.289 138.514 30
      vertex 10.2753 138.67 2
      vertex 10.2753 138.67 30
    endloop
  endfacet
  facet normal 0.996166 0.0874838 0
    outer loop
      vertex 10.2753 138.67 2
      vertex 10.289 138.514 30
      vertex 10.289 138.514 2
    endloop
  endfacet
  facet normal 0.998606 0.0527925 0
    outer loop
      vertex 10.2973 138.357 30
      vertex 10.289 138.514 2
      vertex 10.289 138.514 30
    endloop
  endfacet
  facet normal 0.998606 0.0527925 0
    outer loop
      vertex 10.289 138.514 2
      vertex 10.2973 138.357 30
      vertex 10.2973 138.357 2
    endloop
  endfacet
  facet normal 0.819858 0.572566 0
    outer loop
      vertex 9.53067 140.716 30
      vertex 9.44058 140.845 2
      vertex 9.44058 140.845 30
    endloop
  endfacet
  facet normal 0.819858 0.572566 0
    outer loop
      vertex 9.44058 140.845 2
      vertex 9.53067 140.716 30
      vertex 9.53067 140.716 2
    endloop
  endfacet
  facet normal 0.655863 0.75488 -0
    outer loop
      vertex 8.81109 141.544 2
      vertex 8.69254 141.647 30
      vertex 8.81109 141.544 30
    endloop
  endfacet
  facet normal 0.655863 0.75488 0
    outer loop
      vertex 8.69254 141.647 30
      vertex 8.81109 141.544 2
      vertex 8.69254 141.647 2
    endloop
  endfacet
  facet normal 0.992588 -0.121528 0
    outer loop
      vertex 10.2562 137.574 30
      vertex 10.2753 137.73 2
      vertex 10.2753 137.73 30
    endloop
  endfacet
  facet normal 0.992588 -0.121528 0
    outer loop
      vertex 10.2753 137.73 2
      vertex 10.2562 137.574 30
      vertex 10.2562 137.574 2
    endloop
  endfacet
  facet normal 0.998606 -0.0527925 0
    outer loop
      vertex 10.289 137.886 30
      vertex 10.2973 138.043 2
      vertex 10.2973 138.043 30
    endloop
  endfacet
  facet normal 0.998606 -0.0527925 0
    outer loop
      vertex 10.2973 138.043 2
      vertex 10.289 137.886 30
      vertex 10.289 137.886 2
    endloop
  endfacet
  facet normal 0.965702 -0.259652 0
    outer loop
      vertex 10.1257 136.96 30
      vertex 10.1663 137.111 2
      vertex 10.1663 137.111 30
    endloop
  endfacet
  facet normal 0.965702 -0.259652 0
    outer loop
      vertex 10.1663 137.111 2
      vertex 10.1257 136.96 30
      vertex 10.1257 136.96 2
    endloop
  endfacet
  facet normal 0.981898 -0.189411 0
    outer loop
      vertex 10.2017 137.264 30
      vertex 10.2316 137.419 2
      vertex 10.2316 137.419 30
    endloop
  endfacet
  facet normal 0.981898 -0.189411 0
    outer loop
      vertex 10.2316 137.419 2
      vertex 10.2017 137.264 30
      vertex 10.2017 137.264 2
    endloop
  endfacet
  facet normal 0.987639 -0.156748 0
    outer loop
      vertex 10.2316 137.419 30
      vertex 10.2562 137.574 2
      vertex 10.2562 137.574 30
    endloop
  endfacet
  facet normal 0.987639 -0.156748 0
    outer loop
      vertex 10.2562 137.574 2
      vertex 10.2316 137.419 30
      vertex 10.2316 137.419 2
    endloop
  endfacet
  facet normal 0.996166 -0.0874838 0
    outer loop
      vertex 10.2753 137.73 30
      vertex 10.289 137.886 2
      vertex 10.289 137.886 30
    endloop
  endfacet
  facet normal 0.996166 -0.0874838 0
    outer loop
      vertex 10.289 137.886 2
      vertex 10.2753 137.73 30
      vertex 10.2753 137.73 2
    endloop
  endfacet
  facet normal 0.857801 -0.513982 0
    outer loop
      vertex 9.61622 135.815 30
      vertex 9.69711 135.95 2
      vertex 9.69711 135.95 30
    endloop
  endfacet
  facet normal 0.857801 -0.513982 0
    outer loop
      vertex 9.69711 135.95 2
      vertex 9.61622 135.815 30
      vertex 9.61622 135.815 2
    endloop
  endfacet
  facet normal 0.797605 -0.603181 0
    outer loop
      vertex 9.34605 135.43 30
      vertex 9.44058 135.555 2
      vertex 9.44058 135.555 30
    endloop
  endfacet
  facet normal 0.797605 -0.603181 0
    outer loop
      vertex 9.44058 135.555 2
      vertex 9.34605 135.43 30
      vertex 9.34605 135.43 2
    endloop
  endfacet
  facet normal 0.420609 -0.907242 0
    outer loop
      vertex 7.63031 134.089 2
      vertex 7.77267 134.155 30
      vertex 7.63031 134.089 30
    endloop
  endfacet
  facet normal 0.420609 -0.907242 0
    outer loop
      vertex 7.77267 134.155 30
      vertex 7.63031 134.089 2
      vertex 7.77267 134.155 2
    endloop
  endfacet
  facet normal 0.515506 -0.856886 0
    outer loop
      vertex 8.05 134.303 2
      vertex 8.18464 134.384 30
      vertex 8.05 134.303 30
    endloop
  endfacet
  facet normal 0.515506 -0.856886 0
    outer loop
      vertex 8.18464 134.384 30
      vertex 8.05 134.303 2
      vertex 8.18464 134.384 2
    endloop
  endfacet
  facet normal 0.655863 -0.75488 0
    outer loop
      vertex 8.69254 134.753 2
      vertex 8.81109 134.856 30
      vertex 8.69254 134.753 30
    endloop
  endfacet
  facet normal 0.655863 -0.75488 0
    outer loop
      vertex 8.81109 134.856 30
      vertex 8.69254 134.753 2
      vertex 8.81109 134.856 2
    endloop
  endfacet
  facet normal 0.933916 -0.357493 0
    outer loop
      vertex 9.97233 136.514 30
      vertex 10.0286 136.661 2
      vertex 10.0286 136.661 30
    endloop
  endfacet
  facet normal 0.933916 -0.357493 0
    outer loop
      vertex 10.0286 136.661 2
      vertex 9.97233 136.514 30
      vertex 9.97233 136.514 2
    endloop
  endfacet
  facet normal -0.0190987 -0.999818 0
    outer loop
      vertex 5.64295 133.703 2
      vertex 5.8 133.7 30
      vertex 5.64295 133.703 30
    endloop
  endfacet
  facet normal -0.0190987 -0.999818 -0
    outer loop
      vertex 5.8 133.7 30
      vertex 5.64295 133.703 2
      vertex 5.8 133.7 2
    endloop
  endfacet
  facet normal -0.190996 -0.981591 0
    outer loop
      vertex 4.8644 133.798 2
      vertex 5.01858 133.768 30
      vertex 4.8644 133.798 30
    endloop
  endfacet
  facet normal -0.190996 -0.981591 -0
    outer loop
      vertex 5.01858 133.768 30
      vertex 4.8644 133.798 2
      vertex 5.01858 133.768 2
    endloop
  endfacet
  facet normal -0.706884 -0.70733 0
    outer loop
      vertex 2.67404 134.963 2
      vertex 2.56297 135.074 30
      vertex 2.56297 135.074 2
    endloop
  endfacet
  facet normal -0.706884 -0.70733 0
    outer loop
      vertex 2.56297 135.074 30
      vertex 2.67404 134.963 2
      vertex 2.67404 134.963 30
    endloop
  endfacet
  facet normal 0.0891124 -0.996022 0
    outer loop
      vertex 6.1139 133.711 2
      vertex 6.27038 133.725 30
      vertex 6.1139 133.711 30
    endloop
  endfacet
  facet normal 0.0891124 -0.996022 0
    outer loop
      vertex 6.27038 133.725 30
      vertex 6.1139 133.711 2
      vertex 6.27038 133.725 2
    endloop
  endfacet
  facet normal 0.15288 -0.988245 0
    outer loop
      vertex 6.42628 133.744 2
      vertex 6.58142 133.768 30
      vertex 6.42628 133.744 30
    endloop
  endfacet
  facet normal 0.15288 -0.988245 0
    outer loop
      vertex 6.58142 133.768 30
      vertex 6.42628 133.744 2
      vertex 6.58142 133.768 2
    endloop
  endfacet
  facet normal 0.254932 -0.966959 0
    outer loop
      vertex 6.88865 133.834 2
      vertex 7.04037 133.874 30
      vertex 6.88865 133.834 30
    endloop
  endfacet
  facet normal 0.254932 -0.966959 0
    outer loop
      vertex 7.04037 133.874 30
      vertex 6.88865 133.834 2
      vertex 7.04037 133.874 2
    endloop
  endfacet
  facet normal 0.292815 -0.956169 0
    outer loop
      vertex 7.04037 133.874 2
      vertex 7.19058 133.92 30
      vertex 7.04037 133.874 30
    endloop
  endfacet
  facet normal 0.292815 -0.956169 0
    outer loop
      vertex 7.19058 133.92 30
      vertex 7.04037 133.874 2
      vertex 7.19058 133.92 2
    endloop
  endfacet
  facet normal 0.974262 -0.225418 0
    outer loop
      vertex 10.1663 137.111 30
      vertex 10.2017 137.264 2
      vertex 10.2017 137.264 30
    endloop
  endfacet
  facet normal 0.974262 -0.225418 0
    outer loop
      vertex 10.2017 137.264 2
      vertex 10.1663 137.111 30
      vertex 10.1663 137.111 2
    endloop
  endfacet
  facet normal 0.837273 -0.546784 0
    outer loop
      vertex 9.53067 135.684 30
      vertex 9.61622 135.815 2
      vertex 9.61622 135.815 30
    endloop
  endfacet
  facet normal 0.837273 -0.546784 0
    outer loop
      vertex 9.61622 135.815 2
      vertex 9.53067 135.684 30
      vertex 9.53067 135.684 2
    endloop
  endfacet
  facet normal 0.779476 -0.626432 0
    outer loop
      vertex 9.2472 135.307 30
      vertex 9.34605 135.43 2
      vertex 9.34605 135.43 30
    endloop
  endfacet
  facet normal 0.779476 -0.626432 0
    outer loop
      vertex 9.34605 135.43 2
      vertex 9.2472 135.307 30
      vertex 9.2472 135.307 2
    endloop
  endfacet
  facet normal 0.484074 -0.875027 0
    outer loop
      vertex 7.91262 134.227 2
      vertex 8.05 134.303 30
      vertex 7.91262 134.227 30
    endloop
  endfacet
  facet normal 0.484074 -0.875027 0
    outer loop
      vertex 8.05 134.303 30
      vertex 7.91262 134.227 2
      vertex 8.05 134.303 2
    endloop
  endfacet
  facet normal 0.457477 -0.889221 0
    outer loop
      vertex 7.77267 134.155 2
      vertex 7.91262 134.227 30
      vertex 7.77267 134.155 30
    endloop
  endfacet
  facet normal 0.457477 -0.889221 0
    outer loop
      vertex 7.91262 134.227 30
      vertex 7.77267 134.155 2
      vertex 7.91262 134.227 2
    endloop
  endfacet
  facet normal 0.542185 -0.840259 0
    outer loop
      vertex 8.18464 134.384 2
      vertex 8.31637 134.469 30
      vertex 8.18464 134.384 30
    endloop
  endfacet
  facet normal 0.542185 -0.840259 0
    outer loop
      vertex 8.31637 134.469 30
      vertex 8.18464 134.384 2
      vertex 8.31637 134.469 2
    endloop
  endfacet
  facet normal 0.706884 -0.70733 0
    outer loop
      vertex 8.92596 134.963 30
      vertex 9.03703 135.074 2
      vertex 9.03703 135.074 30
    endloop
  endfacet
  facet normal 0.706884 -0.70733 0
    outer loop
      vertex 9.03703 135.074 2
      vertex 8.92596 134.963 30
      vertex 8.92596 134.963 2
    endloop
  endfacet
  facet normal 0.629926 -0.776655 0
    outer loop
      vertex 8.57048 134.654 2
      vertex 8.69254 134.753 30
      vertex 8.57048 134.654 30
    endloop
  endfacet
  facet normal 0.629926 -0.776655 0
    outer loop
      vertex 8.69254 134.753 30
      vertex 8.57048 134.654 2
      vertex 8.69254 134.753 2
    endloop
  endfacet
  facet normal 0.891067 -0.453871 0
    outer loop
      vertex 9.77326 136.087 30
      vertex 9.84457 136.227 2
      vertex 9.84457 136.227 30
    endloop
  endfacet
  facet normal 0.891067 -0.453871 0
    outer loop
      vertex 9.84457 136.227 2
      vertex 9.77326 136.087 30
      vertex 9.77326 136.087 2
    endloop
  endfacet
  facet normal 0.90704 -0.421044 0
    outer loop
      vertex 9.84457 136.227 30
      vertex 9.91095 136.37 2
      vertex 9.91095 136.37 30
    endloop
  endfacet
  facet normal 0.90704 -0.421044 0
    outer loop
      vertex 9.91095 136.37 2
      vertex 9.84457 136.227 30
      vertex 9.84457 136.227 2
    endloop
  endfacet
  facet normal 0.919916 -0.392114 0
    outer loop
      vertex 9.91095 136.37 30
      vertex 9.97233 136.514 2
      vertex 9.97233 136.514 30
    endloop
  endfacet
  facet normal 0.919916 -0.392114 0
    outer loop
      vertex 9.97233 136.514 2
      vertex 9.91095 136.37 30
      vertex 9.91095 136.37 2
    endloop
  endfacet
  facet normal 0.956774 -0.290834 0
    outer loop
      vertex 10.0798 136.809 30
      vertex 10.1257 136.96 2
      vertex 10.1257 136.96 30
    endloop
  endfacet
  facet normal 0.956774 -0.290834 0
    outer loop
      vertex 10.1257 136.96 2
      vertex 10.0798 136.809 30
      vertex 10.0798 136.809 2
    endloop
  endfacet
  facet normal 0.0190987 -0.999818 0
    outer loop
      vertex 5.8 133.7 2
      vertex 5.95705 133.703 30
      vertex 5.8 133.7 30
    endloop
  endfacet
  facet normal 0.0190987 -0.999818 0
    outer loop
      vertex 5.95705 133.703 30
      vertex 5.8 133.7 2
      vertex 5.95705 133.703 2
    endloop
  endfacet
  facet normal -0.120978 -0.992655 0
    outer loop
      vertex 5.17372 133.744 2
      vertex 5.32962 133.725 30
      vertex 5.17372 133.744 30
    endloop
  endfacet
  facet normal -0.120978 -0.992655 -0
    outer loop
      vertex 5.32962 133.725 30
      vertex 5.17372 133.744 2
      vertex 5.32962 133.725 2
    endloop
  endfacet
  facet normal -0.292815 -0.956169 0
    outer loop
      vertex 4.40942 133.92 2
      vertex 4.55963 133.874 30
      vertex 4.40942 133.92 30
    endloop
  endfacet
  facet normal -0.292815 -0.956169 -0
    outer loop
      vertex 4.55963 133.874 30
      vertex 4.40942 133.92 2
      vertex 4.55963 133.874 2
    endloop
  endfacet
  facet normal -0.362299 -0.932062 0
    outer loop
      vertex 4.11427 134.028 2
      vertex 4.26091 133.971 30
      vertex 4.11427 134.028 30
    endloop
  endfacet
  facet normal -0.362299 -0.932062 -0
    outer loop
      vertex 4.26091 133.971 30
      vertex 4.11427 134.028 2
      vertex 4.26091 133.971 2
    endloop
  endfacet
  facet normal -0.420634 -0.907231 0
    outer loop
      vertex 3.82733 134.155 2
      vertex 3.96968 134.089 30
      vertex 3.82733 134.155 30
    endloop
  endfacet
  facet normal -0.420634 -0.907231 -0
    outer loop
      vertex 3.96968 134.089 30
      vertex 3.82733 134.155 2
      vertex 3.96968 134.089 2
    endloop
  endfacet
  facet normal -0.731732 -0.681592 0
    outer loop
      vertex 2.56297 135.074 2
      vertex 2.45585 135.189 30
      vertex 2.45585 135.189 2
    endloop
  endfacet
  facet normal -0.731732 -0.681592 0
    outer loop
      vertex 2.45585 135.189 30
      vertex 2.56297 135.074 2
      vertex 2.56297 135.074 30
    endloop
  endfacet
  facet normal -0.797605 -0.603181 0
    outer loop
      vertex 2.25395 135.43 2
      vertex 2.15942 135.555 30
      vertex 2.15942 135.555 2
    endloop
  endfacet
  facet normal -0.797605 -0.603181 0
    outer loop
      vertex 2.15942 135.555 30
      vertex 2.25395 135.43 2
      vertex 2.25395 135.43 30
    endloop
  endfacet
  facet normal -0.836889 -0.547373 0
    outer loop
      vertex 2.06933 135.684 2
      vertex 2 135.79 30
      vertex 2 135.79 2
    endloop
  endfacet
  facet normal -0.836889 -0.547373 0
    outer loop
      vertex 2 135.79 30
      vertex 2.06933 135.684 2
      vertex 2.06933 135.684 30
    endloop
  endfacet
  facet normal 0.819858 -0.572566 0
    outer loop
      vertex 9.44058 135.555 30
      vertex 9.53067 135.684 2
      vertex 9.53067 135.684 30
    endloop
  endfacet
  facet normal 0.819858 -0.572566 0
    outer loop
      vertex 9.53067 135.684 2
      vertex 9.44058 135.555 30
      vertex 9.44058 135.555 2
    endloop
  endfacet
  facet normal 0.731732 -0.681592 0
    outer loop
      vertex 9.03703 135.074 30
      vertex 9.14415 135.189 2
      vertex 9.14415 135.189 30
    endloop
  endfacet
  facet normal 0.731732 -0.681592 0
    outer loop
      vertex 9.14415 135.189 2
      vertex 9.03703 135.074 30
      vertex 9.03703 135.074 2
    endloop
  endfacet
  facet normal 0.573197 -0.819417 0
    outer loop
      vertex 8.31637 134.469 2
      vertex 8.44503 134.559 30
      vertex 8.31637 134.469 30
    endloop
  endfacet
  facet normal 0.573197 -0.819417 0
    outer loop
      vertex 8.44503 134.559 30
      vertex 8.31637 134.469 2
      vertex 8.44503 134.559 2
    endloop
  endfacet
  facet normal 0.603705 -0.797208 0
    outer loop
      vertex 8.44503 134.559 2
      vertex 8.57048 134.654 30
      vertex 8.44503 134.559 30
    endloop
  endfacet
  facet normal 0.603705 -0.797208 0
    outer loop
      vertex 8.57048 134.654 30
      vertex 8.44503 134.559 2
      vertex 8.57048 134.654 2
    endloop
  endfacet
  facet normal -0.0509379 -0.998702 0
    outer loop
      vertex 5.4861 133.711 2
      vertex 5.64295 133.703 30
      vertex 5.4861 133.711 30
    endloop
  endfacet
  facet normal -0.0509379 -0.998702 -0
    outer loop
      vertex 5.64295 133.703 30
      vertex 5.4861 133.711 2
      vertex 5.64295 133.703 2
    endloop
  endfacet
  facet normal -0.254932 -0.966959 0
    outer loop
      vertex 4.55963 133.874 2
      vertex 4.71135 133.834 30
      vertex 4.55963 133.874 30
    endloop
  endfacet
  facet normal -0.254932 -0.966959 -0
    outer loop
      vertex 4.71135 133.834 30
      vertex 4.55963 133.874 2
      vertex 4.71135 133.834 2
    endloop
  endfacet
  facet normal -0.15288 -0.988245 0
    outer loop
      vertex 5.01858 133.768 2
      vertex 5.17372 133.744 30
      vertex 5.01858 133.768 30
    endloop
  endfacet
  facet normal -0.15288 -0.988245 -0
    outer loop
      vertex 5.17372 133.744 30
      vertex 5.01858 133.768 2
      vertex 5.17372 133.744 2
    endloop
  endfacet
  facet normal -0.573197 -0.819417 0
    outer loop
      vertex 3.15497 134.559 2
      vertex 3.28363 134.469 30
      vertex 3.15497 134.559 30
    endloop
  endfacet
  facet normal -0.573197 -0.819417 -0
    outer loop
      vertex 3.28363 134.469 30
      vertex 3.15497 134.559 2
      vertex 3.28363 134.469 2
    endloop
  endfacet
  facet normal -0.603705 -0.797208 0
    outer loop
      vertex 3.02952 134.654 2
      vertex 3.15497 134.559 30
      vertex 3.02952 134.654 30
    endloop
  endfacet
  facet normal -0.603705 -0.797208 -0
    outer loop
      vertex 3.15497 134.559 30
      vertex 3.02952 134.654 2
      vertex 3.15497 134.559 2
    endloop
  endfacet
  facet normal -0.629926 -0.776655 0
    outer loop
      vertex 2.90746 134.753 2
      vertex 3.02952 134.654 30
      vertex 2.90746 134.753 30
    endloop
  endfacet
  facet normal -0.629926 -0.776655 -0
    outer loop
      vertex 3.02952 134.654 30
      vertex 2.90746 134.753 2
      vertex 3.02952 134.654 2
    endloop
  endfacet
  facet normal -0.388706 -0.921362 0
    outer loop
      vertex 3.96968 134.089 2
      vertex 4.11427 134.028 30
      vertex 3.96968 134.089 30
    endloop
  endfacet
  facet normal -0.388706 -0.921362 -0
    outer loop
      vertex 4.11427 134.028 30
      vertex 3.96968 134.089 2
      vertex 4.11427 134.028 2
    endloop
  endfacet
  facet normal -0.484074 -0.875027 0
    outer loop
      vertex 3.55 134.303 2
      vertex 3.68738 134.227 30
      vertex 3.55 134.303 30
    endloop
  endfacet
  facet normal -0.484074 -0.875027 -0
    outer loop
      vertex 3.68738 134.227 30
      vertex 3.55 134.303 2
      vertex 3.68738 134.227 2
    endloop
  endfacet
  facet normal -0.542185 -0.840259 0
    outer loop
      vertex 3.28363 134.469 2
      vertex 3.41536 134.384 30
      vertex 3.28363 134.469 30
    endloop
  endfacet
  facet normal -0.542185 -0.840259 -0
    outer loop
      vertex 3.41536 134.384 30
      vertex 3.28363 134.469 2
      vertex 3.41536 134.384 2
    endloop
  endfacet
  facet normal -0.515506 -0.856886 0
    outer loop
      vertex 3.41536 134.384 2
      vertex 3.55 134.303 30
      vertex 3.41536 134.384 30
    endloop
  endfacet
  facet normal -0.515506 -0.856886 -0
    outer loop
      vertex 3.55 134.303 30
      vertex 3.41536 134.384 2
      vertex 3.55 134.303 2
    endloop
  endfacet
  facet normal -0.681596 -0.731729 0
    outer loop
      vertex 2.67404 134.963 2
      vertex 2.78891 134.856 30
      vertex 2.67404 134.963 30
    endloop
  endfacet
  facet normal -0.681596 -0.731729 -0
    outer loop
      vertex 2.78891 134.856 30
      vertex 2.67404 134.963 2
      vertex 2.78891 134.856 2
    endloop
  endfacet
  facet normal -0.779476 -0.626432 0
    outer loop
      vertex 2.3528 135.307 2
      vertex 2.25395 135.43 30
      vertex 2.25395 135.43 2
    endloop
  endfacet
  facet normal -0.779476 -0.626432 0
    outer loop
      vertex 2.25395 135.43 30
      vertex 2.3528 135.307 2
      vertex 2.3528 135.307 30
    endloop
  endfacet
  facet normal -0.753209 -0.657781 0
    outer loop
      vertex 2.45585 135.189 2
      vertex 2.3528 135.307 30
      vertex 2.3528 135.307 2
    endloop
  endfacet
  facet normal -0.753209 -0.657781 0
    outer loop
      vertex 2.3528 135.307 30
      vertex 2.45585 135.189 2
      vertex 2.45585 135.189 30
    endloop
  endfacet
  facet normal -0.228968 -0.973434 0
    outer loop
      vertex 4.71135 133.834 2
      vertex 4.8644 133.798 30
      vertex 4.71135 133.834 30
    endloop
  endfacet
  facet normal -0.228968 -0.973434 -0
    outer loop
      vertex 4.8644 133.798 30
      vertex 4.71135 133.834 2
      vertex 4.8644 133.798 2
    endloop
  endfacet
  facet normal -0.0891124 -0.996022 0
    outer loop
      vertex 5.32962 133.725 2
      vertex 5.4861 133.711 30
      vertex 5.32962 133.725 30
    endloop
  endfacet
  facet normal -0.0891124 -0.996022 -0
    outer loop
      vertex 5.4861 133.711 30
      vertex 5.32962 133.725 2
      vertex 5.4861 133.711 2
    endloop
  endfacet
  facet normal -0.324793 -0.945785 0
    outer loop
      vertex 4.26091 133.971 2
      vertex 4.40942 133.92 30
      vertex 4.26091 133.971 30
    endloop
  endfacet
  facet normal -0.324793 -0.945785 -0
    outer loop
      vertex 4.40942 133.92 30
      vertex 4.26091 133.971 2
      vertex 4.40942 133.92 2
    endloop
  endfacet
  facet normal -0.655863 -0.75488 0
    outer loop
      vertex 2.78891 134.856 2
      vertex 2.90746 134.753 30
      vertex 2.78891 134.856 30
    endloop
  endfacet
  facet normal -0.655863 -0.75488 -0
    outer loop
      vertex 2.90746 134.753 30
      vertex 2.78891 134.856 2
      vertex 2.90746 134.753 2
    endloop
  endfacet
  facet normal -0.457477 -0.889221 0
    outer loop
      vertex 3.68738 134.227 2
      vertex 3.82733 134.155 30
      vertex 3.68738 134.227 30
    endloop
  endfacet
  facet normal -0.457477 -0.889221 -0
    outer loop
      vertex 3.82733 134.155 30
      vertex 3.68738 134.227 2
      vertex 3.82733 134.155 2
    endloop
  endfacet
  facet normal -0.819858 -0.572566 0
    outer loop
      vertex 2.15942 135.555 2
      vertex 2.06933 135.684 30
      vertex 2.06933 135.684 2
    endloop
  endfacet
  facet normal -0.819858 -0.572566 0
    outer loop
      vertex 2.06933 135.684 30
      vertex 2.15942 135.555 2
      vertex 2.15942 135.555 30
    endloop
  endfacet
  facet normal -0.933852 0.357659 0
    outer loop
      vertex 73.9714 139.739 2
      vertex 74.0277 139.886 30
      vertex 74.0277 139.886 2
    endloop
  endfacet
  facet normal -0.933852 0.357659 0
    outer loop
      vertex 74.0277 139.886 30
      vertex 73.9714 139.739 2
      vertex 73.9714 139.739 30
    endloop
  endfacet
  facet normal 0.388684 -0.921371 0
    outer loop
      vertex 79.8857 134.028 2
      vertex 80.0303 134.089 30
      vertex 79.8857 134.028 30
    endloop
  endfacet
  facet normal 0.388684 -0.921371 0
    outer loop
      vertex 80.0303 134.089 30
      vertex 79.8857 134.028 2
      vertex 80.0303 134.089 2
    endloop
  endfacet
  facet normal -0.79739 -0.603465 0
    outer loop
      vertex 74.654 135.43 2
      vertex 74.5594 135.555 30
      vertex 74.5594 135.555 2
    endloop
  endfacet
  facet normal -0.79739 -0.603465 0
    outer loop
      vertex 74.5594 135.555 30
      vertex 74.654 135.43 2
      vertex 74.654 135.43 30
    endloop
  endfacet
  facet normal -0.999852 -0.0171949 0
    outer loop
      vertex 73.7027 138.043 2
      vertex 73.7 138.2 30
      vertex 73.7 138.2 2
    endloop
  endfacet
  facet normal -0.999852 -0.0171949 0
    outer loop
      vertex 73.7 138.2 30
      vertex 73.7027 138.043 2
      vertex 73.7027 138.043 30
    endloop
  endfacet
  facet normal -0.956774 0.290834 0
    outer loop
      vertex 73.8743 139.44 2
      vertex 73.9202 139.591 30
      vertex 73.9202 139.591 2
    endloop
  endfacet
  facet normal -0.956774 0.290834 0
    outer loop
      vertex 73.9202 139.591 30
      vertex 73.8743 139.44 2
      vertex 73.8743 139.44 30
    endloop
  endfacet
  facet normal -0.79739 0.603465 0
    outer loop
      vertex 74.5594 140.845 2
      vertex 74.654 140.97 30
      vertex 74.654 140.97 2
    endloop
  endfacet
  facet normal -0.79739 0.603465 0
    outer loop
      vertex 74.654 140.97 30
      vertex 74.5594 140.845 2
      vertex 74.5594 140.845 30
    endloop
  endfacet
  facet normal -0.542664 0.83995 0
    outer loop
      vertex 75.7904 142 2
      vertex 75.6836 141.931 30
      vertex 75.7904 142 30
    endloop
  endfacet
  facet normal -0.542664 0.83995 0
    outer loop
      vertex 75.6836 141.931 30
      vertex 75.7904 142 2
      vertex 75.6836 141.931 2
    endloop
  endfacet
  facet normal -0.681501 0.731817 0
    outer loop
      vertex 75.1889 141.544 2
      vertex 75.074 141.437 30
      vertex 75.1889 141.544 30
    endloop
  endfacet
  facet normal -0.681501 0.731817 0
    outer loop
      vertex 75.074 141.437 30
      vertex 75.1889 141.544 2
      vertex 75.074 141.437 2
    endloop
  endfacet
  facet normal 0.152919 -0.988239 0
    outer loop
      vertex 78.8263 133.744 2
      vertex 78.9814 133.768 30
      vertex 78.8263 133.744 30
    endloop
  endfacet
  facet normal 0.152919 -0.988239 0
    outer loop
      vertex 78.9814 133.768 30
      vertex 78.8263 133.744 2
      vertex 78.9814 133.768 2
    endloop
  endfacet
  facet normal 0.292833 -0.956164 0
    outer loop
      vertex 79.4404 133.874 2
      vertex 79.5906 133.92 30
      vertex 79.4404 133.874 30
    endloop
  endfacet
  facet normal 0.292833 -0.956164 0
    outer loop
      vertex 79.5906 133.92 30
      vertex 79.4404 133.874 2
      vertex 79.5906 133.92 2
    endloop
  endfacet
  facet normal 0.630113 -0.776503 0
    outer loop
      vertex 80.9705 134.654 2
      vertex 81.0925 134.753 30
      vertex 80.9705 134.654 30
    endloop
  endfacet
  facet normal 0.630113 -0.776503 0
    outer loop
      vertex 81.0925 134.753 30
      vertex 80.9705 134.654 2
      vertex 81.0925 134.753 2
    endloop
  endfacet
  facet normal 0.681501 -0.731817 0
    outer loop
      vertex 81.2111 134.856 2
      vertex 81.326 134.963 30
      vertex 81.2111 134.856 30
    endloop
  endfacet
  facet normal 0.681501 -0.731817 0
    outer loop
      vertex 81.326 134.963 30
      vertex 81.2111 134.856 2
      vertex 81.326 134.963 2
    endloop
  endfacet
  facet normal 0.541982 -0.84039 0
    outer loop
      vertex 80.5846 134.384 2
      vertex 80.7164 134.469 30
      vertex 80.5846 134.384 30
    endloop
  endfacet
  facet normal 0.541982 -0.84039 0
    outer loop
      vertex 80.7164 134.469 30
      vertex 80.5846 134.384 2
      vertex 80.7164 134.469 2
    endloop
  endfacet
  facet normal -0.0191048 -0.999817 0
    outer loop
      vertex 78.043 133.703 2
      vertex 78.2 133.7 30
      vertex 78.043 133.703 30
    endloop
  endfacet
  facet normal -0.0191048 -0.999817 -0
    outer loop
      vertex 78.2 133.7 30
      vertex 78.043 133.703 2
      vertex 78.2 133.7 2
    endloop
  endfacet
  facet normal -0.254807 -0.966992 0
    outer loop
      vertex 76.9596 133.874 2
      vertex 77.1114 133.834 30
      vertex 76.9596 133.874 30
    endloop
  endfacet
  facet normal -0.254807 -0.966992 -0
    outer loop
      vertex 77.1114 133.834 30
      vertex 76.9596 133.874 2
      vertex 77.1114 133.834 2
    endloop
  endfacet
  facet normal -0.362385 -0.932029 0
    outer loop
      vertex 76.5143 134.028 2
      vertex 76.6609 133.971 30
      vertex 76.5143 134.028 30
    endloop
  endfacet
  facet normal -0.362385 -0.932029 -0
    outer loop
      vertex 76.6609 133.971 30
      vertex 76.5143 134.028 2
      vertex 76.6609 133.971 2
    endloop
  endfacet
  facet normal -0.981898 -0.189411 0
    outer loop
      vertex 73.7983 137.264 2
      vertex 73.7684 137.419 30
      vertex 73.7684 137.419 2
    endloop
  endfacet
  facet normal -0.981898 -0.189411 0
    outer loop
      vertex 73.7684 137.419 30
      vertex 73.7983 137.264 2
      vertex 73.7983 137.264 30
    endloop
  endfacet
  facet normal -0.920101 -0.391682 0
    outer loop
      vertex 74.089 136.37 2
      vertex 74.0277 136.514 30
      vertex 74.0277 136.514 2
    endloop
  endfacet
  facet normal -0.920101 -0.391682 0
    outer loop
      vertex 74.0277 136.514 30
      vertex 74.089 136.37 2
      vertex 74.089 136.37 30
    endloop
  endfacet
  facet normal -0.857773 -0.514028 0
    outer loop
      vertex 74.3838 135.815 2
      vertex 74.3029 135.95 30
      vertex 74.3029 135.95 2
    endloop
  endfacet
  facet normal -0.857773 -0.514028 0
    outer loop
      vertex 74.3029 135.95 30
      vertex 74.3838 135.815 2
      vertex 74.3838 135.815 30
    endloop
  endfacet
  facet normal -0.992588 0.121528 0
    outer loop
      vertex 73.7247 138.67 2
      vertex 73.7438 138.826 30
      vertex 73.7438 138.826 2
    endloop
  endfacet
  facet normal -0.992588 0.121528 0
    outer loop
      vertex 73.7438 138.826 30
      vertex 73.7247 138.67 2
      vertex 73.7247 138.67 30
    endloop
  endfacet
  facet normal -0.998606 0.0527925 0
    outer loop
      vertex 73.7027 138.357 2
      vertex 73.711 138.514 30
      vertex 73.711 138.514 2
    endloop
  endfacet
  facet normal -0.998606 0.0527925 0
    outer loop
      vertex 73.711 138.514 30
      vertex 73.7027 138.357 2
      vertex 73.7027 138.357 30
    endloop
  endfacet
  facet normal -0.981898 0.189411 0
    outer loop
      vertex 73.7684 138.981 2
      vertex 73.7983 139.136 30
      vertex 73.7983 139.136 2
    endloop
  endfacet
  facet normal -0.981898 0.189411 0
    outer loop
      vertex 73.7983 139.136 30
      vertex 73.7684 138.981 2
      vertex 73.7684 138.981 30
    endloop
  endfacet
  facet normal -0.974262 0.225418 0
    outer loop
      vertex 73.7983 139.136 2
      vertex 73.8337 139.289 30
      vertex 73.8337 139.289 2
    endloop
  endfacet
  facet normal -0.974262 0.225418 0
    outer loop
      vertex 73.8337 139.289 30
      vertex 73.7983 139.136 2
      vertex 73.7983 139.136 30
    endloop
  endfacet
  facet normal -0.891093 0.453821 0
    outer loop
      vertex 74.1554 140.173 2
      vertex 74.2267 140.313 30
      vertex 74.2267 140.313 2
    endloop
  endfacet
  facet normal -0.891093 0.453821 0
    outer loop
      vertex 74.2267 140.313 30
      vertex 74.1554 140.173 2
      vertex 74.1554 140.173 30
    endloop
  endfacet
  facet normal -0.906992 0.421149 0
    outer loop
      vertex 74.089 140.03 2
      vertex 74.1554 140.173 30
      vertex 74.1554 140.173 2
    endloop
  endfacet
  facet normal -0.906992 0.421149 0
    outer loop
      vertex 74.1554 140.173 30
      vertex 74.089 140.03 2
      vertex 74.089 140.03 30
    endloop
  endfacet
  facet normal -0.819829 0.572609 0
    outer loop
      vertex 74.4693 140.716 2
      vertex 74.5594 140.845 30
      vertex 74.5594 140.845 2
    endloop
  endfacet
  facet normal -0.819829 0.572609 0
    outer loop
      vertex 74.5594 140.845 30
      vertex 74.4693 140.716 2
      vertex 74.4693 140.716 30
    endloop
  endfacet
  facet normal -0.779631 0.62624 0
    outer loop
      vertex 74.654 140.97 2
      vertex 74.7528 141.093 30
      vertex 74.7528 141.093 2
    endloop
  endfacet
  facet normal -0.779631 0.62624 0
    outer loop
      vertex 74.7528 141.093 30
      vertex 74.654 140.97 2
      vertex 74.654 140.97 30
    endloop
  endfacet
  facet normal -0.603552 0.797324 0
    outer loop
      vertex 75.555 141.841 2
      vertex 75.4295 141.746 30
      vertex 75.555 141.841 30
    endloop
  endfacet
  facet normal -0.603552 0.797324 0
    outer loop
      vertex 75.4295 141.746 30
      vertex 75.555 141.841 2
      vertex 75.4295 141.746 2
    endloop
  endfacet
  facet normal 0.0509217 -0.998703 0
    outer loop
      vertex 78.357 133.703 2
      vertex 78.5139 133.711 30
      vertex 78.357 133.703 30
    endloop
  endfacet
  facet normal 0.0509217 -0.998703 0
    outer loop
      vertex 78.5139 133.711 30
      vertex 78.357 133.703 2
      vertex 78.5139 133.711 2
    endloop
  endfacet
  facet normal 0.655706 -0.755017 0
    outer loop
      vertex 81.0925 134.753 2
      vertex 81.2111 134.856 30
      vertex 81.0925 134.753 30
    endloop
  endfacet
  facet normal 0.655706 -0.755017 0
    outer loop
      vertex 81.2111 134.856 30
      vertex 81.0925 134.753 2
      vertex 81.2111 134.856 2
    endloop
  endfacet
  facet normal 0.420512 -0.907287 0
    outer loop
      vertex 80.0303 134.089 2
      vertex 80.1727 134.155 30
      vertex 80.0303 134.089 30
    endloop
  endfacet
  facet normal 0.420512 -0.907287 0
    outer loop
      vertex 80.1727 134.155 30
      vertex 80.0303 134.089 2
      vertex 80.1727 134.155 2
    endloop
  endfacet
  facet normal 0.515619 -0.856818 0
    outer loop
      vertex 80.45 134.303 2
      vertex 80.5846 134.384 30
      vertex 80.45 134.303 30
    endloop
  endfacet
  facet normal 0.515619 -0.856818 0
    outer loop
      vertex 80.5846 134.384 30
      vertex 80.45 134.303 2
      vertex 80.5846 134.384 2
    endloop
  endfacet
  facet normal -0.324813 -0.945778 0
    outer loop
      vertex 76.6609 133.971 2
      vertex 76.8094 133.92 30
      vertex 76.6609 133.971 30
    endloop
  endfacet
  facet normal -0.324813 -0.945778 -0
    outer loop
      vertex 76.8094 133.92 30
      vertex 76.6609 133.971 2
      vertex 76.8094 133.92 2
    endloop
  endfacet
  facet normal -0.152919 -0.988239 0
    outer loop
      vertex 77.4186 133.768 2
      vertex 77.5737 133.744 30
      vertex 77.4186 133.768 30
    endloop
  endfacet
  facet normal -0.152919 -0.988239 -0
    outer loop
      vertex 77.5737 133.744 30
      vertex 77.4186 133.768 2
      vertex 77.5737 133.744 2
    endloop
  endfacet
  facet normal -0.0509217 -0.998703 0
    outer loop
      vertex 77.8861 133.711 2
      vertex 78.043 133.703 30
      vertex 77.8861 133.711 30
    endloop
  endfacet
  facet normal -0.0509217 -0.998703 -0
    outer loop
      vertex 78.043 133.703 30
      vertex 77.8861 133.711 2
      vertex 78.043 133.703 2
    endloop
  endfacet
  facet normal -0.292833 -0.956164 0
    outer loop
      vertex 76.8094 133.92 2
      vertex 76.9596 133.874 30
      vertex 76.8094 133.92 30
    endloop
  endfacet
  facet normal -0.292833 -0.956164 -0
    outer loop
      vertex 76.9596 133.874 30
      vertex 76.8094 133.92 2
      vertex 76.9596 133.874 2
    endloop
  endfacet
  facet normal -0.48402 -0.875057 0
    outer loop
      vertex 75.95 134.303 2
      vertex 76.0874 134.227 30
      vertex 75.95 134.303 30
    endloop
  endfacet
  facet normal -0.48402 -0.875057 -0
    outer loop
      vertex 76.0874 134.227 30
      vertex 75.95 134.303 2
      vertex 76.0874 134.227 2
    endloop
  endfacet
  facet normal -0.388684 -0.921371 0
    outer loop
      vertex 76.3697 134.089 2
      vertex 76.5143 134.028 30
      vertex 76.3697 134.089 30
    endloop
  endfacet
  facet normal -0.388684 -0.921371 -0
    outer loop
      vertex 76.5143 134.028 30
      vertex 76.3697 134.089 2
      vertex 76.5143 134.028 2
    endloop
  endfacet
  facet normal -0.515619 -0.856818 0
    outer loop
      vertex 75.8154 134.384 2
      vertex 75.95 134.303 30
      vertex 75.8154 134.384 30
    endloop
  endfacet
  facet normal -0.515619 -0.856818 -0
    outer loop
      vertex 75.95 134.303 30
      vertex 75.8154 134.384 2
      vertex 75.95 134.303 2
    endloop
  endfacet
  facet normal -0.603552 -0.797324 0
    outer loop
      vertex 75.4295 134.654 2
      vertex 75.555 134.559 30
      vertex 75.4295 134.654 30
    endloop
  endfacet
  facet normal -0.603552 -0.797324 -0
    outer loop
      vertex 75.555 134.559 30
      vertex 75.4295 134.654 2
      vertex 75.555 134.559 2
    endloop
  endfacet
  facet normal -0.956774 -0.290834 0
    outer loop
      vertex 73.9202 136.809 2
      vertex 73.8743 136.96 30
      vertex 73.8743 136.96 2
    endloop
  endfacet
  facet normal -0.956774 -0.290834 0
    outer loop
      vertex 73.8743 136.96 30
      vertex 73.9202 136.809 2
      vertex 73.9202 136.809 30
    endloop
  endfacet
  facet normal -0.998606 -0.0527925 0
    outer loop
      vertex 73.711 137.886 2
      vertex 73.7027 138.043 30
      vertex 73.7027 138.043 2
    endloop
  endfacet
  facet normal -0.998606 -0.0527925 0
    outer loop
      vertex 73.7027 138.043 30
      vertex 73.711 137.886 2
      vertex 73.711 137.886 30
    endloop
  endfacet
  facet normal -0.987639 -0.156748 0
    outer loop
      vertex 73.7684 137.419 2
      vertex 73.7438 137.574 30
      vertex 73.7438 137.574 2
    endloop
  endfacet
  facet normal -0.987639 -0.156748 0
    outer loop
      vertex 73.7438 137.574 30
      vertex 73.7684 137.419 2
      vertex 73.7684 137.419 30
    endloop
  endfacet
  facet normal -0.731795 -0.681524 0
    outer loop
      vertex 74.963 135.074 2
      vertex 74.8559 135.189 30
      vertex 74.8559 135.189 2
    endloop
  endfacet
  facet normal -0.731795 -0.681524 0
    outer loop
      vertex 74.8559 135.189 30
      vertex 74.963 135.074 2
      vertex 74.963 135.074 30
    endloop
  endfacet
  facet normal -0.707107 -0.707107 0
    outer loop
      vertex 75.074 134.963 2
      vertex 74.963 135.074 30
      vertex 74.963 135.074 2
    endloop
  endfacet
  facet normal -0.707107 -0.707107 0
    outer loop
      vertex 74.963 135.074 30
      vertex 75.074 134.963 2
      vertex 75.074 134.963 30
    endloop
  endfacet
  facet normal -0.779631 -0.62624 0
    outer loop
      vertex 74.7528 135.307 2
      vertex 74.654 135.43 30
      vertex 74.654 135.43 2
    endloop
  endfacet
  facet normal -0.779631 -0.62624 0
    outer loop
      vertex 74.654 135.43 30
      vertex 74.7528 135.307 2
      vertex 74.7528 135.307 30
    endloop
  endfacet
  facet normal -0.987639 0.156748 0
    outer loop
      vertex 73.7438 138.826 2
      vertex 73.7684 138.981 30
      vertex 73.7684 138.981 2
    endloop
  endfacet
  facet normal -0.987639 0.156748 0
    outer loop
      vertex 73.7684 138.981 30
      vertex 73.7438 138.826 2
      vertex 73.7438 138.826 30
    endloop
  endfacet
  facet normal -0.996166 0.0874838 0
    outer loop
      vertex 73.711 138.514 2
      vertex 73.7247 138.67 30
      vertex 73.7247 138.67 2
    endloop
  endfacet
  facet normal -0.996166 0.0874838 0
    outer loop
      vertex 73.7247 138.67 30
      vertex 73.711 138.514 2
      vertex 73.711 138.514 30
    endloop
  endfacet
  facet normal -0.945047 0.326935 0
    outer loop
      vertex 73.9202 139.591 2
      vertex 73.9714 139.739 30
      vertex 73.9714 139.739 2
    endloop
  endfacet
  facet normal -0.945047 0.326935 0
    outer loop
      vertex 73.9714 139.739 30
      vertex 73.9202 139.591 2
      vertex 73.9202 139.591 30
    endloop
  endfacet
  facet normal -0.920101 0.391682 0
    outer loop
      vertex 74.0277 139.886 2
      vertex 74.089 140.03 30
      vertex 74.089 140.03 2
    endloop
  endfacet
  facet normal -0.920101 0.391682 0
    outer loop
      vertex 74.089 140.03 30
      vertex 74.0277 139.886 2
      vertex 74.0277 139.886 30
    endloop
  endfacet
  facet normal -0.857773 0.514028 0
    outer loop
      vertex 74.3029 140.45 2
      vertex 74.3838 140.585 30
      vertex 74.3838 140.585 2
    endloop
  endfacet
  facet normal -0.857773 0.514028 0
    outer loop
      vertex 74.3838 140.585 30
      vertex 74.3029 140.45 2
      vertex 74.3029 140.45 30
    endloop
  endfacet
  facet normal -0.573377 0.819292 0
    outer loop
      vertex 75.6836 141.931 2
      vertex 75.555 141.841 30
      vertex 75.6836 141.931 30
    endloop
  endfacet
  facet normal -0.573377 0.819292 0
    outer loop
      vertex 75.555 141.841 30
      vertex 75.6836 141.931 2
      vertex 75.555 141.841 2
    endloop
  endfacet
  facet normal -0.630113 0.776503 0
    outer loop
      vertex 75.4295 141.746 2
      vertex 75.3075 141.647 30
      vertex 75.4295 141.746 30
    endloop
  endfacet
  facet normal -0.630113 0.776503 0
    outer loop
      vertex 75.3075 141.647 30
      vertex 75.4295 141.746 2
      vertex 75.3075 141.647 2
    endloop
  endfacet
  facet normal -0.655706 0.755017 0
    outer loop
      vertex 75.3075 141.647 2
      vertex 75.1889 141.544 30
      vertex 75.3075 141.647 30
    endloop
  endfacet
  facet normal -0.655706 0.755017 0
    outer loop
      vertex 75.1889 141.544 30
      vertex 75.3075 141.647 2
      vertex 75.1889 141.544 2
    endloop
  endfacet
  facet normal -0.731795 0.681524 0
    outer loop
      vertex 74.8559 141.211 2
      vertex 74.963 141.326 30
      vertex 74.963 141.326 2
    endloop
  endfacet
  facet normal -0.731795 0.681524 0
    outer loop
      vertex 74.963 141.326 30
      vertex 74.8559 141.211 2
      vertex 74.8559 141.211 30
    endloop
  endfacet
  facet normal -0.707107 0.707107 0
    outer loop
      vertex 74.963 141.326 2
      vertex 75.074 141.437 30
      vertex 75.074 141.437 2
    endloop
  endfacet
  facet normal -0.707107 0.707107 0
    outer loop
      vertex 75.074 141.437 30
      vertex 74.963 141.326 2
      vertex 74.963 141.326 30
    endloop
  endfacet
  facet normal 0.0891011 -0.996023 0
    outer loop
      vertex 78.5139 133.711 2
      vertex 78.6704 133.725 30
      vertex 78.5139 133.711 30
    endloop
  endfacet
  facet normal 0.0891011 -0.996023 0
    outer loop
      vertex 78.6704 133.725 30
      vertex 78.5139 133.711 2
      vertex 78.6704 133.725 2
    endloop
  endfacet
  facet normal 0.190972 -0.981596 0
    outer loop
      vertex 78.9814 133.768 2
      vertex 79.1356 133.798 30
      vertex 78.9814 133.768 30
    endloop
  endfacet
  facet normal 0.190972 -0.981596 0
    outer loop
      vertex 79.1356 133.798 30
      vertex 78.9814 133.768 2
      vertex 79.1356 133.798 2
    endloop
  endfacet
  facet normal 0.324813 -0.945778 0
    outer loop
      vertex 79.5906 133.92 2
      vertex 79.7391 133.971 30
      vertex 79.5906 133.92 30
    endloop
  endfacet
  facet normal 0.324813 -0.945778 0
    outer loop
      vertex 79.7391 133.971 30
      vertex 79.5906 133.92 2
      vertex 79.7391 133.971 2
    endloop
  endfacet
  facet normal 0.228898 -0.973451 0
    outer loop
      vertex 79.1356 133.798 2
      vertex 79.2887 133.834 30
      vertex 79.1356 133.798 30
    endloop
  endfacet
  facet normal 0.228898 -0.973451 0
    outer loop
      vertex 79.2887 133.834 30
      vertex 79.1356 133.798 2
      vertex 79.2887 133.834 2
    endloop
  endfacet
  facet normal 0.707107 -0.707107 0
    outer loop
      vertex 81.326 134.963 30
      vertex 81.437 135.074 2
      vertex 81.437 135.074 30
    endloop
  endfacet
  facet normal 0.707107 -0.707107 0
    outer loop
      vertex 81.437 135.074 2
      vertex 81.326 134.963 30
      vertex 81.326 134.963 2
    endloop
  endfacet
  facet normal 0.573377 -0.819292 0
    outer loop
      vertex 80.7164 134.469 2
      vertex 80.845 134.559 30
      vertex 80.7164 134.469 30
    endloop
  endfacet
  facet normal 0.573377 -0.819292 0
    outer loop
      vertex 80.845 134.559 30
      vertex 80.7164 134.469 2
      vertex 80.845 134.559 2
    endloop
  endfacet
  facet normal 0.457606 -0.889155 0
    outer loop
      vertex 80.1727 134.155 2
      vertex 80.3126 134.227 30
      vertex 80.1727 134.155 30
    endloop
  endfacet
  facet normal 0.457606 -0.889155 0
    outer loop
      vertex 80.3126 134.227 30
      vertex 80.1727 134.155 2
      vertex 80.3126 134.227 2
    endloop
  endfacet
  facet normal 0.48402 -0.875057 0
    outer loop
      vertex 80.3126 134.227 2
      vertex 80.45 134.303 30
      vertex 80.3126 134.227 30
    endloop
  endfacet
  facet normal 0.48402 -0.875057 0
    outer loop
      vertex 80.45 134.303 30
      vertex 80.3126 134.227 2
      vertex 80.45 134.303 2
    endloop
  endfacet
  facet normal 0.0191048 -0.999817 0
    outer loop
      vertex 78.2 133.7 2
      vertex 78.357 133.703 30
      vertex 78.2 133.7 30
    endloop
  endfacet
  facet normal 0.0191048 -0.999817 0
    outer loop
      vertex 78.357 133.703 30
      vertex 78.2 133.7 2
      vertex 78.357 133.703 2
    endloop
  endfacet
  facet normal -0.120978 -0.992655 0
    outer loop
      vertex 77.5737 133.744 2
      vertex 77.7296 133.725 30
      vertex 77.5737 133.744 30
    endloop
  endfacet
  facet normal -0.120978 -0.992655 -0
    outer loop
      vertex 77.7296 133.725 30
      vertex 77.5737 133.744 2
      vertex 77.7296 133.725 2
    endloop
  endfacet
  facet normal -0.190972 -0.981596 0
    outer loop
      vertex 77.2644 133.798 2
      vertex 77.4186 133.768 30
      vertex 77.2644 133.798 30
    endloop
  endfacet
  facet normal -0.190972 -0.981596 -0
    outer loop
      vertex 77.4186 133.768 30
      vertex 77.2644 133.798 2
      vertex 77.4186 133.768 2
    endloop
  endfacet
  facet normal -0.457606 -0.889155 0
    outer loop
      vertex 76.0874 134.227 2
      vertex 76.2273 134.155 30
      vertex 76.0874 134.227 30
    endloop
  endfacet
  facet normal -0.457606 -0.889155 -0
    outer loop
      vertex 76.2273 134.155 30
      vertex 76.0874 134.227 2
      vertex 76.2273 134.155 2
    endloop
  endfacet
  facet normal -0.655706 -0.755017 0
    outer loop
      vertex 75.1889 134.856 2
      vertex 75.3075 134.753 30
      vertex 75.1889 134.856 30
    endloop
  endfacet
  facet normal -0.655706 -0.755017 -0
    outer loop
      vertex 75.3075 134.753 30
      vertex 75.1889 134.856 2
      vertex 75.3075 134.753 2
    endloop
  endfacet
  facet normal -0.573377 -0.819292 0
    outer loop
      vertex 75.555 134.559 2
      vertex 75.6836 134.469 30
      vertex 75.555 134.559 30
    endloop
  endfacet
  facet normal -0.573377 -0.819292 -0
    outer loop
      vertex 75.6836 134.469 30
      vertex 75.555 134.559 2
      vertex 75.6836 134.469 2
    endloop
  endfacet
  facet normal -0.974262 -0.225418 0
    outer loop
      vertex 73.8337 137.111 2
      vertex 73.7983 137.264 30
      vertex 73.7983 137.264 2
    endloop
  endfacet
  facet normal -0.974262 -0.225418 0
    outer loop
      vertex 73.7983 137.264 30
      vertex 73.8337 137.111 2
      vertex 73.8337 137.111 30
    endloop
  endfacet
  facet normal -0.945047 -0.326935 0
    outer loop
      vertex 73.9714 136.661 2
      vertex 73.9202 136.809 30
      vertex 73.9202 136.809 2
    endloop
  endfacet
  facet normal -0.945047 -0.326935 0
    outer loop
      vertex 73.9202 136.809 30
      vertex 73.9714 136.661 2
      vertex 73.9714 136.661 30
    endloop
  endfacet
  facet normal -0.996166 -0.0874838 0
    outer loop
      vertex 73.7247 137.73 2
      vertex 73.711 137.886 30
      vertex 73.711 137.886 2
    endloop
  endfacet
  facet normal -0.996166 -0.0874838 0
    outer loop
      vertex 73.711 137.886 30
      vertex 73.7247 137.73 2
      vertex 73.7247 137.73 30
    endloop
  endfacet
  facet normal -0.992588 -0.121528 0
    outer loop
      vertex 73.7438 137.574 2
      vertex 73.7247 137.73 30
      vertex 73.7247 137.73 2
    endloop
  endfacet
  facet normal -0.992588 -0.121528 0
    outer loop
      vertex 73.7247 137.73 30
      vertex 73.7438 137.574 2
      vertex 73.7438 137.574 30
    endloop
  endfacet
  facet normal -0.873916 -0.486076 0
    outer loop
      vertex 74.3029 135.95 2
      vertex 74.2267 136.087 30
      vertex 74.2267 136.087 2
    endloop
  endfacet
  facet normal -0.873916 -0.486076 0
    outer loop
      vertex 74.2267 136.087 30
      vertex 74.3029 135.95 2
      vertex 74.3029 135.95 30
    endloop
  endfacet
  facet normal -0.906992 -0.421149 0
    outer loop
      vertex 74.1554 136.227 2
      vertex 74.089 136.37 30
      vertex 74.089 136.37 2
    endloop
  endfacet
  facet normal -0.906992 -0.421149 0
    outer loop
      vertex 74.089 136.37 30
      vertex 74.1554 136.227 2
      vertex 74.1554 136.227 30
    endloop
  endfacet
  facet normal -0.83742 -0.54656 0
    outer loop
      vertex 74.4693 135.684 2
      vertex 74.3838 135.815 30
      vertex 74.3838 135.815 2
    endloop
  endfacet
  facet normal -0.83742 -0.54656 0
    outer loop
      vertex 74.3838 135.815 30
      vertex 74.4693 135.684 2
      vertex 74.4693 135.684 30
    endloop
  endfacet
  facet normal -0.999852 0.0171949 0
    outer loop
      vertex 73.7 138.2 2
      vertex 73.7027 138.357 30
      vertex 73.7027 138.357 2
    endloop
  endfacet
  facet normal -0.999852 0.0171949 0
    outer loop
      vertex 73.7027 138.357 30
      vertex 73.7 138.2 2
      vertex 73.7 138.2 30
    endloop
  endfacet
  facet normal -0.965702 0.259652 0
    outer loop
      vertex 73.8337 139.289 2
      vertex 73.8743 139.44 30
      vertex 73.8743 139.44 2
    endloop
  endfacet
  facet normal -0.965702 0.259652 0
    outer loop
      vertex 73.8743 139.44 30
      vertex 73.8337 139.289 2
      vertex 73.8337 139.289 30
    endloop
  endfacet
  facet normal -0.873916 0.486076 0
    outer loop
      vertex 74.2267 140.313 2
      vertex 74.3029 140.45 30
      vertex 74.3029 140.45 2
    endloop
  endfacet
  facet normal -0.873916 0.486076 0
    outer loop
      vertex 74.3029 140.45 30
      vertex 74.2267 140.313 2
      vertex 74.2267 140.313 30
    endloop
  endfacet
  facet normal -0.83742 0.54656 0
    outer loop
      vertex 74.3838 140.585 2
      vertex 74.4693 140.716 30
      vertex 74.4693 140.716 2
    endloop
  endfacet
  facet normal -0.83742 0.54656 0
    outer loop
      vertex 74.4693 140.716 30
      vertex 74.3838 140.585 2
      vertex 74.3838 140.585 30
    endloop
  endfacet
  facet normal -0.753051 0.657962 0
    outer loop
      vertex 74.7528 141.093 2
      vertex 74.8559 141.211 30
      vertex 74.8559 141.211 2
    endloop
  endfacet
  facet normal -0.753051 0.657962 0
    outer loop
      vertex 74.8559 141.211 30
      vertex 74.7528 141.093 2
      vertex 74.7528 141.093 30
    endloop
  endfacet
  facet normal 0.836997 -0.547207 0
    outer loop
      vertex 81.9307 135.684 30
      vertex 82 135.79 2
      vertex 82 135.79 30
    endloop
  endfacet
  facet normal 0.836997 -0.547207 0
    outer loop
      vertex 82 135.79 2
      vertex 81.9307 135.684 30
      vertex 81.9307 135.684 2
    endloop
  endfacet
  facet normal 0.79739 -0.603465 0
    outer loop
      vertex 81.746 135.43 30
      vertex 81.8406 135.555 2
      vertex 81.8406 135.555 30
    endloop
  endfacet
  facet normal 0.79739 -0.603465 0
    outer loop
      vertex 81.8406 135.555 2
      vertex 81.746 135.43 30
      vertex 81.746 135.43 2
    endloop
  endfacet
  facet normal 0.120978 -0.992655 0
    outer loop
      vertex 78.6704 133.725 2
      vertex 78.8263 133.744 30
      vertex 78.6704 133.725 30
    endloop
  endfacet
  facet normal 0.120978 -0.992655 0
    outer loop
      vertex 78.8263 133.744 30
      vertex 78.6704 133.725 2
      vertex 78.8263 133.744 2
    endloop
  endfacet
  facet normal 0.362385 -0.932029 0
    outer loop
      vertex 79.7391 133.971 2
      vertex 79.8857 134.028 30
      vertex 79.7391 133.971 30
    endloop
  endfacet
  facet normal 0.362385 -0.932029 0
    outer loop
      vertex 79.8857 134.028 30
      vertex 79.7391 133.971 2
      vertex 79.8857 134.028 2
    endloop
  endfacet
  facet normal 0.254964 -0.966951 0
    outer loop
      vertex 79.2887 133.834 2
      vertex 79.4404 133.874 30
      vertex 79.2887 133.834 30
    endloop
  endfacet
  facet normal 0.254964 -0.966951 0
    outer loop
      vertex 79.4404 133.874 30
      vertex 79.2887 133.834 2
      vertex 79.4404 133.874 2
    endloop
  endfacet
  facet normal 0.603552 -0.797324 0
    outer loop
      vertex 80.845 134.559 2
      vertex 80.9705 134.654 30
      vertex 80.845 134.559 30
    endloop
  endfacet
  facet normal 0.603552 -0.797324 0
    outer loop
      vertex 80.9705 134.654 30
      vertex 80.845 134.559 2
      vertex 80.9705 134.654 2
    endloop
  endfacet
  facet normal -0.0891011 -0.996023 0
    outer loop
      vertex 77.7296 133.725 2
      vertex 77.8861 133.711 30
      vertex 77.7296 133.725 30
    endloop
  endfacet
  facet normal -0.0891011 -0.996023 -0
    outer loop
      vertex 77.8861 133.711 30
      vertex 77.7296 133.725 2
      vertex 77.8861 133.711 2
    endloop
  endfacet
  facet normal -0.229039 -0.973417 0
    outer loop
      vertex 77.1114 133.834 2
      vertex 77.2644 133.798 30
      vertex 77.1114 133.834 30
    endloop
  endfacet
  facet normal -0.229039 -0.973417 -0
    outer loop
      vertex 77.2644 133.798 30
      vertex 77.1114 133.834 2
      vertex 77.2644 133.798 2
    endloop
  endfacet
  facet normal -0.420512 -0.907287 0
    outer loop
      vertex 76.2273 134.155 2
      vertex 76.3697 134.089 30
      vertex 76.2273 134.155 30
    endloop
  endfacet
  facet normal -0.420512 -0.907287 -0
    outer loop
      vertex 76.3697 134.089 30
      vertex 76.2273 134.155 2
      vertex 76.3697 134.089 2
    endloop
  endfacet
  facet normal -0.541982 -0.84039 0
    outer loop
      vertex 75.6836 134.469 2
      vertex 75.8154 134.384 30
      vertex 75.6836 134.469 30
    endloop
  endfacet
  facet normal -0.541982 -0.84039 -0
    outer loop
      vertex 75.8154 134.384 30
      vertex 75.6836 134.469 2
      vertex 75.8154 134.384 2
    endloop
  endfacet
  facet normal -0.630113 -0.776503 0
    outer loop
      vertex 75.3075 134.753 2
      vertex 75.4295 134.654 30
      vertex 75.3075 134.753 30
    endloop
  endfacet
  facet normal -0.630113 -0.776503 -0
    outer loop
      vertex 75.4295 134.654 30
      vertex 75.3075 134.753 2
      vertex 75.4295 134.654 2
    endloop
  endfacet
  facet normal -0.965702 -0.259652 0
    outer loop
      vertex 73.8743 136.96 2
      vertex 73.8337 137.111 30
      vertex 73.8337 137.111 2
    endloop
  endfacet
  facet normal -0.965702 -0.259652 0
    outer loop
      vertex 73.8337 137.111 30
      vertex 73.8743 136.96 2
      vertex 73.8743 136.96 30
    endloop
  endfacet
  facet normal -0.933852 -0.357659 0
    outer loop
      vertex 74.0277 136.514 2
      vertex 73.9714 136.661 30
      vertex 73.9714 136.661 2
    endloop
  endfacet
  facet normal -0.933852 -0.357659 0
    outer loop
      vertex 73.9714 136.661 30
      vertex 74.0277 136.514 2
      vertex 74.0277 136.514 30
    endloop
  endfacet
  facet normal -0.891093 -0.453821 0
    outer loop
      vertex 74.2267 136.087 2
      vertex 74.1554 136.227 30
      vertex 74.1554 136.227 2
    endloop
  endfacet
  facet normal -0.891093 -0.453821 0
    outer loop
      vertex 74.1554 136.227 30
      vertex 74.2267 136.087 2
      vertex 74.2267 136.087 30
    endloop
  endfacet
  facet normal -0.819829 -0.572609 0
    outer loop
      vertex 74.5594 135.555 2
      vertex 74.4693 135.684 30
      vertex 74.4693 135.684 2
    endloop
  endfacet
  facet normal -0.819829 -0.572609 0
    outer loop
      vertex 74.4693 135.684 30
      vertex 74.5594 135.555 2
      vertex 74.5594 135.555 30
    endloop
  endfacet
  facet normal -0.681501 -0.731817 0
    outer loop
      vertex 75.074 134.963 2
      vertex 75.1889 134.856 30
      vertex 75.074 134.963 30
    endloop
  endfacet
  facet normal -0.681501 -0.731817 -0
    outer loop
      vertex 75.1889 134.856 30
      vertex 75.074 134.963 2
      vertex 75.1889 134.856 2
    endloop
  endfacet
  facet normal -0.753051 -0.657962 0
    outer loop
      vertex 74.8559 135.189 2
      vertex 74.7528 135.307 30
      vertex 74.7528 135.307 2
    endloop
  endfacet
  facet normal -0.753051 -0.657962 0
    outer loop
      vertex 74.7528 135.307 30
      vertex 74.8559 135.189 2
      vertex 74.8559 135.189 30
    endloop
  endfacet
  facet normal 0.819829 -0.572609 0
    outer loop
      vertex 81.8406 135.555 30
      vertex 81.9307 135.684 2
      vertex 81.9307 135.684 30
    endloop
  endfacet
  facet normal 0.819829 -0.572609 0
    outer loop
      vertex 81.9307 135.684 2
      vertex 81.8406 135.555 30
      vertex 81.8406 135.555 2
    endloop
  endfacet
  facet normal 0.779631 -0.62624 0
    outer loop
      vertex 81.6472 135.307 30
      vertex 81.746 135.43 2
      vertex 81.746 135.43 30
    endloop
  endfacet
  facet normal 0.779631 -0.62624 0
    outer loop
      vertex 81.746 135.43 2
      vertex 81.6472 135.307 30
      vertex 81.6472 135.307 2
    endloop
  endfacet
  facet normal 0.753367 -0.6576 0
    outer loop
      vertex 81.5442 135.189 30
      vertex 81.6472 135.307 2
      vertex 81.6472 135.307 30
    endloop
  endfacet
  facet normal 0.753367 -0.6576 0
    outer loop
      vertex 81.6472 135.307 2
      vertex 81.5442 135.189 30
      vertex 81.5442 135.189 2
    endloop
  endfacet
  facet normal 0.731478 -0.681865 0
    outer loop
      vertex 81.437 135.074 30
      vertex 81.5442 135.189 2
      vertex 81.5442 135.189 30
    endloop
  endfacet
  facet normal 0.731478 -0.681865 0
    outer loop
      vertex 81.5442 135.189 2
      vertex 81.437 135.074 30
      vertex 81.437 135.074 2
    endloop
  endfacet
  facet normal -0.999848 -0.0174622 0
    outer loop
      vertex 7.9 5.8 21.5
      vertex 7.89872 5.87329 30
      vertex 7.89872 5.87329 21.5
    endloop
  endfacet
  facet normal -0.999848 -0.0174622 0
    outer loop
      vertex 7.89872 5.87329 30
      vertex 7.9 5.8 21.5
      vertex 7.9 5.8 30
    endloop
  endfacet
  facet normal 0.0174622 -0.999848 0
    outer loop
      vertex 5.72671 7.89872 21.5
      vertex 5.8 7.9 30
      vertex 5.72671 7.89872 30
    endloop
  endfacet
  facet normal 0.0174622 -0.999848 0
    outer loop
      vertex 5.8 7.9 30
      vertex 5.72671 7.89872 21.5
      vertex 5.8 7.9 21.5
    endloop
  endfacet
  facet normal -0.707107 -0.707107 0
    outer loop
      vertex 7.31061 7.25878 21.5
      vertex 7.25878 7.31061 30
      vertex 7.25878 7.31061 21.5
    endloop
  endfacet
  facet normal -0.707107 -0.707107 0
    outer loop
      vertex 7.25878 7.31061 30
      vertex 7.31061 7.25878 21.5
      vertex 7.31061 7.25878 30
    endloop
  endfacet
  facet normal 0.707107 -0.707107 0
    outer loop
      vertex 4.28939 7.25878 21.5
      vertex 4.34122 7.31061 30
      vertex 4.28939 7.25878 30
    endloop
  endfacet
  facet normal 0.707107 -0.707107 0
    outer loop
      vertex 4.34122 7.31061 30
      vertex 4.28939 7.25878 21.5
      vertex 4.34122 7.31061 21.5
    endloop
  endfacet
  facet normal 0.390806 -0.920473 0
    outer loop
      vertex 4.94585 7.71844 21.5
      vertex 5.01333 7.74709 30
      vertex 4.94585 7.71844 30
    endloop
  endfacet
  facet normal 0.390806 -0.920473 0
    outer loop
      vertex 5.01333 7.74709 30
      vertex 4.94585 7.71844 21.5
      vertex 5.01333 7.74709 21.5
    endloop
  endfacet
  facet normal -0.920473 -0.390806 0
    outer loop
      vertex 7.74709 6.58667 21.5
      vertex 7.71844 6.65415 30
      vertex 7.71844 6.65415 21.5
    endloop
  endfacet
  facet normal -0.920473 -0.390806 0
    outer loop
      vertex 7.71844 6.65415 30
      vertex 7.74709 6.58667 21.5
      vertex 7.74709 6.58667 30
    endloop
  endfacet
  facet normal -0.390806 -0.920473 0
    outer loop
      vertex 6.58667 7.74709 21.5
      vertex 6.65415 7.71844 30
      vertex 6.58667 7.74709 30
    endloop
  endfacet
  facet normal -0.390806 -0.920473 -0
    outer loop
      vertex 6.65415 7.71844 30
      vertex 6.58667 7.74709 21.5
      vertex 6.65415 7.71844 21.5
    endloop
  endfacet
  facet normal -0.544648 -0.838665 0
    outer loop
      vertex 6.91283 7.5809 21.5
      vertex 6.9743 7.54098 30
      vertex 6.91283 7.5809 30
    endloop
  endfacet
  facet normal -0.544648 -0.838665 -0
    outer loop
      vertex 6.9743 7.54098 30
      vertex 6.91283 7.5809 21.5
      vertex 6.9743 7.54098 21.5
    endloop
  endfacet
  facet normal 0.93357 -0.358394 0
    outer loop
      vertex 3.82664 6.51824 30
      vertex 3.85291 6.58667 21.5
      vertex 3.85291 6.58667 30
    endloop
  endfacet
  facet normal 0.93357 -0.358394 0
    outer loop
      vertex 3.85291 6.58667 21.5
      vertex 3.82664 6.51824 30
      vertex 3.82664 6.51824 21.5
    endloop
  endfacet
  facet normal 0.190866 -0.981616 0
    outer loop
      vertex 5.36339 7.85411 21.5
      vertex 5.43534 7.8681 30
      vertex 5.36339 7.85411 30
    endloop
  endfacet
  facet normal 0.190866 -0.981616 0
    outer loop
      vertex 5.43534 7.8681 30
      vertex 5.36339 7.85411 21.5
      vertex 5.43534 7.8681 21.5
    endloop
  endfacet
  facet normal -0.981616 -0.190866 0
    outer loop
      vertex 7.8681 6.16466 21.5
      vertex 7.85411 6.23661 30
      vertex 7.85411 6.23661 21.5
    endloop
  endfacet
  facet normal -0.981616 -0.190866 0
    outer loop
      vertex 7.85411 6.23661 30
      vertex 7.8681 6.16466 21.5
      vertex 7.8681 6.16466 30
    endloop
  endfacet
  facet normal -0.838665 -0.544648 0
    outer loop
      vertex 7.5809 6.91283 21.5
      vertex 7.54098 6.9743 30
      vertex 7.54098 6.9743 21.5
    endloop
  endfacet
  facet normal -0.838665 -0.544648 0
    outer loop
      vertex 7.54098 6.9743 30
      vertex 7.5809 6.91283 21.5
      vertex 7.5809 6.91283 30
    endloop
  endfacet
  facet normal -0.874601 -0.484844 0
    outer loop
      vertex 7.65419 6.78589 21.5
      vertex 7.61865 6.85 30
      vertex 7.61865 6.85 21.5
    endloop
  endfacet
  facet normal -0.874601 -0.484844 0
    outer loop
      vertex 7.61865 6.85 30
      vertex 7.65419 6.78589 21.5
      vertex 7.65419 6.78589 30
    endloop
  endfacet
  facet normal -0.190866 -0.981616 0
    outer loop
      vertex 6.16466 7.8681 21.5
      vertex 6.23661 7.85411 30
      vertex 6.16466 7.8681 30
    endloop
  endfacet
  facet normal -0.190866 -0.981616 -0
    outer loop
      vertex 6.23661 7.85411 30
      vertex 6.16466 7.8681 21.5
      vertex 6.23661 7.85411 21.5
    endloop
  endfacet
  facet normal -0.629359 -0.777115 0
    outer loop
      vertex 7.09289 7.45482 21.5
      vertex 7.14985 7.40869 30
      vertex 7.09289 7.45482 30
    endloop
  endfacet
  facet normal -0.629359 -0.777115 -0
    outer loop
      vertex 7.14985 7.40869 30
      vertex 7.09289 7.45482 21.5
      vertex 7.14985 7.40869 21.5
    endloop
  endfacet
  facet normal 0.981616 -0.190866 0
    outer loop
      vertex 3.7319 6.16466 30
      vertex 3.74589 6.23661 21.5
      vertex 3.74589 6.23661 30
    endloop
  endfacet
  facet normal 0.981616 -0.190866 0
    outer loop
      vertex 3.74589 6.23661 21.5
      vertex 3.7319 6.16466 30
      vertex 3.7319 6.16466 21.5
    endloop
  endfacet
  facet normal 0.838665 -0.544648 0
    outer loop
      vertex 4.0191 6.91283 30
      vertex 4.05902 6.9743 21.5
      vertex 4.05902 6.9743 30
    endloop
  endfacet
  facet normal 0.838665 -0.544648 0
    outer loop
      vertex 4.05902 6.9743 21.5
      vertex 4.0191 6.91283 30
      vertex 4.0191 6.91283 21.5
    endloop
  endfacet
  facet normal 0.544586 -0.838705 0
    outer loop
      vertex 4.62569 7.54098 21.5
      vertex 4.68717 7.5809 30
      vertex 4.62569 7.54098 30
    endloop
  endfacet
  facet normal 0.544586 -0.838705 0
    outer loop
      vertex 4.68717 7.5809 30
      vertex 4.62569 7.54098 21.5
      vertex 4.68717 7.5809 21.5
    endloop
  endfacet
  facet normal 0.0870417 -0.996205 0
    outer loop
      vertex 5.58049 7.8885 21.5
      vertex 5.65351 7.89488 30
      vertex 5.58049 7.8885 30
    endloop
  endfacet
  facet normal 0.0870417 -0.996205 0
    outer loop
      vertex 5.65351 7.89488 30
      vertex 5.58049 7.8885 21.5
      vertex 5.65351 7.89488 21.5
    endloop
  endfacet
  facet normal -0.454022 0.890991 0
    outer loop
      vertex 6.78589 3.94581 21.5
      vertex 6.72058 3.91253 30
      vertex 6.78589 3.94581 30
    endloop
  endfacet
  facet normal -0.454022 0.890991 0
    outer loop
      vertex 6.72058 3.91253 30
      vertex 6.78589 3.94581 21.5
      vertex 6.72058 3.91253 21.5
    endloop
  endfacet
  facet normal 0.601875 0.79859 -0
    outer loop
      vertex 4.56565 4.10106 21.5
      vertex 4.50711 4.14518 30
      vertex 4.56565 4.10106 30
    endloop
  endfacet
  facet normal 0.601875 0.79859 0
    outer loop
      vertex 4.50711 4.14518 30
      vertex 4.56565 4.10106 21.5
      vertex 4.50711 4.14518 21.5
    endloop
  endfacet
  facet normal 0.39069 0.920522 -0
    outer loop
      vertex 5.01333 3.85291 21.5
      vertex 4.94585 3.88155 30
      vertex 5.01333 3.85291 30
    endloop
  endfacet
  facet normal 0.39069 0.920522 0
    outer loop
      vertex 4.94585 3.88155 30
      vertex 5.01333 3.85291 21.5
      vertex 4.94585 3.88155 21.5
    endloop
  endfacet
  facet normal 0.85718 0.515017 0
    outer loop
      vertex 4.0191 4.68717 30
      vertex 3.98135 4.75 21.5
      vertex 3.98135 4.75 30
    endloop
  endfacet
  facet normal 0.85718 0.515017 0
    outer loop
      vertex 3.98135 4.75 21.5
      vertex 4.0191 4.68717 30
      vertex 4.0191 4.68717 21.5
    endloop
  endfacet
  facet normal 0.93357 0.358394 0
    outer loop
      vertex 3.85291 5.01333 30
      vertex 3.82664 5.08176 21.5
      vertex 3.82664 5.08176 30
    endloop
  endfacet
  facet normal 0.93357 0.358394 0
    outer loop
      vertex 3.82664 5.08176 21.5
      vertex 3.85291 5.01333 30
      vertex 3.85291 5.01333 21.5
    endloop
  endfacet
  facet normal -0.996205 -0.0870417 0
    outer loop
      vertex 7.89488 5.94649 21.5
      vertex 7.8885 6.01951 30
      vertex 7.8885 6.01951 21.5
    endloop
  endfacet
  facet normal -0.996205 -0.0870417 0
    outer loop
      vertex 7.8885 6.01951 30
      vertex 7.89488 5.94649 21.5
      vertex 7.89488 5.94649 30
    endloop
  endfacet
  facet normal -0.998627 -0.052387 0
    outer loop
      vertex 7.89872 5.87329 21.5
      vertex 7.89488 5.94649 30
      vertex 7.89488 5.94649 21.5
    endloop
  endfacet
  facet normal -0.998627 -0.052387 0
    outer loop
      vertex 7.89488 5.94649 30
      vertex 7.89872 5.87329 21.5
      vertex 7.89872 5.87329 30
    endloop
  endfacet
  facet normal -0.992534 -0.121969 0
    outer loop
      vertex 7.8885 6.01951 21.5
      vertex 7.87956 6.09226 30
      vertex 7.87956 6.09226 21.5
    endloop
  endfacet
  facet normal -0.992534 -0.121969 0
    outer loop
      vertex 7.87956 6.09226 30
      vertex 7.8885 6.01951 21.5
      vertex 7.8885 6.01951 30
    endloop
  endfacet
  facet normal -0.956311 -0.29235 0
    outer loop
      vertex 7.81865 6.37884 21.5
      vertex 7.79722 6.44894 30
      vertex 7.79722 6.44894 21.5
    endloop
  endfacet
  facet normal -0.956311 -0.29235 0
    outer loop
      vertex 7.79722 6.44894 30
      vertex 7.81865 6.37884 21.5
      vertex 7.81865 6.37884 30
    endloop
  endfacet
  facet normal -0.974373 -0.224939 0
    outer loop
      vertex 7.85411 6.23661 21.5
      vertex 7.83762 6.30804 30
      vertex 7.83762 6.30804 21.5
    endloop
  endfacet
  facet normal -0.974373 -0.224939 0
    outer loop
      vertex 7.83762 6.30804 30
      vertex 7.85411 6.23661 21.5
      vertex 7.85411 6.23661 30
    endloop
  endfacet
  facet normal -0.777115 -0.629359 0
    outer loop
      vertex 7.45482 7.09289 21.5
      vertex 7.40869 7.14985 30
      vertex 7.40869 7.14985 21.5
    endloop
  endfacet
  facet normal -0.777115 -0.629359 0
    outer loop
      vertex 7.40869 7.14985 30
      vertex 7.45482 7.09289 21.5
      vertex 7.45482 7.09289 30
    endloop
  endfacet
  facet normal -0.798656 -0.601788 0
    outer loop
      vertex 7.49893 7.03435 21.5
      vertex 7.45482 7.09289 30
      vertex 7.45482 7.09289 21.5
    endloop
  endfacet
  facet normal -0.798656 -0.601788 0
    outer loop
      vertex 7.45482 7.09289 30
      vertex 7.49893 7.03435 21.5
      vertex 7.49893 7.03435 30
    endloop
  endfacet
  facet normal -0.85718 -0.515017 0
    outer loop
      vertex 7.61865 6.85 21.5
      vertex 7.5809 6.91283 30
      vertex 7.5809 6.91283 21.5
    endloop
  endfacet
  facet normal -0.85718 -0.515017 0
    outer loop
      vertex 7.5809 6.91283 30
      vertex 7.61865 6.85 21.5
      vertex 7.61865 6.85 30
    endloop
  endfacet
  facet normal -0.906343 -0.422542 0
    outer loop
      vertex 7.71844 6.65415 21.5
      vertex 7.68747 6.72058 30
      vertex 7.68747 6.72058 21.5
    endloop
  endfacet
  facet normal -0.906343 -0.422542 0
    outer loop
      vertex 7.68747 6.72058 30
      vertex 7.71844 6.65415 21.5
      vertex 7.71844 6.65415 30
    endloop
  endfacet
  facet normal -0.121969 -0.992534 0
    outer loop
      vertex 6.01951 7.8885 21.5
      vertex 6.09226 7.87956 30
      vertex 6.01951 7.8885 30
    endloop
  endfacet
  facet normal -0.121969 -0.992534 -0
    outer loop
      vertex 6.09226 7.87956 30
      vertex 6.01951 7.8885 21.5
      vertex 6.09226 7.87956 21.5
    endloop
  endfacet
  facet normal -0.29235 -0.956311 0
    outer loop
      vertex 6.37884 7.81865 21.5
      vertex 6.44894 7.79722 30
      vertex 6.37884 7.81865 30
    endloop
  endfacet
  facet normal -0.29235 -0.956311 -0
    outer loop
      vertex 6.44894 7.79722 30
      vertex 6.37884 7.81865 21.5
      vertex 6.44894 7.79722 21.5
    endloop
  endfacet
  facet normal -0.156341 -0.987703 0
    outer loop
      vertex 6.09226 7.87956 21.5
      vertex 6.16466 7.8681 30
      vertex 6.09226 7.87956 30
    endloop
  endfacet
  facet normal -0.156341 -0.987703 -0
    outer loop
      vertex 6.16466 7.8681 30
      vertex 6.09226 7.87956 21.5
      vertex 6.16466 7.8681 21.5
    endloop
  endfacet
  facet normal -0.484844 -0.874601 0
    outer loop
      vertex 6.78589 7.65419 21.5
      vertex 6.85 7.61865 30
      vertex 6.78589 7.65419 30
    endloop
  endfacet
  facet normal -0.484844 -0.874601 -0
    outer loop
      vertex 6.85 7.61865 30
      vertex 6.78589 7.65419 21.5
      vertex 6.85 7.61865 21.5
    endloop
  endfacet
  facet normal -0.515017 -0.85718 0
    outer loop
      vertex 6.85 7.61865 21.5
      vertex 6.91283 7.5809 30
      vertex 6.85 7.61865 30
    endloop
  endfacet
  facet normal -0.515017 -0.85718 -0
    outer loop
      vertex 6.91283 7.5809 30
      vertex 6.85 7.61865 21.5
      vertex 6.91283 7.5809 21.5
    endloop
  endfacet
  facet normal -0.422542 -0.906343 0
    outer loop
      vertex 6.65415 7.71844 21.5
      vertex 6.72058 7.68747 30
      vertex 6.65415 7.71844 30
    endloop
  endfacet
  facet normal -0.422542 -0.906343 -0
    outer loop
      vertex 6.72058 7.68747 30
      vertex 6.65415 7.71844 21.5
      vertex 6.72058 7.68747 21.5
    endloop
  endfacet
  facet normal -0.5736 -0.819136 0
    outer loop
      vertex 6.9743 7.54098 21.5
      vertex 7.03435 7.49893 30
      vertex 6.9743 7.54098 30
    endloop
  endfacet
  facet normal -0.5736 -0.819136 -0
    outer loop
      vertex 7.03435 7.49893 30
      vertex 6.9743 7.54098 21.5
      vertex 7.03435 7.49893 21.5
    endloop
  endfacet
  facet normal -0.656067 -0.754702 0
    outer loop
      vertex 7.14985 7.40869 21.5
      vertex 7.20517 7.3606 30
      vertex 7.14985 7.40869 30
    endloop
  endfacet
  facet normal -0.656067 -0.754702 -0
    outer loop
      vertex 7.20517 7.3606 30
      vertex 7.14985 7.40869 21.5
      vertex 7.20517 7.3606 21.5
    endloop
  endfacet
  facet normal 0.996205 -0.0870417 0
    outer loop
      vertex 3.70512 5.94649 30
      vertex 3.7115 6.01951 21.5
      vertex 3.7115 6.01951 30
    endloop
  endfacet
  facet normal 0.996205 -0.0870417 0
    outer loop
      vertex 3.7115 6.01951 21.5
      vertex 3.70512 5.94649 30
      vertex 3.70512 5.94649 21.5
    endloop
  endfacet
  facet normal 0.777115 -0.629359 0
    outer loop
      vertex 4.14518 7.09289 30
      vertex 4.19131 7.14985 21.5
      vertex 4.19131 7.14985 30
    endloop
  endfacet
  facet normal 0.777115 -0.629359 0
    outer loop
      vertex 4.19131 7.14985 21.5
      vertex 4.14518 7.09289 30
      vertex 4.14518 7.09289 21.5
    endloop
  endfacet
  facet normal 0.79859 -0.601875 0
    outer loop
      vertex 4.10106 7.03435 30
      vertex 4.14518 7.09289 21.5
      vertex 4.14518 7.09289 30
    endloop
  endfacet
  facet normal 0.79859 -0.601875 0
    outer loop
      vertex 4.14518 7.09289 21.5
      vertex 4.10106 7.03435 30
      vertex 4.10106 7.03435 21.5
    endloop
  endfacet
  facet normal 0.890991 -0.454022 0
    outer loop
      vertex 3.91253 6.72058 30
      vertex 3.94581 6.78589 21.5
      vertex 3.94581 6.78589 30
    endloop
  endfacet
  facet normal 0.890991 -0.454022 0
    outer loop
      vertex 3.94581 6.78589 21.5
      vertex 3.91253 6.72058 30
      vertex 3.91253 6.72058 21.5
    endloop
  endfacet
  facet normal 0.906291 -0.422654 0
    outer loop
      vertex 3.88155 6.65415 30
      vertex 3.91253 6.72058 21.5
      vertex 3.91253 6.72058 30
    endloop
  endfacet
  facet normal 0.906291 -0.422654 0
    outer loop
      vertex 3.91253 6.72058 21.5
      vertex 3.88155 6.65415 30
      vertex 3.88155 6.65415 21.5
    endloop
  endfacet
  facet normal 0.874601 -0.484844 0
    outer loop
      vertex 3.94581 6.78589 30
      vertex 3.98135 6.85 21.5
      vertex 3.98135 6.85 30
    endloop
  endfacet
  facet normal 0.874601 -0.484844 0
    outer loop
      vertex 3.98135 6.85 21.5
      vertex 3.94581 6.78589 30
      vertex 3.94581 6.78589 21.5
    endloop
  endfacet
  facet normal 0.965929 -0.258809 0
    outer loop
      vertex 3.76238 6.30804 30
      vertex 3.78135 6.37884 21.5
      vertex 3.78135 6.37884 30
    endloop
  endfacet
  facet normal 0.965929 -0.258809 0
    outer loop
      vertex 3.78135 6.37884 21.5
      vertex 3.76238 6.30804 30
      vertex 3.76238 6.30804 21.5
    endloop
  endfacet
  facet normal 0.945527 -0.325545 0
    outer loop
      vertex 3.80278 6.44894 30
      vertex 3.82664 6.51824 21.5
      vertex 3.82664 6.51824 30
    endloop
  endfacet
  facet normal 0.945527 -0.325545 0
    outer loop
      vertex 3.82664 6.51824 21.5
      vertex 3.80278 6.44894 30
      vertex 3.80278 6.44894 21.5
    endloop
  endfacet
  facet normal 0.974373 -0.224939 0
    outer loop
      vertex 3.74589 6.23661 30
      vertex 3.76238 6.30804 21.5
      vertex 3.76238 6.30804 30
    endloop
  endfacet
  facet normal 0.974373 -0.224939 0
    outer loop
      vertex 3.76238 6.30804 21.5
      vertex 3.74589 6.23661 30
      vertex 3.74589 6.23661 21.5
    endloop
  endfacet
  facet normal 0.998627 -0.052387 0
    outer loop
      vertex 3.70128 5.87329 30
      vertex 3.70512 5.94649 21.5
      vertex 3.70512 5.94649 30
    endloop
  endfacet
  facet normal 0.998627 -0.052387 0
    outer loop
      vertex 3.70512 5.94649 21.5
      vertex 3.70128 5.87329 30
      vertex 3.70128 5.87329 21.5
    endloop
  endfacet
  facet normal 0.629359 -0.777115 0
    outer loop
      vertex 4.45015 7.40869 21.5
      vertex 4.50711 7.45482 30
      vertex 4.45015 7.40869 30
    endloop
  endfacet
  facet normal 0.629359 -0.777115 0
    outer loop
      vertex 4.50711 7.45482 30
      vertex 4.45015 7.40869 21.5
      vertex 4.50711 7.45482 21.5
    endloop
  endfacet
  facet normal 0.484844 -0.874601 0
    outer loop
      vertex 4.75 7.61865 21.5
      vertex 4.81411 7.65419 30
      vertex 4.75 7.61865 30
    endloop
  endfacet
  facet normal 0.484844 -0.874601 0
    outer loop
      vertex 4.81411 7.65419 30
      vertex 4.75 7.61865 21.5
      vertex 4.81411 7.65419 21.5
    endloop
  endfacet
  facet normal 0.515017 -0.85718 0
    outer loop
      vertex 4.68717 7.5809 21.5
      vertex 4.75 7.61865 30
      vertex 4.68717 7.5809 30
    endloop
  endfacet
  facet normal 0.515017 -0.85718 0
    outer loop
      vertex 4.75 7.61865 30
      vertex 4.68717 7.5809 21.5
      vertex 4.75 7.61865 21.5
    endloop
  endfacet
  facet normal 0.656 -0.754761 0
    outer loop
      vertex 4.39482 7.3606 21.5
      vertex 4.45015 7.40869 30
      vertex 4.39482 7.3606 30
    endloop
  endfacet
  facet normal 0.656 -0.754761 0
    outer loop
      vertex 4.45015 7.40869 30
      vertex 4.39482 7.3606 21.5
      vertex 4.45015 7.40869 21.5
    endloop
  endfacet
  facet normal 0.29235 -0.956311 0
    outer loop
      vertex 5.15106 7.79722 21.5
      vertex 5.22116 7.81865 30
      vertex 5.15106 7.79722 30
    endloop
  endfacet
  facet normal 0.29235 -0.956311 0
    outer loop
      vertex 5.22116 7.81865 30
      vertex 5.15106 7.79722 21.5
      vertex 5.22116 7.81865 21.5
    endloop
  endfacet
  facet normal 0.121969 -0.992534 0
    outer loop
      vertex 5.50774 7.87956 21.5
      vertex 5.58049 7.8885 30
      vertex 5.50774 7.87956 30
    endloop
  endfacet
  facet normal 0.121969 -0.992534 0
    outer loop
      vertex 5.58049 7.8885 30
      vertex 5.50774 7.87956 21.5
      vertex 5.58049 7.8885 21.5
    endloop
  endfacet
  facet normal 0.052387 -0.998627 0
    outer loop
      vertex 5.65351 7.89488 21.5
      vertex 5.72671 7.89872 30
      vertex 5.65351 7.89488 30
    endloop
  endfacet
  facet normal 0.052387 -0.998627 0
    outer loop
      vertex 5.72671 7.89872 30
      vertex 5.65351 7.89488 21.5
      vertex 5.72671 7.89872 21.5
    endloop
  endfacet
  facet normal -0.156341 0.987703 0
    outer loop
      vertex 6.16466 3.7319 21.5
      vertex 6.09226 3.72044 30
      vertex 6.16466 3.7319 30
    endloop
  endfacet
  facet normal -0.156341 0.987703 0
    outer loop
      vertex 6.09226 3.72044 30
      vertex 6.16466 3.7319 21.5
      vertex 6.09226 3.72044 21.5
    endloop
  endfacet
  facet normal -0.325545 0.945527 0
    outer loop
      vertex 6.51824 3.82664 21.5
      vertex 6.44894 3.80278 30
      vertex 6.51824 3.82664 30
    endloop
  endfacet
  facet normal -0.325545 0.945527 0
    outer loop
      vertex 6.44894 3.80278 30
      vertex 6.51824 3.82664 21.5
      vertex 6.44894 3.80278 21.5
    endloop
  endfacet
  facet normal -0.224939 0.974373 0
    outer loop
      vertex 6.30804 3.76238 21.5
      vertex 6.23661 3.74589 30
      vertex 6.30804 3.76238 30
    endloop
  endfacet
  facet normal -0.224939 0.974373 0
    outer loop
      vertex 6.23661 3.74589 30
      vertex 6.30804 3.76238 21.5
      vertex 6.23661 3.74589 21.5
    endloop
  endfacet
  facet normal -0.656067 0.754702 0
    outer loop
      vertex 7.20517 4.2394 21.5
      vertex 7.14985 4.19131 30
      vertex 7.20517 4.2394 30
    endloop
  endfacet
  facet normal -0.656067 0.754702 0
    outer loop
      vertex 7.14985 4.19131 30
      vertex 7.20517 4.2394 21.5
      vertex 7.14985 4.19131 21.5
    endloop
  endfacet
  facet normal -0.681983 0.731368 0
    outer loop
      vertex 7.25878 4.28939 21.5
      vertex 7.20517 4.2394 30
      vertex 7.25878 4.28939 30
    endloop
  endfacet
  facet normal -0.681983 0.731368 0
    outer loop
      vertex 7.20517 4.2394 30
      vertex 7.25878 4.28939 21.5
      vertex 7.20517 4.2394 21.5
    endloop
  endfacet
  facet normal -0.515017 0.85718 0
    outer loop
      vertex 6.91283 4.0191 21.5
      vertex 6.85 3.98135 30
      vertex 6.91283 4.0191 30
    endloop
  endfacet
  facet normal -0.515017 0.85718 0
    outer loop
      vertex 6.85 3.98135 30
      vertex 6.91283 4.0191 21.5
      vertex 6.85 3.98135 21.5
    endloop
  endfacet
  facet normal -0.544648 0.838665 0
    outer loop
      vertex 6.9743 4.05902 21.5
      vertex 6.91283 4.0191 30
      vertex 6.9743 4.05902 30
    endloop
  endfacet
  facet normal -0.544648 0.838665 0
    outer loop
      vertex 6.91283 4.0191 30
      vertex 6.9743 4.05902 21.5
      vertex 6.91283 4.0191 21.5
    endloop
  endfacet
  facet normal -0.422654 0.906291 0
    outer loop
      vertex 6.72058 3.91253 21.5
      vertex 6.65415 3.88155 30
      vertex 6.72058 3.91253 30
    endloop
  endfacet
  facet normal -0.422654 0.906291 0
    outer loop
      vertex 6.65415 3.88155 30
      vertex 6.72058 3.91253 21.5
      vertex 6.65415 3.88155 21.5
    endloop
  endfacet
  facet normal -0.819091 0.573664 0
    outer loop
      vertex 7.49893 4.56565 21.5
      vertex 7.54098 4.62569 30
      vertex 7.54098 4.62569 21.5
    endloop
  endfacet
  facet normal -0.819091 0.573664 0
    outer loop
      vertex 7.54098 4.62569 30
      vertex 7.49893 4.56565 21.5
      vertex 7.49893 4.56565 30
    endloop
  endfacet
  facet normal -0.920473 0.390806 0
    outer loop
      vertex 7.71844 4.94585 21.5
      vertex 7.74709 5.01333 30
      vertex 7.74709 5.01333 21.5
    endloop
  endfacet
  facet normal -0.920473 0.390806 0
    outer loop
      vertex 7.74709 5.01333 30
      vertex 7.71844 4.94585 21.5
      vertex 7.71844 4.94585 30
    endloop
  endfacet
  facet normal -0.874601 0.484844 0
    outer loop
      vertex 7.61865 4.75 21.5
      vertex 7.65419 4.81411 30
      vertex 7.65419 4.81411 21.5
    endloop
  endfacet
  facet normal -0.874601 0.484844 0
    outer loop
      vertex 7.65419 4.81411 30
      vertex 7.61865 4.75 21.5
      vertex 7.61865 4.75 30
    endloop
  endfacet
  facet normal -0.945485 0.325667 0
    outer loop
      vertex 7.77335 5.08176 21.5
      vertex 7.79722 5.15106 30
      vertex 7.79722 5.15106 21.5
    endloop
  endfacet
  facet normal -0.945485 0.325667 0
    outer loop
      vertex 7.79722 5.15106 30
      vertex 7.77335 5.08176 21.5
      vertex 7.77335 5.08176 30
    endloop
  endfacet
  facet normal -0.974373 0.224939 0
    outer loop
      vertex 7.83762 5.29196 21.5
      vertex 7.85411 5.36339 30
      vertex 7.85411 5.36339 21.5
    endloop
  endfacet
  facet normal -0.974373 0.224939 0
    outer loop
      vertex 7.85411 5.36339 30
      vertex 7.83762 5.29196 21.5
      vertex 7.83762 5.29196 30
    endloop
  endfacet
  facet normal 0.656 0.754761 -0
    outer loop
      vertex 4.45015 4.19131 21.5
      vertex 4.39482 4.2394 30
      vertex 4.45015 4.19131 30
    endloop
  endfacet
  facet normal 0.656 0.754761 0
    outer loop
      vertex 4.39482 4.2394 30
      vertex 4.45015 4.19131 21.5
      vertex 4.39482 4.2394 21.5
    endloop
  endfacet
  facet normal 0.422654 0.906291 -0
    outer loop
      vertex 4.94585 3.88155 21.5
      vertex 4.87942 3.91253 30
      vertex 4.94585 3.88155 30
    endloop
  endfacet
  facet normal 0.422654 0.906291 0
    outer loop
      vertex 4.87942 3.91253 30
      vertex 4.94585 3.88155 21.5
      vertex 4.87942 3.91253 21.5
    endloop
  endfacet
  facet normal 0.325545 0.945527 -0
    outer loop
      vertex 5.15106 3.80278 21.5
      vertex 5.08176 3.82664 30
      vertex 5.15106 3.80278 30
    endloop
  endfacet
  facet normal 0.325545 0.945527 0
    outer loop
      vertex 5.08176 3.82664 30
      vertex 5.15106 3.80278 21.5
      vertex 5.08176 3.82664 21.5
    endloop
  endfacet
  facet normal 0.29235 0.956311 -0
    outer loop
      vertex 5.22116 3.78135 21.5
      vertex 5.15106 3.80278 30
      vertex 5.22116 3.78135 30
    endloop
  endfacet
  facet normal 0.29235 0.956311 0
    outer loop
      vertex 5.15106 3.80278 30
      vertex 5.22116 3.78135 21.5
      vertex 5.15106 3.80278 21.5
    endloop
  endfacet
  facet normal 0.258809 0.965929 -0
    outer loop
      vertex 5.29196 3.76238 21.5
      vertex 5.22116 3.78135 30
      vertex 5.29196 3.76238 30
    endloop
  endfacet
  facet normal 0.258809 0.965929 0
    outer loop
      vertex 5.22116 3.78135 30
      vertex 5.29196 3.76238 21.5
      vertex 5.22116 3.78135 21.5
    endloop
  endfacet
  facet normal 0.0870417 0.996205 -0
    outer loop
      vertex 5.65351 3.70512 21.5
      vertex 5.58049 3.7115 30
      vertex 5.65351 3.70512 30
    endloop
  endfacet
  facet normal 0.0870417 0.996205 0
    outer loop
      vertex 5.58049 3.7115 30
      vertex 5.65351 3.70512 21.5
      vertex 5.58049 3.7115 21.5
    endloop
  endfacet
  facet normal 0.052387 0.998627 -0
    outer loop
      vertex 5.72671 3.70128 21.5
      vertex 5.65351 3.70512 30
      vertex 5.72671 3.70128 30
    endloop
  endfacet
  facet normal 0.052387 0.998627 0
    outer loop
      vertex 5.65351 3.70512 30
      vertex 5.72671 3.70128 21.5
      vertex 5.65351 3.70512 21.5
    endloop
  endfacet
  facet normal 0.874601 0.484844 0
    outer loop
      vertex 3.98135 4.75 30
      vertex 3.94581 4.81411 21.5
      vertex 3.94581 4.81411 30
    endloop
  endfacet
  facet normal 0.874601 0.484844 0
    outer loop
      vertex 3.94581 4.81411 21.5
      vertex 3.98135 4.75 30
      vertex 3.98135 4.75 21.5
    endloop
  endfacet
  facet normal 0.79859 0.601875 0
    outer loop
      vertex 4.14518 4.50711 30
      vertex 4.10106 4.56565 21.5
      vertex 4.10106 4.56565 30
    endloop
  endfacet
  facet normal 0.79859 0.601875 0
    outer loop
      vertex 4.10106 4.56565 21.5
      vertex 4.14518 4.50711 30
      vertex 4.14518 4.50711 21.5
    endloop
  endfacet
  facet normal 0.731305 0.682051 0
    outer loop
      vertex 4.28939 4.34122 30
      vertex 4.2394 4.39482 21.5
      vertex 4.2394 4.39482 30
    endloop
  endfacet
  facet normal 0.731305 0.682051 0
    outer loop
      vertex 4.2394 4.39482 21.5
      vertex 4.28939 4.34122 30
      vertex 4.28939 4.34122 21.5
    endloop
  endfacet
  facet normal 0.956311 0.29235 0
    outer loop
      vertex 3.80278 5.15106 30
      vertex 3.78135 5.22116 21.5
      vertex 3.78135 5.22116 30
    endloop
  endfacet
  facet normal 0.956311 0.29235 0
    outer loop
      vertex 3.78135 5.22116 21.5
      vertex 3.80278 5.15106 30
      vertex 3.80278 5.15106 21.5
    endloop
  endfacet
  facet normal 0.945527 0.325545 0
    outer loop
      vertex 3.82664 5.08176 30
      vertex 3.80278 5.15106 21.5
      vertex 3.80278 5.15106 30
    endloop
  endfacet
  facet normal 0.945527 0.325545 0
    outer loop
      vertex 3.80278 5.15106 21.5
      vertex 3.82664 5.08176 30
      vertex 3.82664 5.08176 21.5
    endloop
  endfacet
  facet normal 0.987703 0.156341 0
    outer loop
      vertex 3.7319 5.43534 30
      vertex 3.72044 5.50774 21.5
      vertex 3.72044 5.50774 30
    endloop
  endfacet
  facet normal 0.987703 0.156341 0
    outer loop
      vertex 3.72044 5.50774 21.5
      vertex 3.7319 5.43534 30
      vertex 3.7319 5.43534 21.5
    endloop
  endfacet
  facet normal 0.981616 0.190866 0
    outer loop
      vertex 3.74589 5.36339 30
      vertex 3.7319 5.43534 21.5
      vertex 3.7319 5.43534 30
    endloop
  endfacet
  facet normal 0.981616 0.190866 0
    outer loop
      vertex 3.7319 5.43534 21.5
      vertex 3.74589 5.36339 30
      vertex 3.74589 5.36339 21.5
    endloop
  endfacet
  facet normal -0.945485 -0.325667 0
    outer loop
      vertex 7.79722 6.44894 21.5
      vertex 7.77335 6.51824 30
      vertex 7.77335 6.51824 21.5
    endloop
  endfacet
  facet normal -0.945485 -0.325667 0
    outer loop
      vertex 7.77335 6.51824 30
      vertex 7.79722 6.44894 21.5
      vertex 7.79722 6.44894 30
    endloop
  endfacet
  facet normal -0.933616 -0.358275 0
    outer loop
      vertex 7.77335 6.51824 21.5
      vertex 7.74709 6.58667 30
      vertex 7.74709 6.58667 21.5
    endloop
  endfacet
  facet normal -0.933616 -0.358275 0
    outer loop
      vertex 7.74709 6.58667 30
      vertex 7.77335 6.51824 21.5
      vertex 7.77335 6.51824 30
    endloop
  endfacet
  facet normal -0.731368 -0.681983 0
    outer loop
      vertex 7.3606 7.20517 21.5
      vertex 7.31061 7.25878 30
      vertex 7.31061 7.25878 21.5
    endloop
  endfacet
  facet normal -0.731368 -0.681983 0
    outer loop
      vertex 7.31061 7.25878 30
      vertex 7.3606 7.20517 21.5
      vertex 7.3606 7.20517 30
    endloop
  endfacet
  facet normal -0.890991 -0.454022 0
    outer loop
      vertex 7.68747 6.72058 21.5
      vertex 7.65419 6.78589 30
      vertex 7.65419 6.78589 21.5
    endloop
  endfacet
  facet normal -0.890991 -0.454022 0
    outer loop
      vertex 7.65419 6.78589 30
      vertex 7.68747 6.72058 21.5
      vertex 7.68747 6.72058 30
    endloop
  endfacet
  facet normal -0.325667 -0.945485 0
    outer loop
      vertex 6.44894 7.79722 21.5
      vertex 6.51824 7.77335 30
      vertex 6.44894 7.79722 30
    endloop
  endfacet
  facet normal -0.325667 -0.945485 -0
    outer loop
      vertex 6.51824 7.77335 30
      vertex 6.44894 7.79722 21.5
      vertex 6.51824 7.77335 21.5
    endloop
  endfacet
  facet normal -0.358275 -0.933616 0
    outer loop
      vertex 6.51824 7.77335 21.5
      vertex 6.58667 7.74709 30
      vertex 6.51824 7.77335 30
    endloop
  endfacet
  facet normal -0.358275 -0.933616 -0
    outer loop
      vertex 6.58667 7.74709 30
      vertex 6.51824 7.77335 21.5
      vertex 6.58667 7.74709 21.5
    endloop
  endfacet
  facet normal -0.258809 -0.965929 0
    outer loop
      vertex 6.30804 7.83762 21.5
      vertex 6.37884 7.81865 30
      vertex 6.30804 7.83762 30
    endloop
  endfacet
  facet normal -0.258809 -0.965929 -0
    outer loop
      vertex 6.37884 7.81865 30
      vertex 6.30804 7.83762 21.5
      vertex 6.37884 7.81865 21.5
    endloop
  endfacet
  facet normal -0.224939 -0.974373 0
    outer loop
      vertex 6.23661 7.85411 21.5
      vertex 6.30804 7.83762 30
      vertex 6.23661 7.85411 30
    endloop
  endfacet
  facet normal -0.224939 -0.974373 -0
    outer loop
      vertex 6.30804 7.83762 30
      vertex 6.23661 7.85411 21.5
      vertex 6.30804 7.83762 21.5
    endloop
  endfacet
  facet normal -0.0870417 -0.996205 0
    outer loop
      vertex 5.94649 7.89488 21.5
      vertex 6.01951 7.8885 30
      vertex 5.94649 7.89488 30
    endloop
  endfacet
  facet normal -0.0870417 -0.996205 -0
    outer loop
      vertex 6.01951 7.8885 30
      vertex 5.94649 7.89488 21.5
      vertex 6.01951 7.8885 21.5
    endloop
  endfacet
  facet normal -0.052387 -0.998627 0
    outer loop
      vertex 5.87329 7.89872 21.5
      vertex 5.94649 7.89488 30
      vertex 5.87329 7.89872 30
    endloop
  endfacet
  facet normal -0.052387 -0.998627 -0
    outer loop
      vertex 5.94649 7.89488 30
      vertex 5.87329 7.89872 21.5
      vertex 5.94649 7.89488 21.5
    endloop
  endfacet
  facet normal -0.0174622 -0.999848 0
    outer loop
      vertex 5.8 7.9 21.5
      vertex 5.87329 7.89872 30
      vertex 5.8 7.9 30
    endloop
  endfacet
  facet normal -0.0174622 -0.999848 -0
    outer loop
      vertex 5.87329 7.89872 30
      vertex 5.8 7.9 21.5
      vertex 5.87329 7.89872 21.5
    endloop
  endfacet
  facet normal -0.454022 -0.890991 0
    outer loop
      vertex 6.72058 7.68747 21.5
      vertex 6.78589 7.65419 30
      vertex 6.72058 7.68747 30
    endloop
  endfacet
  facet normal -0.454022 -0.890991 -0
    outer loop
      vertex 6.78589 7.65419 30
      vertex 6.72058 7.68747 21.5
      vertex 6.78589 7.65419 21.5
    endloop
  endfacet
  facet normal -0.601788 -0.798656 0
    outer loop
      vertex 7.03435 7.49893 21.5
      vertex 7.09289 7.45482 30
      vertex 7.03435 7.49893 30
    endloop
  endfacet
  facet normal -0.601788 -0.798656 -0
    outer loop
      vertex 7.09289 7.45482 30
      vertex 7.03435 7.49893 21.5
      vertex 7.09289 7.45482 21.5
    endloop
  endfacet
  facet normal -0.681983 -0.731368 0
    outer loop
      vertex 7.20517 7.3606 21.5
      vertex 7.25878 7.31061 30
      vertex 7.20517 7.3606 30
    endloop
  endfacet
  facet normal -0.681983 -0.731368 -0
    outer loop
      vertex 7.25878 7.31061 30
      vertex 7.20517 7.3606 21.5
      vertex 7.25878 7.31061 21.5
    endloop
  endfacet
  facet normal 0 0 1
    outer loop
      vertex 7.89872 5.87329 21.5
      vertex 7.89872 5.72671 21.5
      vertex 7.9 5.8 21.5
    endloop
  endfacet
  facet normal 0 0 1
    outer loop
      vertex 7.89488 5.94649 21.5
      vertex 7.89872 5.72671 21.5
      vertex 7.89872 5.87329 21.5
    endloop
  endfacet
  facet normal 0 0 1
    outer loop
      vertex 7.89488 5.94649 21.5
      vertex 7.89488 5.65351 21.5
      vertex 7.89872 5.72671 21.5
    endloop
  endfacet
  facet normal 0 0 1
    outer loop
      vertex 7.8885 6.01951 21.5
      vertex 7.89488 5.65351 21.5
      vertex 7.89488 5.94649 21.5
    endloop
  endfacet
  facet normal 0 0 1
    outer loop
      vertex 7.8885 6.01951 21.5
      vertex 7.8885 5.58049 21.5
      vertex 7.89488 5.65351 21.5
    endloop
  endfacet
  facet normal 0 0 1
    outer loop
      vertex 7.87956 6.09226 21.5
      vertex 7.8885 5.58049 21.5
      vertex 7.8885 6.01951 21.5
    endloop
  endfacet
  facet normal 0 0 1
    outer loop
      vertex 7.87956 6.09226 21.5
      vertex 7.87956 5.50774 21.5
      vertex 7.8885 5.58049 21.5
    endloop
  endfacet
  facet normal 0 0 1
    outer loop
      vertex 7.8681 6.16466 21.5
      vertex 7.87956 5.50774 21.5
      vertex 7.87956 6.09226 21.5
    endloop
  endfacet
  facet normal 0 0 1
    outer loop
      vertex 7.8681 6.16466 21.5
      vertex 7.8681 5.43534 21.5
      vertex 7.87956 5.50774 21.5
    endloop
  endfacet
  facet normal 0 0 1
    outer loop
      vertex 7.85411 6.23661 21.5
      vertex 7.8681 5.43534 21.5
      vertex 7.8681 6.16466 21.5
    endloop
  endfacet
  facet normal 0 0 1
    outer loop
      vertex 7.85411 6.23661 21.5
      vertex 7.85411 5.36339 21.5
      vertex 7.8681 5.43534 21.5
    endloop
  endfacet
  facet normal 0 0 1
    outer loop
      vertex 7.83762 6.30804 21.5
      vertex 7.85411 5.36339 21.5
      vertex 7.85411 6.23661 21.5
    endloop
  endfacet
  facet normal 0 0 1
    outer loop
      vertex 7.83762 6.30804 21.5
      vertex 7.83762 5.29196 21.5
      vertex 7.85411 5.36339 21.5
    endloop
  endfacet
  facet normal 0 0 1
    outer loop
      vertex 7.81865 6.37884 21.5
      vertex 7.83762 5.29196 21.5
      vertex 7.83762 6.30804 21.5
    endloop
  endfacet
  facet normal 0 0 1
    outer loop
      vertex 7.81865 6.37884 21.5
      vertex 7.81865 5.22116 21.5
      vertex 7.83762 5.29196 21.5
    endloop
  endfacet
  facet normal 0 0 1
    outer loop
      vertex 7.79722 6.44894 21.5
      vertex 7.81865 5.22116 21.5
      vertex 7.81865 6.37884 21.5
    endloop
  endfacet
  facet normal 0 0 1
    outer loop
      vertex 7.79722 6.44894 21.5
      vertex 7.79722 5.15106 21.5
      vertex 7.81865 5.22116 21.5
    endloop
  endfacet
  facet normal 0 0 1
    outer loop
      vertex 7.77335 6.51824 21.5
      vertex 7.79722 5.15106 21.5
      vertex 7.79722 6.44894 21.5
    endloop
  endfacet
  facet normal 0 0 1
    outer loop
      vertex 7.77335 6.51824 21.5
      vertex 7.77335 5.08176 21.5
      vertex 7.79722 5.15106 21.5
    endloop
  endfacet
  facet normal 0 0 1
    outer loop
      vertex 7.74709 6.58667 21.5
      vertex 7.77335 5.08176 21.5
      vertex 7.77335 6.51824 21.5
    endloop
  endfacet
  facet normal 0 0 1
    outer loop
      vertex 7.74709 6.58667 21.5
      vertex 7.74709 5.01333 21.5
      vertex 7.77335 5.08176 21.5
    endloop
  endfacet
  facet normal 0 0 1
    outer loop
      vertex 7.71844 6.65415 21.5
      vertex 7.74709 5.01333 21.5
      vertex 7.74709 6.58667 21.5
    endloop
  endfacet
  facet normal 0 0 1
    outer loop
      vertex 7.71844 6.65415 21.5
      vertex 7.71844 4.94585 21.5
      vertex 7.74709 5.01333 21.5
    endloop
  endfacet
  facet normal 0 0 1
    outer loop
      vertex 7.68747 6.72058 21.5
      vertex 7.71844 4.94585 21.5
      vertex 7.71844 6.65415 21.5
    endloop
  endfacet
  facet normal 0 0 1
    outer loop
      vertex 7.68747 6.72058 21.5
      vertex 7.68747 4.87942 21.5
      vertex 7.71844 4.94585 21.5
    endloop
  endfacet
  facet normal 0 0 1
    outer loop
      vertex 7.65419 6.78589 21.5
      vertex 7.68747 4.87942 21.5
      vertex 7.68747 6.72058 21.5
    endloop
  endfacet
  facet normal 0 0 1
    outer loop
      vertex 7.65419 6.78589 21.5
      vertex 7.65419 4.81411 21.5
      vertex 7.68747 4.87942 21.5
    endloop
  endfacet
  facet normal 0 0 1
    outer loop
      vertex 7.61865 6.85 21.5
      vertex 7.65419 4.81411 21.5
      vertex 7.65419 6.78589 21.5
    endloop
  endfacet
  facet normal 0 0 1
    outer loop
      vertex 7.61865 6.85 21.5
      vertex 7.61865 4.75 21.5
      vertex 7.65419 4.81411 21.5
    endloop
  endfacet
  facet normal 0 0 1
    outer loop
      vertex 7.5809 6.91283 21.5
      vertex 7.61865 4.75 21.5
      vertex 7.61865 6.85 21.5
    endloop
  endfacet
  facet normal 0 0 1
    outer loop
      vertex 7.5809 6.91283 21.5
      vertex 7.5809 4.68717 21.5
      vertex 7.61865 4.75 21.5
    endloop
  endfacet
  facet normal 0 0 1
    outer loop
      vertex 7.54098 6.9743 21.5
      vertex 7.5809 4.68717 21.5
      vertex 7.5809 6.91283 21.5
    endloop
  endfacet
  facet normal 0 0 1
    outer loop
      vertex 7.54098 6.9743 21.5
      vertex 7.54098 4.62569 21.5
      vertex 7.5809 4.68717 21.5
    endloop
  endfacet
  facet normal 0 0 1
    outer loop
      vertex 7.49893 7.03435 21.5
      vertex 7.54098 4.62569 21.5
      vertex 7.54098 6.9743 21.5
    endloop
  endfacet
  facet normal 0 0 1
    outer loop
      vertex 7.49893 7.03435 21.5
      vertex 7.49893 4.56565 21.5
      vertex 7.54098 4.62569 21.5
    endloop
  endfacet
  facet normal 0 0 1
    outer loop
      vertex 7.45482 7.09289 21.5
      vertex 7.49893 4.56565 21.5
      vertex 7.49893 7.03435 21.5
    endloop
  endfacet
  facet normal 0 0 1
    outer loop
      vertex 7.45482 7.09289 21.5
      vertex 7.45482 4.50711 21.5
      vertex 7.49893 4.56565 21.5
    endloop
  endfacet
  facet normal 0 0 1
    outer loop
      vertex 7.40869 7.14985 21.5
      vertex 7.45482 4.50711 21.5
      vertex 7.45482 7.09289 21.5
    endloop
  endfacet
  facet normal 0 0 1
    outer loop
      vertex 7.40869 7.14985 21.5
      vertex 7.40869 4.45015 21.5
      vertex 7.45482 4.50711 21.5
    endloop
  endfacet
  facet normal 0 0 1
    outer loop
      vertex 7.3606 7.20517 21.5
      vertex 7.40869 4.45015 21.5
      vertex 7.40869 7.14985 21.5
    endloop
  endfacet
  facet normal 0 0 1
    outer loop
      vertex 7.3606 7.20517 21.5
      vertex 7.3606 4.39482 21.5
      vertex 7.40869 4.45015 21.5
    endloop
  endfacet
  facet normal 0 0 1
    outer loop
      vertex 7.31061 7.25878 21.5
      vertex 7.3606 4.39482 21.5
      vertex 7.3606 7.20517 21.5
    endloop
  endfacet
  facet normal 0 0 1
    outer loop
      vertex 7.31061 7.25878 21.5
      vertex 7.31061 4.34122 21.5
      vertex 7.3606 4.39482 21.5
    endloop
  endfacet
  facet normal 0 0 1
    outer loop
      vertex 7.25878 7.31061 21.5
      vertex 7.31061 4.34122 21.5
      vertex 7.31061 7.25878 21.5
    endloop
  endfacet
  facet normal 0 0 1
    outer loop
      vertex 7.25878 7.31061 21.5
      vertex 7.25878 4.28939 21.5
      vertex 7.31061 4.34122 21.5
    endloop
  endfacet
  facet normal 0 0 1
    outer loop
      vertex 7.20517 7.3606 21.5
      vertex 7.25878 4.28939 21.5
      vertex 7.25878 7.31061 21.5
    endloop
  endfacet
  facet normal 0 0 1
    outer loop
      vertex 7.20517 7.3606 21.5
      vertex 7.20517 4.2394 21.5
      vertex 7.25878 4.28939 21.5
    endloop
  endfacet
  facet normal 0 0 1
    outer loop
      vertex 7.14985 7.40869 21.5
      vertex 7.20517 4.2394 21.5
      vertex 7.20517 7.3606 21.5
    endloop
  endfacet
  facet normal 0 0 1
    outer loop
      vertex 7.14985 7.40869 21.5
      vertex 7.14985 4.19131 21.5
      vertex 7.20517 4.2394 21.5
    endloop
  endfacet
  facet normal 0 0 1
    outer loop
      vertex 7.09289 7.45482 21.5
      vertex 7.14985 4.19131 21.5
      vertex 7.14985 7.40869 21.5
    endloop
  endfacet
  facet normal 0 0 1
    outer loop
      vertex 7.09289 7.45482 21.5
      vertex 7.09289 4.14518 21.5
      vertex 7.14985 4.19131 21.5
    endloop
  endfacet
  facet normal 0 0 1
    outer loop
      vertex 7.03435 7.49893 21.5
      vertex 7.09289 4.14518 21.5
      vertex 7.09289 7.45482 21.5
    endloop
  endfacet
  facet normal 0 0 1
    outer loop
      vertex 7.03435 7.49893 21.5
      vertex 7.03435 4.10106 21.5
      vertex 7.09289 4.14518 21.5
    endloop
  endfacet
  facet normal 0 0 1
    outer loop
      vertex 6.9743 7.54098 21.5
      vertex 7.03435 4.10106 21.5
      vertex 7.03435 7.49893 21.5
    endloop
  endfacet
  facet normal 0 0 1
    outer loop
      vertex 6.9743 7.54098 21.5
      vertex 6.9743 4.05902 21.5
      vertex 7.03435 4.10106 21.5
    endloop
  endfacet
  facet normal 0 0 1
    outer loop
      vertex 6.91283 7.5809 21.5
      vertex 6.9743 4.05902 21.5
      vertex 6.9743 7.54098 21.5
    endloop
  endfacet
  facet normal 0 0 1
    outer loop
      vertex 6.91283 7.5809 21.5
      vertex 6.91283 4.0191 21.5
      vertex 6.9743 4.05902 21.5
    endloop
  endfacet
  facet normal 0 0 1
    outer loop
      vertex 6.85 7.61865 21.5
      vertex 6.91283 4.0191 21.5
      vertex 6.91283 7.5809 21.5
    endloop
  endfacet
  facet normal 0 0 1
    outer loop
      vertex 6.85 7.61865 21.5
      vertex 6.85 3.98135 21.5
      vertex 6.91283 4.0191 21.5
    endloop
  endfacet
  facet normal 0 0 1
    outer loop
      vertex 6.78589 7.65419 21.5
      vertex 6.85 3.98135 21.5
      vertex 6.85 7.61865 21.5
    endloop
  endfacet
  facet normal 0 0 1
    outer loop
      vertex 6.78589 7.65419 21.5
      vertex 6.78589 3.94581 21.5
      vertex 6.85 3.98135 21.5
    endloop
  endfacet
  facet normal 0 0 1
    outer loop
      vertex 6.72058 7.68747 21.5
      vertex 6.78589 3.94581 21.5
      vertex 6.78589 7.65419 21.5
    endloop
  endfacet
  facet normal 0 0 1
    outer loop
      vertex 6.72058 7.68747 21.5
      vertex 6.72058 3.91253 21.5
      vertex 6.78589 3.94581 21.5
    endloop
  endfacet
  facet normal 0 0 1
    outer loop
      vertex 6.65415 7.71844 21.5
      vertex 6.72058 3.91253 21.5
      vertex 6.72058 7.68747 21.5
    endloop
  endfacet
  facet normal 0 0 1
    outer loop
      vertex 6.65415 7.71844 21.5
      vertex 6.65415 3.88155 21.5
      vertex 6.72058 3.91253 21.5
    endloop
  endfacet
  facet normal 0 0 1
    outer loop
      vertex 6.58667 7.74709 21.5
      vertex 6.65415 3.88155 21.5
      vertex 6.65415 7.71844 21.5
    endloop
  endfacet
  facet normal 0 0 1
    outer loop
      vertex 6.58667 7.74709 21.5
      vertex 6.58667 3.85291 21.5
      vertex 6.65415 3.88155 21.5
    endloop
  endfacet
  facet normal 0 0 1
    outer loop
      vertex 6.51824 7.77335 21.5
      vertex 6.58667 3.85291 21.5
      vertex 6.58667 7.74709 21.5
    endloop
  endfacet
  facet normal 0 0 1
    outer loop
      vertex 6.51824 7.77335 21.5
      vertex 6.51824 3.82664 21.5
      vertex 6.58667 3.85291 21.5
    endloop
  endfacet
  facet normal 0 0 1
    outer loop
      vertex 6.44894 7.79722 21.5
      vertex 6.51824 3.82664 21.5
      vertex 6.51824 7.77335 21.5
    endloop
  endfacet
  facet normal 0 0 1
    outer loop
      vertex 6.44894 7.79722 21.5
      vertex 6.44894 3.80278 21.5
      vertex 6.51824 3.82664 21.5
    endloop
  endfacet
  facet normal 0 0 1
    outer loop
      vertex 6.37884 7.81865 21.5
      vertex 6.44894 3.80278 21.5
      vertex 6.44894 7.79722 21.5
    endloop
  endfacet
  facet normal 0 0 1
    outer loop
      vertex 6.37884 7.81865 21.5
      vertex 6.37884 3.78135 21.5
      vertex 6.44894 3.80278 21.5
    endloop
  endfacet
  facet normal 0 0 1
    outer loop
      vertex 6.30804 7.83762 21.5
      vertex 6.37884 3.78135 21.5
      vertex 6.37884 7.81865 21.5
    endloop
  endfacet
  facet normal 0 0 1
    outer loop
      vertex 6.30804 7.83762 21.5
      vertex 6.30804 3.76238 21.5
      vertex 6.37884 3.78135 21.5
    endloop
  endfacet
  facet normal 0 0 1
    outer loop
      vertex 6.23661 7.85411 21.5
      vertex 6.30804 3.76238 21.5
      vertex 6.30804 7.83762 21.5
    endloop
  endfacet
  facet normal 0 0 1
    outer loop
      vertex 6.23661 7.85411 21.5
      vertex 6.23661 3.74589 21.5
      vertex 6.30804 3.76238 21.5
    endloop
  endfacet
  facet normal 0 0 1
    outer loop
      vertex 6.16466 7.8681 21.5
      vertex 6.23661 3.74589 21.5
      vertex 6.23661 7.85411 21.5
    endloop
  endfacet
  facet normal 0 0 1
    outer loop
      vertex 6.16466 7.8681 21.5
      vertex 6.16466 3.7319 21.5
      vertex 6.23661 3.74589 21.5
    endloop
  endfacet
  facet normal 0 0 1
    outer loop
      vertex 6.09226 7.87956 21.5
      vertex 6.16466 3.7319 21.5
      vertex 6.16466 7.8681 21.5
    endloop
  endfacet
  facet normal 0 0 1
    outer loop
      vertex 6.09226 7.87956 21.5
      vertex 6.09226 3.72044 21.5
      vertex 6.16466 3.7319 21.5
    endloop
  endfacet
  facet normal 0 0 1
    outer loop
      vertex 6.01951 7.8885 21.5
      vertex 6.09226 3.72044 21.5
      vertex 6.09226 7.87956 21.5
    endloop
  endfacet
  facet normal 0 0 1
    outer loop
      vertex 6.01951 7.8885 21.5
      vertex 6.01951 3.7115 21.5
      vertex 6.09226 3.72044 21.5
    endloop
  endfacet
  facet normal 0 0 1
    outer loop
      vertex 5.94649 7.89488 21.5
      vertex 6.01951 3.7115 21.5
      vertex 6.01951 7.8885 21.5
    endloop
  endfacet
  facet normal 0 0 1
    outer loop
      vertex 5.94649 7.89488 21.5
      vertex 5.94649 3.70512 21.5
      vertex 6.01951 3.7115 21.5
    endloop
  endfacet
  facet normal 0 0 1
    outer loop
      vertex 5.87329 7.89872 21.5
      vertex 5.94649 3.70512 21.5
      vertex 5.94649 7.89488 21.5
    endloop
  endfacet
  facet normal 0 0 1
    outer loop
      vertex 5.87329 7.89872 21.5
      vertex 5.87329 3.70128 21.5
      vertex 5.94649 3.70512 21.5
    endloop
  endfacet
  facet normal 0 0 1
    outer loop
      vertex 5.8 7.9 21.5
      vertex 5.87329 3.70128 21.5
      vertex 5.87329 7.89872 21.5
    endloop
  endfacet
  facet normal 0 0 1
    outer loop
      vertex 5.8 7.9 21.5
      vertex 5.8 3.7 21.5
      vertex 5.87329 3.70128 21.5
    endloop
  endfacet
  facet normal -0 0 1
    outer loop
      vertex 5.72671 7.89872 21.5
      vertex 5.8 3.7 21.5
      vertex 5.8 7.9 21.5
    endloop
  endfacet
  facet normal 0 0 1
    outer loop
      vertex 5.72671 7.89872 21.5
      vertex 5.72671 3.70128 21.5
      vertex 5.8 3.7 21.5
    endloop
  endfacet
  facet normal -0 0 1
    outer loop
      vertex 5.65351 7.89488 21.5
      vertex 5.72671 3.70128 21.5
      vertex 5.72671 7.89872 21.5
    endloop
  endfacet
  facet normal 0 0 1
    outer loop
      vertex 5.65351 7.89488 21.5
      vertex 5.65351 3.70512 21.5
      vertex 5.72671 3.70128 21.5
    endloop
  endfacet
  facet normal -0 0 1
    outer loop
      vertex 5.58049 7.8885 21.5
      vertex 5.65351 3.70512 21.5
      vertex 5.65351 7.89488 21.5
    endloop
  endfacet
  facet normal 0 0 1
    outer loop
      vertex 5.58049 7.8885 21.5
      vertex 5.58049 3.7115 21.5
      vertex 5.65351 3.70512 21.5
    endloop
  endfacet
  facet normal -0 0 1
    outer loop
      vertex 5.50774 7.87956 21.5
      vertex 5.58049 3.7115 21.5
      vertex 5.58049 7.8885 21.5
    endloop
  endfacet
  facet normal 0 0 1
    outer loop
      vertex 5.50774 7.87956 21.5
      vertex 5.50774 3.72044 21.5
      vertex 5.58049 3.7115 21.5
    endloop
  endfacet
  facet normal -0 0 1
    outer loop
      vertex 5.43534 7.8681 21.5
      vertex 5.50774 3.72044 21.5
      vertex 5.50774 7.87956 21.5
    endloop
  endfacet
  facet normal 0 0 1
    outer loop
      vertex 5.43534 7.8681 21.5
      vertex 5.43534 3.7319 21.5
      vertex 5.50774 3.72044 21.5
    endloop
  endfacet
  facet normal -0 0 1
    outer loop
      vertex 5.36339 7.85411 21.5
      vertex 5.43534 3.7319 21.5
      vertex 5.43534 7.8681 21.5
    endloop
  endfacet
  facet normal 0 0 1
    outer loop
      vertex 5.36339 7.85411 21.5
      vertex 5.36339 3.74589 21.5
      vertex 5.43534 3.7319 21.5
    endloop
  endfacet
  facet normal -0 0 1
    outer loop
      vertex 5.29196 7.83762 21.5
      vertex 5.36339 3.74589 21.5
      vertex 5.36339 7.85411 21.5
    endloop
  endfacet
  facet normal 0 0 1
    outer loop
      vertex 5.29196 7.83762 21.5
      vertex 5.29196 3.76238 21.5
      vertex 5.36339 3.74589 21.5
    endloop
  endfacet
  facet normal -0 0 1
    outer loop
      vertex 5.22116 7.81865 21.5
      vertex 5.29196 3.76238 21.5
      vertex 5.29196 7.83762 21.5
    endloop
  endfacet
  facet normal 0 0 1
    outer loop
      vertex 5.22116 7.81865 21.5
      vertex 5.22116 3.78135 21.5
      vertex 5.29196 3.76238 21.5
    endloop
  endfacet
  facet normal -0 0 1
    outer loop
      vertex 5.15106 7.79722 21.5
      vertex 5.22116 3.78135 21.5
      vertex 5.22116 7.81865 21.5
    endloop
  endfacet
  facet normal 0 0 1
    outer loop
      vertex 5.15106 7.79722 21.5
      vertex 5.15106 3.80278 21.5
      vertex 5.22116 3.78135 21.5
    endloop
  endfacet
  facet normal -0 0 1
    outer loop
      vertex 5.08176 7.77335 21.5
      vertex 5.15106 3.80278 21.5
      vertex 5.15106 7.79722 21.5
    endloop
  endfacet
  facet normal 0 0 1
    outer loop
      vertex 5.08176 7.77335 21.5
      vertex 5.08176 3.82664 21.5
      vertex 5.15106 3.80278 21.5
    endloop
  endfacet
  facet normal -0 0 1
    outer loop
      vertex 5.01333 7.74709 21.5
      vertex 5.08176 3.82664 21.5
      vertex 5.08176 7.77335 21.5
    endloop
  endfacet
  facet normal 0 0 1
    outer loop
      vertex 5.01333 7.74709 21.5
      vertex 5.01333 3.85291 21.5
      vertex 5.08176 3.82664 21.5
    endloop
  endfacet
  facet normal -0 0 1
    outer loop
      vertex 4.94585 7.71844 21.5
      vertex 5.01333 3.85291 21.5
      vertex 5.01333 7.74709 21.5
    endloop
  endfacet
  facet normal 0 0 1
    outer loop
      vertex 4.94585 7.71844 21.5
      vertex 4.94585 3.88155 21.5
      vertex 5.01333 3.85291 21.5
    endloop
  endfacet
  facet normal -0 0 1
    outer loop
      vertex 4.87942 7.68747 21.5
      vertex 4.94585 3.88155 21.5
      vertex 4.94585 7.71844 21.5
    endloop
  endfacet
  facet normal 0 0 1
    outer loop
      vertex 4.87942 7.68747 21.5
      vertex 4.87942 3.91253 21.5
      vertex 4.94585 3.88155 21.5
    endloop
  endfacet
  facet normal -0 0 1
    outer loop
      vertex 4.81411 7.65419 21.5
      vertex 4.87942 3.91253 21.5
      vertex 4.87942 7.68747 21.5
    endloop
  endfacet
  facet normal 0 0 1
    outer loop
      vertex 4.81411 7.65419 21.5
      vertex 4.81411 3.94581 21.5
      vertex 4.87942 3.91253 21.5
    endloop
  endfacet
  facet normal -0 0 1
    outer loop
      vertex 4.75 7.61865 21.5
      vertex 4.81411 3.94581 21.5
      vertex 4.81411 7.65419 21.5
    endloop
  endfacet
  facet normal 0 0 1
    outer loop
      vertex 4.75 7.61865 21.5
      vertex 4.75 3.98135 21.5
      vertex 4.81411 3.94581 21.5
    endloop
  endfacet
  facet normal -0 0 1
    outer loop
      vertex 4.68717 7.5809 21.5
      vertex 4.75 3.98135 21.5
      vertex 4.75 7.61865 21.5
    endloop
  endfacet
  facet normal 0 0 1
    outer loop
      vertex 4.68717 7.5809 21.5
      vertex 4.68717 4.0191 21.5
      vertex 4.75 3.98135 21.5
    endloop
  endfacet
  facet normal -0 0 1
    outer loop
      vertex 4.62569 7.54098 21.5
      vertex 4.68717 4.0191 21.5
      vertex 4.68717 7.5809 21.5
    endloop
  endfacet
  facet normal 0 0 1
    outer loop
      vertex 4.62569 7.54098 21.5
      vertex 4.62569 4.05902 21.5
      vertex 4.68717 4.0191 21.5
    endloop
  endfacet
  facet normal -0 0 1
    outer loop
      vertex 4.56565 7.49893 21.5
      vertex 4.62569 4.05902 21.5
      vertex 4.62569 7.54098 21.5
    endloop
  endfacet
  facet normal 0 0 1
    outer loop
      vertex 4.56565 7.49893 21.5
      vertex 4.56565 4.10106 21.5
      vertex 4.62569 4.05902 21.5
    endloop
  endfacet
  facet normal -0 0 1
    outer loop
      vertex 4.50711 7.45482 21.5
      vertex 4.56565 4.10106 21.5
      vertex 4.56565 7.49893 21.5
    endloop
  endfacet
  facet normal 0 0 1
    outer loop
      vertex 4.50711 7.45482 21.5
      vertex 4.50711 4.14518 21.5
      vertex 4.56565 4.10106 21.5
    endloop
  endfacet
  facet normal -0 0 1
    outer loop
      vertex 4.45015 7.40869 21.5
      vertex 4.50711 4.14518 21.5
      vertex 4.50711 7.45482 21.5
    endloop
  endfacet
  facet normal 0 0 1
    outer loop
      vertex 4.45015 7.40869 21.5
      vertex 4.45015 4.19131 21.5
      vertex 4.50711 4.14518 21.5
    endloop
  endfacet
  facet normal -0 0 1
    outer loop
      vertex 4.39482 7.3606 21.5
      vertex 4.45015 4.19131 21.5
      vertex 4.45015 7.40869 21.5
    endloop
  endfacet
  facet normal 0 0 1
    outer loop
      vertex 4.39482 7.3606 21.5
      vertex 4.39482 4.2394 21.5
      vertex 4.45015 4.19131 21.5
    endloop
  endfacet
  facet normal -0 0 1
    outer loop
      vertex 4.34122 7.31061 21.5
      vertex 4.39482 4.2394 21.5
      vertex 4.39482 7.3606 21.5
    endloop
  endfacet
  facet normal 0 0 1
    outer loop
      vertex 4.34122 7.31061 21.5
      vertex 4.34122 4.28939 21.5
      vertex 4.39482 4.2394 21.5
    endloop
  endfacet
  facet normal -0 0 1
    outer loop
      vertex 4.28939 7.25878 21.5
      vertex 4.34122 4.28939 21.5
      vertex 4.34122 7.31061 21.5
    endloop
  endfacet
  facet normal 0 0 1
    outer loop
      vertex 4.28939 7.25878 21.5
      vertex 4.28939 4.34122 21.5
      vertex 4.34122 4.28939 21.5
    endloop
  endfacet
  facet normal -0 0 1
    outer loop
      vertex 4.2394 7.20517 21.5
      vertex 4.28939 4.34122 21.5
      vertex 4.28939 7.25878 21.5
    endloop
  endfacet
  facet normal 0 0 1
    outer loop
      vertex 4.2394 7.20517 21.5
      vertex 4.2394 4.39482 21.5
      vertex 4.28939 4.34122 21.5
    endloop
  endfacet
  facet normal -0 0 1
    outer loop
      vertex 4.19131 7.14985 21.5
      vertex 4.2394 4.39482 21.5
      vertex 4.2394 7.20517 21.5
    endloop
  endfacet
  facet normal 0 0 1
    outer loop
      vertex 4.19131 7.14985 21.5
      vertex 4.19131 4.45015 21.5
      vertex 4.2394 4.39482 21.5
    endloop
  endfacet
  facet normal -0 0 1
    outer loop
      vertex 4.14518 7.09289 21.5
      vertex 4.19131 4.45015 21.5
      vertex 4.19131 7.14985 21.5
    endloop
  endfacet
  facet normal 0 0 1
    outer loop
      vertex 4.14518 7.09289 21.5
      vertex 4.14518 4.50711 21.5
      vertex 4.19131 4.45015 21.5
    endloop
  endfacet
  facet normal -0 0 1
    outer loop
      vertex 4.10106 7.03435 21.5
      vertex 4.14518 4.50711 21.5
      vertex 4.14518 7.09289 21.5
    endloop
  endfacet
  facet normal 0 0 1
    outer loop
      vertex 4.10106 7.03435 21.5
      vertex 4.10106 4.56565 21.5
      vertex 4.14518 4.50711 21.5
    endloop
  endfacet
  facet normal -0 0 1
    outer loop
      vertex 4.05902 6.9743 21.5
      vertex 4.10106 4.56565 21.5
      vertex 4.10106 7.03435 21.5
    endloop
  endfacet
  facet normal 0 0 1
    outer loop
      vertex 4.05902 6.9743 21.5
      vertex 4.05902 4.62569 21.5
      vertex 4.10106 4.56565 21.5
    endloop
  endfacet
  facet normal -0 0 1
    outer loop
      vertex 4.0191 6.91283 21.5
      vertex 4.05902 4.62569 21.5
      vertex 4.05902 6.9743 21.5
    endloop
  endfacet
  facet normal 0 0 1
    outer loop
      vertex 4.0191 6.91283 21.5
      vertex 4.0191 4.68717 21.5
      vertex 4.05902 4.62569 21.5
    endloop
  endfacet
  facet normal -0 0 1
    outer loop
      vertex 3.98135 6.85 21.5
      vertex 4.0191 4.68717 21.5
      vertex 4.0191 6.91283 21.5
    endloop
  endfacet
  facet normal 0 0 1
    outer loop
      vertex 3.98135 6.85 21.5
      vertex 3.98135 4.75 21.5
      vertex 4.0191 4.68717 21.5
    endloop
  endfacet
  facet normal -0 0 1
    outer loop
      vertex 3.94581 6.78589 21.5
      vertex 3.98135 4.75 21.5
      vertex 3.98135 6.85 21.5
    endloop
  endfacet
  facet normal 0 0 1
    outer loop
      vertex 3.94581 6.78589 21.5
      vertex 3.94581 4.81411 21.5
      vertex 3.98135 4.75 21.5
    endloop
  endfacet
  facet normal -0 0 1
    outer loop
      vertex 3.91253 6.72058 21.5
      vertex 3.94581 4.81411 21.5
      vertex 3.94581 6.78589 21.5
    endloop
  endfacet
  facet normal 0 0 1
    outer loop
      vertex 3.91253 6.72058 21.5
      vertex 3.91253 4.87942 21.5
      vertex 3.94581 4.81411 21.5
    endloop
  endfacet
  facet normal -0 0 1
    outer loop
      vertex 3.88155 6.65415 21.5
      vertex 3.91253 4.87942 21.5
      vertex 3.91253 6.72058 21.5
    endloop
  endfacet
  facet normal 0 0 1
    outer loop
      vertex 3.88155 6.65415 21.5
      vertex 3.88155 4.94585 21.5
      vertex 3.91253 4.87942 21.5
    endloop
  endfacet
  facet normal -0 0 1
    outer loop
      vertex 3.85291 6.58667 21.5
      vertex 3.88155 4.94585 21.5
      vertex 3.88155 6.65415 21.5
    endloop
  endfacet
  facet normal 0 0 1
    outer loop
      vertex 3.85291 6.58667 21.5
      vertex 3.85291 5.01333 21.5
      vertex 3.88155 4.94585 21.5
    endloop
  endfacet
  facet normal -0 0 1
    outer loop
      vertex 3.82664 6.51824 21.5
      vertex 3.85291 5.01333 21.5
      vertex 3.85291 6.58667 21.5
    endloop
  endfacet
  facet normal 0 0 1
    outer loop
      vertex 3.82664 6.51824 21.5
      vertex 3.82664 5.08176 21.5
      vertex 3.85291 5.01333 21.5
    endloop
  endfacet
  facet normal -0 0 1
    outer loop
      vertex 3.80278 6.44894 21.5
      vertex 3.82664 5.08176 21.5
      vertex 3.82664 6.51824 21.5
    endloop
  endfacet
  facet normal 0 0 1
    outer loop
      vertex 3.80278 6.44894 21.5
      vertex 3.80278 5.15106 21.5
      vertex 3.82664 5.08176 21.5
    endloop
  endfacet
  facet normal -0 0 1
    outer loop
      vertex 3.78135 6.37884 21.5
      vertex 3.80278 5.15106 21.5
      vertex 3.80278 6.44894 21.5
    endloop
  endfacet
  facet normal 0 0 1
    outer loop
      vertex 3.78135 6.37884 21.5
      vertex 3.78135 5.22116 21.5
      vertex 3.80278 5.15106 21.5
    endloop
  endfacet
  facet normal -0 0 1
    outer loop
      vertex 3.76238 6.30804 21.5
      vertex 3.78135 5.22116 21.5
      vertex 3.78135 6.37884 21.5
    endloop
  endfacet
  facet normal 0 0 1
    outer loop
      vertex 3.76238 6.30804 21.5
      vertex 3.76238 5.29196 21.5
      vertex 3.78135 5.22116 21.5
    endloop
  endfacet
  facet normal -0 0 1
    outer loop
      vertex 3.74589 6.23661 21.5
      vertex 3.76238 5.29196 21.5
      vertex 3.76238 6.30804 21.5
    endloop
  endfacet
  facet normal 0 0 1
    outer loop
      vertex 3.74589 6.23661 21.5
      vertex 3.74589 5.36339 21.5
      vertex 3.76238 5.29196 21.5
    endloop
  endfacet
  facet normal -0 0 1
    outer loop
      vertex 3.7319 6.16466 21.5
      vertex 3.74589 5.36339 21.5
      vertex 3.74589 6.23661 21.5
    endloop
  endfacet
  facet normal 0 0 1
    outer loop
      vertex 3.7319 6.16466 21.5
      vertex 3.7319 5.43534 21.5
      vertex 3.74589 5.36339 21.5
    endloop
  endfacet
  facet normal -0 0 1
    outer loop
      vertex 3.72044 6.09226 21.5
      vertex 3.7319 5.43534 21.5
      vertex 3.7319 6.16466 21.5
    endloop
  endfacet
  facet normal 0 0 1
    outer loop
      vertex 3.72044 6.09226 21.5
      vertex 3.72044 5.50774 21.5
      vertex 3.7319 5.43534 21.5
    endloop
  endfacet
  facet normal -0 0 1
    outer loop
      vertex 3.7115 6.01951 21.5
      vertex 3.72044 5.50774 21.5
      vertex 3.72044 6.09226 21.5
    endloop
  endfacet
  facet normal 0 0 1
    outer loop
      vertex 3.7115 6.01951 21.5
      vertex 3.7115 5.58049 21.5
      vertex 3.72044 5.50774 21.5
    endloop
  endfacet
  facet normal -0 0 1
    outer loop
      vertex 3.70512 5.94649 21.5
      vertex 3.7115 5.58049 21.5
      vertex 3.7115 6.01951 21.5
    endloop
  endfacet
  facet normal 0 0 1
    outer loop
      vertex 3.70512 5.94649 21.5
      vertex 3.70512 5.65351 21.5
      vertex 3.7115 5.58049 21.5
    endloop
  endfacet
  facet normal -0 0 1
    outer loop
      vertex 3.70128 5.87329 21.5
      vertex 3.70512 5.65351 21.5
      vertex 3.70512 5.94649 21.5
    endloop
  endfacet
  facet normal 0 0 1
    outer loop
      vertex 3.70128 5.87329 21.5
      vertex 3.70128 5.72671 21.5
      vertex 3.70512 5.65351 21.5
    endloop
  endfacet
  facet normal 0 -0 1
    outer loop
      vertex 3.70128 5.72671 21.5
      vertex 3.70128 5.87329 21.5
      vertex 3.7 5.8 21.5
    endloop
  endfacet
  facet normal 0.754702 -0.656067 0
    outer loop
      vertex 4.19131 7.14985 30
      vertex 4.2394 7.20517 21.5
      vertex 4.2394 7.20517 30
    endloop
  endfacet
  facet normal 0.754702 -0.656067 0
    outer loop
      vertex 4.2394 7.20517 21.5
      vertex 4.19131 7.14985 30
      vertex 4.19131 7.14985 21.5
    endloop
  endfacet
  facet normal 0.731368 -0.681983 0
    outer loop
      vertex 4.2394 7.20517 30
      vertex 4.28939 7.25878 21.5
      vertex 4.28939 7.25878 30
    endloop
  endfacet
  facet normal 0.731368 -0.681983 0
    outer loop
      vertex 4.28939 7.25878 21.5
      vertex 4.2394 7.20517 30
      vertex 4.2394 7.20517 21.5
    endloop
  endfacet
  facet normal 0.920522 -0.39069 0
    outer loop
      vertex 3.85291 6.58667 30
      vertex 3.88155 6.65415 21.5
      vertex 3.88155 6.65415 30
    endloop
  endfacet
  facet normal 0.920522 -0.39069 0
    outer loop
      vertex 3.88155 6.65415 21.5
      vertex 3.85291 6.58667 30
      vertex 3.85291 6.58667 21.5
    endloop
  endfacet
  facet normal 0.85718 -0.515017 0
    outer loop
      vertex 3.98135 6.85 30
      vertex 4.0191 6.91283 21.5
      vertex 4.0191 6.91283 30
    endloop
  endfacet
  facet normal 0.85718 -0.515017 0
    outer loop
      vertex 4.0191 6.91283 21.5
      vertex 3.98135 6.85 30
      vertex 3.98135 6.85 21.5
    endloop
  endfacet
  facet normal 0.956311 -0.29235 0
    outer loop
      vertex 3.78135 6.37884 30
      vertex 3.80278 6.44894 21.5
      vertex 3.80278 6.44894 30
    endloop
  endfacet
  facet normal 0.956311 -0.29235 0
    outer loop
      vertex 3.80278 6.44894 21.5
      vertex 3.78135 6.37884 30
      vertex 3.78135 6.37884 21.5
    endloop
  endfacet
  facet normal 0.992534 -0.121969 0
    outer loop
      vertex 3.7115 6.01951 30
      vertex 3.72044 6.09226 21.5
      vertex 3.72044 6.09226 30
    endloop
  endfacet
  facet normal 0.992534 -0.121969 0
    outer loop
      vertex 3.72044 6.09226 21.5
      vertex 3.7115 6.01951 30
      vertex 3.7115 6.01951 21.5
    endloop
  endfacet
  facet normal 0.987703 -0.156341 0
    outer loop
      vertex 3.72044 6.09226 30
      vertex 3.7319 6.16466 21.5
      vertex 3.7319 6.16466 30
    endloop
  endfacet
  facet normal 0.987703 -0.156341 0
    outer loop
      vertex 3.7319 6.16466 21.5
      vertex 3.72044 6.09226 30
      vertex 3.72044 6.09226 21.5
    endloop
  endfacet
  facet normal 0.999848 -0.0174622 0
    outer loop
      vertex 3.7 5.8 30
      vertex 3.70128 5.87329 21.5
      vertex 3.70128 5.87329 30
    endloop
  endfacet
  facet normal 0.999848 -0.0174622 0
    outer loop
      vertex 3.70128 5.87329 21.5
      vertex 3.7 5.8 30
      vertex 3.7 5.8 21.5
    endloop
  endfacet
  facet normal 0.454022 -0.890991 0
    outer loop
      vertex 4.81411 7.65419 21.5
      vertex 4.87942 7.68747 30
      vertex 4.81411 7.65419 30
    endloop
  endfacet
  facet normal 0.454022 -0.890991 0
    outer loop
      vertex 4.87942 7.68747 30
      vertex 4.81411 7.65419 21.5
      vertex 4.87942 7.68747 21.5
    endloop
  endfacet
  facet normal 0.422542 -0.906343 0
    outer loop
      vertex 4.87942 7.68747 21.5
      vertex 4.94585 7.71844 30
      vertex 4.87942 7.68747 30
    endloop
  endfacet
  facet normal 0.422542 -0.906343 0
    outer loop
      vertex 4.94585 7.71844 30
      vertex 4.87942 7.68747 21.5
      vertex 4.94585 7.71844 21.5
    endloop
  endfacet
  facet normal 0.601788 -0.798656 0
    outer loop
      vertex 4.50711 7.45482 21.5
      vertex 4.56565 7.49893 30
      vertex 4.50711 7.45482 30
    endloop
  endfacet
  facet normal 0.601788 -0.798656 0
    outer loop
      vertex 4.56565 7.49893 30
      vertex 4.50711 7.45482 21.5
      vertex 4.56565 7.49893 21.5
    endloop
  endfacet
  facet normal 0.573664 -0.819091 0
    outer loop
      vertex 4.56565 7.49893 21.5
      vertex 4.62569 7.54098 30
      vertex 4.56565 7.49893 30
    endloop
  endfacet
  facet normal 0.573664 -0.819091 0
    outer loop
      vertex 4.62569 7.54098 30
      vertex 4.56565 7.49893 21.5
      vertex 4.62569 7.54098 21.5
    endloop
  endfacet
  facet normal 0.682051 -0.731305 0
    outer loop
      vertex 4.34122 7.31061 21.5
      vertex 4.39482 7.3606 30
      vertex 4.34122 7.31061 30
    endloop
  endfacet
  facet normal 0.682051 -0.731305 0
    outer loop
      vertex 4.39482 7.3606 30
      vertex 4.34122 7.31061 21.5
      vertex 4.39482 7.3606 21.5
    endloop
  endfacet
  facet normal 0.258809 -0.965929 0
    outer loop
      vertex 5.22116 7.81865 21.5
      vertex 5.29196 7.83762 30
      vertex 5.22116 7.81865 30
    endloop
  endfacet
  facet normal 0.258809 -0.965929 0
    outer loop
      vertex 5.29196 7.83762 30
      vertex 5.22116 7.81865 21.5
      vertex 5.29196 7.83762 21.5
    endloop
  endfacet
  facet normal 0.224939 -0.974373 0
    outer loop
      vertex 5.29196 7.83762 21.5
      vertex 5.36339 7.85411 30
      vertex 5.29196 7.83762 30
    endloop
  endfacet
  facet normal 0.224939 -0.974373 0
    outer loop
      vertex 5.36339 7.85411 30
      vertex 5.29196 7.83762 21.5
      vertex 5.36339 7.85411 21.5
    endloop
  endfacet
  facet normal 0.325667 -0.945485 0
    outer loop
      vertex 5.08176 7.77335 21.5
      vertex 5.15106 7.79722 30
      vertex 5.08176 7.77335 30
    endloop
  endfacet
  facet normal 0.325667 -0.945485 0
    outer loop
      vertex 5.15106 7.79722 30
      vertex 5.08176 7.77335 21.5
      vertex 5.15106 7.79722 21.5
    endloop
  endfacet
  facet normal 0.358275 -0.933616 0
    outer loop
      vertex 5.01333 7.74709 21.5
      vertex 5.08176 7.77335 30
      vertex 5.01333 7.74709 30
    endloop
  endfacet
  facet normal 0.358275 -0.933616 0
    outer loop
      vertex 5.08176 7.77335 30
      vertex 5.01333 7.74709 21.5
      vertex 5.08176 7.77335 21.5
    endloop
  endfacet
  facet normal 0.156341 -0.987703 0
    outer loop
      vertex 5.43534 7.8681 21.5
      vertex 5.50774 7.87956 30
      vertex 5.43534 7.8681 30
    endloop
  endfacet
  facet normal 0.156341 -0.987703 0
    outer loop
      vertex 5.50774 7.87956 30
      vertex 5.43534 7.8681 21.5
      vertex 5.50774 7.87956 21.5
    endloop
  endfacet
  facet normal -0.999848 0.0174622 0
    outer loop
      vertex 7.89872 5.72671 21.5
      vertex 7.9 5.8 30
      vertex 7.9 5.8 21.5
    endloop
  endfacet
  facet normal -0.999848 0.0174622 0
    outer loop
      vertex 7.9 5.8 30
      vertex 7.89872 5.72671 21.5
      vertex 7.89872 5.72671 30
    endloop
  endfacet
  facet normal -0.052387 0.998627 0
    outer loop
      vertex 5.94649 3.70512 21.5
      vertex 5.87329 3.70128 30
      vertex 5.94649 3.70512 30
    endloop
  endfacet
  facet normal -0.052387 0.998627 0
    outer loop
      vertex 5.87329 3.70128 30
      vertex 5.94649 3.70512 21.5
      vertex 5.87329 3.70128 21.5
    endloop
  endfacet
  facet normal -0.121969 0.992534 0
    outer loop
      vertex 6.09226 3.72044 21.5
      vertex 6.01951 3.7115 30
      vertex 6.09226 3.72044 30
    endloop
  endfacet
  facet normal -0.121969 0.992534 0
    outer loop
      vertex 6.01951 3.7115 30
      vertex 6.09226 3.72044 21.5
      vertex 6.01951 3.7115 21.5
    endloop
  endfacet
  facet normal -0.190866 0.981616 0
    outer loop
      vertex 6.23661 3.74589 21.5
      vertex 6.16466 3.7319 30
      vertex 6.23661 3.74589 30
    endloop
  endfacet
  facet normal -0.190866 0.981616 0
    outer loop
      vertex 6.16466 3.7319 30
      vertex 6.23661 3.74589 21.5
      vertex 6.16466 3.7319 21.5
    endloop
  endfacet
  facet normal -0.358394 0.93357 0
    outer loop
      vertex 6.58667 3.85291 21.5
      vertex 6.51824 3.82664 30
      vertex 6.58667 3.85291 30
    endloop
  endfacet
  facet normal -0.358394 0.93357 0
    outer loop
      vertex 6.51824 3.82664 30
      vertex 6.58667 3.85291 21.5
      vertex 6.51824 3.82664 21.5
    endloop
  endfacet
  facet normal -0.258809 0.965929 0
    outer loop
      vertex 6.37884 3.78135 21.5
      vertex 6.30804 3.76238 30
      vertex 6.37884 3.78135 30
    endloop
  endfacet
  facet normal -0.258809 0.965929 0
    outer loop
      vertex 6.30804 3.76238 30
      vertex 6.37884 3.78135 21.5
      vertex 6.30804 3.76238 21.5
    endloop
  endfacet
  facet normal -0.29235 0.956311 0
    outer loop
      vertex 6.44894 3.80278 21.5
      vertex 6.37884 3.78135 30
      vertex 6.44894 3.80278 30
    endloop
  endfacet
  facet normal -0.29235 0.956311 0
    outer loop
      vertex 6.37884 3.78135 30
      vertex 6.44894 3.80278 21.5
      vertex 6.37884 3.78135 21.5
    endloop
  endfacet
  facet normal -0.601875 0.79859 0
    outer loop
      vertex 7.09289 4.14518 21.5
      vertex 7.03435 4.10106 30
      vertex 7.09289 4.14518 30
    endloop
  endfacet
  facet normal -0.601875 0.79859 0
    outer loop
      vertex 7.03435 4.10106 30
      vertex 7.09289 4.14518 21.5
      vertex 7.03435 4.10106 21.5
    endloop
  endfacet
  facet normal -0.707107 0.707107 0
    outer loop
      vertex 7.25878 4.28939 21.5
      vertex 7.31061 4.34122 30
      vertex 7.31061 4.34122 21.5
    endloop
  endfacet
  facet normal -0.707107 0.707107 0
    outer loop
      vertex 7.31061 4.34122 30
      vertex 7.25878 4.28939 21.5
      vertex 7.25878 4.28939 30
    endloop
  endfacet
  facet normal -0.484844 0.874601 0
    outer loop
      vertex 6.85 3.98135 21.5
      vertex 6.78589 3.94581 30
      vertex 6.85 3.98135 30
    endloop
  endfacet
  facet normal -0.484844 0.874601 0
    outer loop
      vertex 6.78589 3.94581 30
      vertex 6.85 3.98135 21.5
      vertex 6.78589 3.94581 21.5
    endloop
  endfacet
  facet normal -0.754761 0.656 0
    outer loop
      vertex 7.3606 4.39482 21.5
      vertex 7.40869 4.45015 30
      vertex 7.40869 4.45015 21.5
    endloop
  endfacet
  facet normal -0.754761 0.656 0
    outer loop
      vertex 7.40869 4.45015 30
      vertex 7.3606 4.39482 21.5
      vertex 7.3606 4.39482 30
    endloop
  endfacet
  facet normal -0.798656 0.601788 0
    outer loop
      vertex 7.45482 4.50711 21.5
      vertex 7.49893 4.56565 30
      vertex 7.49893 4.56565 21.5
    endloop
  endfacet
  facet normal -0.798656 0.601788 0
    outer loop
      vertex 7.49893 4.56565 30
      vertex 7.45482 4.50711 21.5
      vertex 7.45482 4.50711 30
    endloop
  endfacet
  facet normal -0.838705 0.544586 0
    outer loop
      vertex 7.54098 4.62569 21.5
      vertex 7.5809 4.68717 30
      vertex 7.5809 4.68717 21.5
    endloop
  endfacet
  facet normal -0.838705 0.544586 0
    outer loop
      vertex 7.5809 4.68717 30
      vertex 7.54098 4.62569 21.5
      vertex 7.54098 4.62569 30
    endloop
  endfacet
  facet normal -0.933616 0.358275 0
    outer loop
      vertex 7.74709 5.01333 21.5
      vertex 7.77335 5.08176 30
      vertex 7.77335 5.08176 21.5
    endloop
  endfacet
  facet normal -0.933616 0.358275 0
    outer loop
      vertex 7.77335 5.08176 30
      vertex 7.74709 5.01333 21.5
      vertex 7.74709 5.01333 30
    endloop
  endfacet
  facet normal -0.906343 0.422542 0
    outer loop
      vertex 7.68747 4.87942 21.5
      vertex 7.71844 4.94585 30
      vertex 7.71844 4.94585 21.5
    endloop
  endfacet
  facet normal -0.906343 0.422542 0
    outer loop
      vertex 7.71844 4.94585 30
      vertex 7.68747 4.87942 21.5
      vertex 7.68747 4.87942 30
    endloop
  endfacet
  facet normal -0.890991 0.454022 0
    outer loop
      vertex 7.65419 4.81411 21.5
      vertex 7.68747 4.87942 30
      vertex 7.68747 4.87942 21.5
    endloop
  endfacet
  facet normal -0.890991 0.454022 0
    outer loop
      vertex 7.68747 4.87942 30
      vertex 7.65419 4.81411 21.5
      vertex 7.65419 4.81411 30
    endloop
  endfacet
  facet normal -0.965929 0.258809 0
    outer loop
      vertex 7.81865 5.22116 21.5
      vertex 7.83762 5.29196 30
      vertex 7.83762 5.29196 21.5
    endloop
  endfacet
  facet normal -0.965929 0.258809 0
    outer loop
      vertex 7.83762 5.29196 30
      vertex 7.81865 5.22116 21.5
      vertex 7.81865 5.22116 30
    endloop
  endfacet
  facet normal -0.956311 0.29235 0
    outer loop
      vertex 7.79722 5.15106 21.5
      vertex 7.81865 5.22116 30
      vertex 7.81865 5.22116 21.5
    endloop
  endfacet
  facet normal -0.956311 0.29235 0
    outer loop
      vertex 7.81865 5.22116 30
      vertex 7.79722 5.15106 21.5
      vertex 7.79722 5.15106 30
    endloop
  endfacet
  facet normal -0.981616 0.190866 0
    outer loop
      vertex 7.85411 5.36339 21.5
      vertex 7.8681 5.43534 30
      vertex 7.8681 5.43534 21.5
    endloop
  endfacet
  facet normal -0.981616 0.190866 0
    outer loop
      vertex 7.8681 5.43534 30
      vertex 7.85411 5.36339 21.5
      vertex 7.85411 5.36339 30
    endloop
  endfacet
  facet normal -0.996205 0.0870417 0
    outer loop
      vertex 7.8885 5.58049 21.5
      vertex 7.89488 5.65351 30
      vertex 7.89488 5.65351 21.5
    endloop
  endfacet
  facet normal -0.996205 0.0870417 0
    outer loop
      vertex 7.89488 5.65351 30
      vertex 7.8885 5.58049 21.5
      vertex 7.8885 5.58049 30
    endloop
  endfacet
  facet normal -0.992534 0.121969 0
    outer loop
      vertex 7.87956 5.50774 21.5
      vertex 7.8885 5.58049 30
      vertex 7.8885 5.58049 21.5
    endloop
  endfacet
  facet normal -0.992534 0.121969 0
    outer loop
      vertex 7.8885 5.58049 30
      vertex 7.87956 5.50774 21.5
      vertex 7.87956 5.50774 30
    endloop
  endfacet
  facet normal -0.998627 0.052387 0
    outer loop
      vertex 7.89488 5.65351 21.5
      vertex 7.89872 5.72671 30
      vertex 7.89872 5.72671 21.5
    endloop
  endfacet
  facet normal -0.998627 0.052387 0
    outer loop
      vertex 7.89872 5.72671 30
      vertex 7.89488 5.65351 21.5
      vertex 7.89488 5.65351 30
    endloop
  endfacet
  facet normal 0.629359 0.777115 -0
    outer loop
      vertex 4.50711 4.14518 21.5
      vertex 4.45015 4.19131 30
      vertex 4.50711 4.14518 30
    endloop
  endfacet
  facet normal 0.629359 0.777115 0
    outer loop
      vertex 4.45015 4.19131 30
      vertex 4.50711 4.14518 21.5
      vertex 4.45015 4.19131 21.5
    endloop
  endfacet
  facet normal 0.573572 0.819155 -0
    outer loop
      vertex 4.62569 4.05902 21.5
      vertex 4.56565 4.10106 30
      vertex 4.62569 4.05902 30
    endloop
  endfacet
  facet normal 0.573572 0.819155 0
    outer loop
      vertex 4.56565 4.10106 30
      vertex 4.62569 4.05902 21.5
      vertex 4.56565 4.10106 21.5
    endloop
  endfacet
  facet normal 0.454022 0.890991 -0
    outer loop
      vertex 4.87942 3.91253 21.5
      vertex 4.81411 3.94581 30
      vertex 4.87942 3.91253 30
    endloop
  endfacet
  facet normal 0.454022 0.890991 0
    outer loop
      vertex 4.81411 3.94581 30
      vertex 4.87942 3.91253 21.5
      vertex 4.81411 3.94581 21.5
    endloop
  endfacet
  facet normal 0.515017 0.85718 -0
    outer loop
      vertex 4.75 3.98135 21.5
      vertex 4.68717 4.0191 30
      vertex 4.75 3.98135 30
    endloop
  endfacet
  facet normal 0.515017 0.85718 0
    outer loop
      vertex 4.68717 4.0191 30
      vertex 4.75 3.98135 21.5
      vertex 4.68717 4.0191 21.5
    endloop
  endfacet
  facet normal 0.224939 0.974373 -0
    outer loop
      vertex 5.36339 3.74589 21.5
      vertex 5.29196 3.76238 30
      vertex 5.36339 3.74589 30
    endloop
  endfacet
  facet normal 0.224939 0.974373 0
    outer loop
      vertex 5.29196 3.76238 30
      vertex 5.36339 3.74589 21.5
      vertex 5.29196 3.76238 21.5
    endloop
  endfacet
  facet normal 0.190866 0.981616 -0
    outer loop
      vertex 5.43534 3.7319 21.5
      vertex 5.36339 3.74589 30
      vertex 5.43534 3.7319 30
    endloop
  endfacet
  facet normal 0.190866 0.981616 0
    outer loop
      vertex 5.36339 3.74589 30
      vertex 5.43534 3.7319 21.5
      vertex 5.36339 3.74589 21.5
    endloop
  endfacet
  facet normal 0.156341 0.987703 -0
    outer loop
      vertex 5.50774 3.72044 21.5
      vertex 5.43534 3.7319 30
      vertex 5.50774 3.72044 30
    endloop
  endfacet
  facet normal 0.156341 0.987703 0
    outer loop
      vertex 5.43534 3.7319 30
      vertex 5.50774 3.72044 21.5
      vertex 5.43534 3.7319 21.5
    endloop
  endfacet
  facet normal 0.121969 0.992534 -0
    outer loop
      vertex 5.58049 3.7115 21.5
      vertex 5.50774 3.72044 30
      vertex 5.58049 3.7115 30
    endloop
  endfacet
  facet normal 0.121969 0.992534 0
    outer loop
      vertex 5.50774 3.72044 30
      vertex 5.58049 3.7115 21.5
      vertex 5.50774 3.72044 21.5
    endloop
  endfacet
  facet normal 0.0174622 0.999848 -0
    outer loop
      vertex 5.8 3.7 21.5
      vertex 5.72671 3.70128 30
      vertex 5.8 3.7 30
    endloop
  endfacet
  facet normal 0.0174622 0.999848 0
    outer loop
      vertex 5.72671 3.70128 30
      vertex 5.8 3.7 21.5
      vertex 5.72671 3.70128 21.5
    endloop
  endfacet
  facet normal 0.906291 0.422654 0
    outer loop
      vertex 3.91253 4.87942 30
      vertex 3.88155 4.94585 21.5
      vertex 3.88155 4.94585 30
    endloop
  endfacet
  facet normal 0.906291 0.422654 0
    outer loop
      vertex 3.88155 4.94585 21.5
      vertex 3.91253 4.87942 30
      vertex 3.91253 4.87942 21.5
    endloop
  endfacet
  facet normal 0.838705 0.544586 0
    outer loop
      vertex 4.05902 4.62569 30
      vertex 4.0191 4.68717 21.5
      vertex 4.0191 4.68717 30
    endloop
  endfacet
  facet normal 0.838705 0.544586 0
    outer loop
      vertex 4.0191 4.68717 21.5
      vertex 4.05902 4.62569 30
      vertex 4.05902 4.62569 21.5
    endloop
  endfacet
  facet normal 0.819155 0.573572 0
    outer loop
      vertex 4.10106 4.56565 30
      vertex 4.05902 4.62569 21.5
      vertex 4.05902 4.62569 30
    endloop
  endfacet
  facet normal 0.819155 0.573572 0
    outer loop
      vertex 4.05902 4.62569 21.5
      vertex 4.10106 4.56565 30
      vertex 4.10106 4.56565 21.5
    endloop
  endfacet
  facet normal 0.777115 0.629359 0
    outer loop
      vertex 4.19131 4.45015 30
      vertex 4.14518 4.50711 21.5
      vertex 4.14518 4.50711 30
    endloop
  endfacet
  facet normal 0.777115 0.629359 0
    outer loop
      vertex 4.14518 4.50711 21.5
      vertex 4.19131 4.45015 30
      vertex 4.19131 4.45015 21.5
    endloop
  endfacet
  facet normal 0.707107 0.707107 0
    outer loop
      vertex 4.34122 4.28939 30
      vertex 4.28939 4.34122 21.5
      vertex 4.28939 4.34122 30
    endloop
  endfacet
  facet normal 0.707107 0.707107 0
    outer loop
      vertex 4.28939 4.34122 21.5
      vertex 4.34122 4.28939 30
      vertex 4.34122 4.28939 21.5
    endloop
  endfacet
  facet normal 0.974373 0.224939 0
    outer loop
      vertex 3.76238 5.29196 30
      vertex 3.74589 5.36339 21.5
      vertex 3.74589 5.36339 30
    endloop
  endfacet
  facet normal 0.974373 0.224939 0
    outer loop
      vertex 3.74589 5.36339 21.5
      vertex 3.76238 5.29196 30
      vertex 3.76238 5.29196 21.5
    endloop
  endfacet
  facet normal 0.965929 0.258809 0
    outer loop
      vertex 3.78135 5.22116 30
      vertex 3.76238 5.29196 21.5
      vertex 3.76238 5.29196 30
    endloop
  endfacet
  facet normal 0.965929 0.258809 0
    outer loop
      vertex 3.76238 5.29196 21.5
      vertex 3.78135 5.22116 30
      vertex 3.78135 5.22116 21.5
    endloop
  endfacet
  facet normal 0.992534 0.121969 0
    outer loop
      vertex 3.72044 5.50774 30
      vertex 3.7115 5.58049 21.5
      vertex 3.7115 5.58049 30
    endloop
  endfacet
  facet normal 0.992534 0.121969 0
    outer loop
      vertex 3.7115 5.58049 21.5
      vertex 3.72044 5.50774 30
      vertex 3.72044 5.50774 21.5
    endloop
  endfacet
  facet normal 0.998627 0.052387 0
    outer loop
      vertex 3.70512 5.65351 30
      vertex 3.70128 5.72671 21.5
      vertex 3.70128 5.72671 30
    endloop
  endfacet
  facet normal 0.998627 0.052387 0
    outer loop
      vertex 3.70128 5.72671 21.5
      vertex 3.70512 5.65351 30
      vertex 3.70512 5.65351 21.5
    endloop
  endfacet
  facet normal -0.987703 -0.156341 0
    outer loop
      vertex 7.87956 6.09226 21.5
      vertex 7.8681 6.16466 30
      vertex 7.8681 6.16466 21.5
    endloop
  endfacet
  facet normal -0.987703 -0.156341 0
    outer loop
      vertex 7.8681 6.16466 30
      vertex 7.87956 6.09226 21.5
      vertex 7.87956 6.09226 30
    endloop
  endfacet
  facet normal -0.965929 -0.258809 0
    outer loop
      vertex 7.83762 6.30804 21.5
      vertex 7.81865 6.37884 30
      vertex 7.81865 6.37884 21.5
    endloop
  endfacet
  facet normal -0.965929 -0.258809 0
    outer loop
      vertex 7.81865 6.37884 30
      vertex 7.83762 6.30804 21.5
      vertex 7.83762 6.30804 30
    endloop
  endfacet
  facet normal -0.819136 -0.5736 0
    outer loop
      vertex 7.54098 6.9743 21.5
      vertex 7.49893 7.03435 30
      vertex 7.49893 7.03435 21.5
    endloop
  endfacet
  facet normal -0.819136 -0.5736 0
    outer loop
      vertex 7.49893 7.03435 30
      vertex 7.54098 6.9743 21.5
      vertex 7.54098 6.9743 30
    endloop
  endfacet
  facet normal -0.754702 -0.656067 0
    outer loop
      vertex 7.40869 7.14985 21.5
      vertex 7.3606 7.20517 30
      vertex 7.3606 7.20517 21.5
    endloop
  endfacet
  facet normal -0.754702 -0.656067 0
    outer loop
      vertex 7.3606 7.20517 30
      vertex 7.40869 7.14985 21.5
      vertex 7.40869 7.14985 30
    endloop
  endfacet
  facet normal 0.8192 -0.573508 0
    outer loop
      vertex 4.05902 6.9743 30
      vertex 4.10106 7.03435 21.5
      vertex 4.10106 7.03435 30
    endloop
  endfacet
  facet normal 0.8192 -0.573508 0
    outer loop
      vertex 4.10106 7.03435 21.5
      vertex 4.05902 6.9743 30
      vertex 4.05902 6.9743 21.5
    endloop
  endfacet
  facet normal 0.999848 0.0174622 0
    outer loop
      vertex 3.70128 5.72671 30
      vertex 3.7 5.8 21.5
      vertex 3.7 5.8 30
    endloop
  endfacet
  facet normal 0.999848 0.0174622 0
    outer loop
      vertex 3.7 5.8 21.5
      vertex 3.70128 5.72671 30
      vertex 3.70128 5.72671 21.5
    endloop
  endfacet
  facet normal -0.0870417 0.996205 0
    outer loop
      vertex 6.01951 3.7115 21.5
      vertex 5.94649 3.70512 30
      vertex 6.01951 3.7115 30
    endloop
  endfacet
  facet normal -0.0870417 0.996205 0
    outer loop
      vertex 5.94649 3.70512 30
      vertex 6.01951 3.7115 21.5
      vertex 5.94649 3.70512 21.5
    endloop
  endfacet
  facet normal -0.39069 0.920522 0
    outer loop
      vertex 6.65415 3.88155 21.5
      vertex 6.58667 3.85291 30
      vertex 6.65415 3.88155 30
    endloop
  endfacet
  facet normal -0.39069 0.920522 0
    outer loop
      vertex 6.58667 3.85291 30
      vertex 6.65415 3.88155 21.5
      vertex 6.58667 3.85291 21.5
    endloop
  endfacet
  facet normal -0.629359 0.777115 0
    outer loop
      vertex 7.14985 4.19131 21.5
      vertex 7.09289 4.14518 30
      vertex 7.14985 4.19131 30
    endloop
  endfacet
  facet normal -0.629359 0.777115 0
    outer loop
      vertex 7.09289 4.14518 30
      vertex 7.14985 4.19131 21.5
      vertex 7.09289 4.14518 21.5
    endloop
  endfacet
  facet normal -0.731305 0.682051 0
    outer loop
      vertex 7.31061 4.34122 21.5
      vertex 7.3606 4.39482 30
      vertex 7.3606 4.39482 21.5
    endloop
  endfacet
  facet normal -0.731305 0.682051 0
    outer loop
      vertex 7.3606 4.39482 30
      vertex 7.31061 4.34122 21.5
      vertex 7.31061 4.34122 30
    endloop
  endfacet
  facet normal -0.573508 0.8192 0
    outer loop
      vertex 7.03435 4.10106 21.5
      vertex 6.9743 4.05902 30
      vertex 7.03435 4.10106 30
    endloop
  endfacet
  facet normal -0.573508 0.8192 0
    outer loop
      vertex 6.9743 4.05902 30
      vertex 7.03435 4.10106 21.5
      vertex 6.9743 4.05902 21.5
    endloop
  endfacet
  facet normal -0.777115 0.629359 0
    outer loop
      vertex 7.40869 4.45015 21.5
      vertex 7.45482 4.50711 30
      vertex 7.45482 4.50711 21.5
    endloop
  endfacet
  facet normal -0.777115 0.629359 0
    outer loop
      vertex 7.45482 4.50711 30
      vertex 7.40869 4.45015 21.5
      vertex 7.40869 4.45015 30
    endloop
  endfacet
  facet normal -0.85718 0.515017 0
    outer loop
      vertex 7.5809 4.68717 21.5
      vertex 7.61865 4.75 30
      vertex 7.61865 4.75 21.5
    endloop
  endfacet
  facet normal -0.85718 0.515017 0
    outer loop
      vertex 7.61865 4.75 30
      vertex 7.5809 4.68717 21.5
      vertex 7.5809 4.68717 30
    endloop
  endfacet
  facet normal -0.987703 0.156341 0
    outer loop
      vertex 7.8681 5.43534 21.5
      vertex 7.87956 5.50774 30
      vertex 7.87956 5.50774 21.5
    endloop
  endfacet
  facet normal -0.987703 0.156341 0
    outer loop
      vertex 7.87956 5.50774 30
      vertex 7.8681 5.43534 21.5
      vertex 7.8681 5.43534 30
    endloop
  endfacet
  facet normal 0.544586 0.838705 -0
    outer loop
      vertex 4.68717 4.0191 21.5
      vertex 4.62569 4.05902 30
      vertex 4.68717 4.0191 30
    endloop
  endfacet
  facet normal 0.544586 0.838705 0
    outer loop
      vertex 4.62569 4.05902 30
      vertex 4.68717 4.0191 21.5
      vertex 4.62569 4.05902 21.5
    endloop
  endfacet
  facet normal 0.358394 0.93357 -0
    outer loop
      vertex 5.08176 3.82664 21.5
      vertex 5.01333 3.85291 30
      vertex 5.08176 3.82664 30
    endloop
  endfacet
  facet normal 0.358394 0.93357 0
    outer loop
      vertex 5.01333 3.85291 30
      vertex 5.08176 3.82664 21.5
      vertex 5.01333 3.85291 21.5
    endloop
  endfacet
  facet normal 0.484844 0.874601 -0
    outer loop
      vertex 4.81411 3.94581 21.5
      vertex 4.75 3.98135 30
      vertex 4.81411 3.94581 30
    endloop
  endfacet
  facet normal 0.484844 0.874601 0
    outer loop
      vertex 4.75 3.98135 30
      vertex 4.81411 3.94581 21.5
      vertex 4.75 3.98135 21.5
    endloop
  endfacet
  facet normal -0.0174622 0.999848 0
    outer loop
      vertex 5.87329 3.70128 21.5
      vertex 5.8 3.7 30
      vertex 5.87329 3.70128 30
    endloop
  endfacet
  facet normal -0.0174622 0.999848 0
    outer loop
      vertex 5.8 3.7 30
      vertex 5.87329 3.70128 21.5
      vertex 5.8 3.7 21.5
    endloop
  endfacet
  facet normal 0.890991 0.454022 0
    outer loop
      vertex 3.94581 4.81411 30
      vertex 3.91253 4.87942 21.5
      vertex 3.91253 4.87942 30
    endloop
  endfacet
  facet normal 0.890991 0.454022 0
    outer loop
      vertex 3.91253 4.87942 21.5
      vertex 3.94581 4.81411 30
      vertex 3.94581 4.81411 21.5
    endloop
  endfacet
  facet normal 0.754761 0.656 0
    outer loop
      vertex 4.2394 4.39482 30
      vertex 4.19131 4.45015 21.5
      vertex 4.19131 4.45015 30
    endloop
  endfacet
  facet normal 0.754761 0.656 0
    outer loop
      vertex 4.19131 4.45015 21.5
      vertex 4.2394 4.39482 30
      vertex 4.2394 4.39482 21.5
    endloop
  endfacet
  facet normal 0.682051 0.731305 -0
    outer loop
      vertex 4.39482 4.2394 21.5
      vertex 4.34122 4.28939 30
      vertex 4.39482 4.2394 30
    endloop
  endfacet
  facet normal 0.682051 0.731305 0
    outer loop
      vertex 4.34122 4.28939 30
      vertex 4.39482 4.2394 21.5
      vertex 4.34122 4.28939 21.5
    endloop
  endfacet
  facet normal 0.920522 0.39069 0
    outer loop
      vertex 3.88155 4.94585 30
      vertex 3.85291 5.01333 21.5
      vertex 3.85291 5.01333 30
    endloop
  endfacet
  facet normal 0.920522 0.39069 0
    outer loop
      vertex 3.85291 5.01333 21.5
      vertex 3.88155 4.94585 30
      vertex 3.88155 4.94585 21.5
    endloop
  endfacet
  facet normal 0.996205 0.0870417 0
    outer loop
      vertex 3.7115 5.58049 30
      vertex 3.70512 5.65351 21.5
      vertex 3.70512 5.65351 30
    endloop
  endfacet
  facet normal 0.996205 0.0870417 0
    outer loop
      vertex 3.70512 5.65351 21.5
      vertex 3.7115 5.58049 30
      vertex 3.7115 5.58049 21.5
    endloop
  endfacet
  facet normal -0.999843 -0.017735 0
    outer loop
      vertex 80.3 5.8 21.5
      vertex 80.2987 5.87329 30
      vertex 80.2987 5.87329 21.5
    endloop
  endfacet
  facet normal -0.999843 -0.017735 0
    outer loop
      vertex 80.2987 5.87329 30
      vertex 80.3 5.8 21.5
      vertex 80.3 5.8 30
    endloop
  endfacet
  facet normal 0.999843 -0.017735 0
    outer loop
      vertex 76.1 5.8 30
      vertex 76.1013 5.87329 21.5
      vertex 76.1013 5.87329 30
    endloop
  endfacet
  facet normal 0.999843 -0.017735 0
    outer loop
      vertex 76.1013 5.87329 21.5
      vertex 76.1 5.8 30
      vertex 76.1 5.8 21.5
    endloop
  endfacet
  facet normal -0.0174598 -0.999848 0
    outer loop
      vertex 78.2 7.9 21.5
      vertex 78.2733 7.89872 30
      vertex 78.2 7.9 30
    endloop
  endfacet
  facet normal -0.0174598 -0.999848 -0
    outer loop
      vertex 78.2733 7.89872 30
      vertex 78.2 7.9 21.5
      vertex 78.2733 7.89872 21.5
    endloop
  endfacet
  facet normal -0.0174598 0.999848 0
    outer loop
      vertex 78.2733 3.70128 21.5
      vertex 78.2 3.7 30
      vertex 78.2733 3.70128 30
    endloop
  endfacet
  facet normal -0.0174598 0.999848 0
    outer loop
      vertex 78.2 3.7 30
      vertex 78.2733 3.70128 21.5
      vertex 78.2 3.7 21.5
    endloop
  endfacet
  facet normal -0.707311 -0.706902 0
    outer loop
      vertex 79.6588 7.31061 21.5
      vertex 79.7106 7.25878 30
      vertex 79.6588 7.31061 30
    endloop
  endfacet
  facet normal -0.707311 -0.706902 -0
    outer loop
      vertex 79.7106 7.25878 30
      vertex 79.6588 7.31061 21.5
      vertex 79.7106 7.25878 21.5
    endloop
  endfacet
  facet normal 0.682051 -0.731305 0
    outer loop
      vertex 76.7412 7.31061 21.5
      vertex 76.7948 7.3606 30
      vertex 76.7412 7.31061 30
    endloop
  endfacet
  facet normal 0.682051 -0.731305 0
    outer loop
      vertex 76.7948 7.3606 30
      vertex 76.7412 7.31061 21.5
      vertex 76.7948 7.3606 21.5
    endloop
  endfacet
  facet normal 0.357956 -0.933739 0
    outer loop
      vertex 77.4133 7.74709 21.5
      vertex 77.4818 7.77335 30
      vertex 77.4133 7.74709 30
    endloop
  endfacet
  facet normal 0.357956 -0.933739 0
    outer loop
      vertex 77.4818 7.77335 30
      vertex 77.4133 7.74709 21.5
      vertex 77.4818 7.77335 21.5
    endloop
  endfacet
  facet normal -0.920228 -0.391383 0
    outer loop
      vertex 80.1471 6.58667 21.5
      vertex 80.1184 6.65415 30
      vertex 80.1184 6.65415 21.5
    endloop
  endfacet
  facet normal -0.920228 -0.391383 0
    outer loop
      vertex 80.1184 6.65415 30
      vertex 80.1471 6.58667 21.5
      vertex 80.1471 6.58667 30
    endloop
  endfacet
  facet normal -0.391198 -0.920306 0
    outer loop
      vertex 78.9867 7.74709 21.5
      vertex 79.0541 7.71844 30
      vertex 78.9867 7.74709 30
    endloop
  endfacet
  facet normal -0.391198 -0.920306 -0
    outer loop
      vertex 79.0541 7.71844 30
      vertex 78.9867 7.74709 21.5
      vertex 79.0541 7.71844 21.5
    endloop
  endfacet
  facet normal -0.920228 0.391383 0
    outer loop
      vertex 80.1184 4.94585 21.5
      vertex 80.1471 5.01333 30
      vertex 80.1471 5.01333 21.5
    endloop
  endfacet
  facet normal -0.920228 0.391383 0
    outer loop
      vertex 80.1471 5.01333 30
      vertex 80.1184 4.94585 21.5
      vertex 80.1184 4.94585 30
    endloop
  endfacet
  facet normal -0.981591 -0.190997 0
    outer loop
      vertex 80.2681 6.16466 21.5
      vertex 80.2541 6.23661 30
      vertex 80.2541 6.23661 21.5
    endloop
  endfacet
  facet normal -0.981591 -0.190997 0
    outer loop
      vertex 80.2541 6.23661 30
      vertex 80.2681 6.16466 21.5
      vertex 80.2681 6.16466 30
    endloop
  endfacet
  facet normal -0.818815 -0.574057 0
    outer loop
      vertex 79.941 6.9743 21.5
      vertex 79.8989 7.03435 30
      vertex 79.8989 7.03435 21.5
    endloop
  endfacet
  facet normal -0.818815 -0.574057 0
    outer loop
      vertex 79.8989 7.03435 30
      vertex 79.941 6.9743 21.5
      vertex 79.941 6.9743 30
    endloop
  endfacet
  facet normal -0.874832 -0.484426 0
    outer loop
      vertex 80.0542 6.78589 21.5
      vertex 80.0187 6.85 30
      vertex 80.0187 6.85 21.5
    endloop
  endfacet
  facet normal -0.874832 -0.484426 0
    outer loop
      vertex 80.0187 6.85 30
      vertex 80.0542 6.78589 21.5
      vertex 80.0542 6.78589 30
    endloop
  endfacet
  facet normal -0.225029 -0.974352 0
    outer loop
      vertex 78.6366 7.85411 21.5
      vertex 78.708 7.83762 30
      vertex 78.6366 7.85411 30
    endloop
  endfacet
  facet normal -0.225029 -0.974352 -0
    outer loop
      vertex 78.708 7.83762 30
      vertex 78.6366 7.85411 21.5
      vertex 78.708 7.83762 21.5
    endloop
  endfacet
  facet normal -0.325667 -0.945485 0
    outer loop
      vertex 78.8489 7.79722 21.5
      vertex 78.9182 7.77335 30
      vertex 78.8489 7.79722 30
    endloop
  endfacet
  facet normal -0.325667 -0.945485 -0
    outer loop
      vertex 78.9182 7.77335 30
      vertex 78.8489 7.79722 21.5
      vertex 78.9182 7.77335 21.5
    endloop
  endfacet
  facet normal -0.656202 -0.754585 0
    outer loop
      vertex 79.5499 7.40869 21.5
      vertex 79.6052 7.3606 30
      vertex 79.5499 7.40869 30
    endloop
  endfacet
  facet normal -0.656202 -0.754585 -0
    outer loop
      vertex 79.6052 7.3606 30
      vertex 79.5499 7.40869 21.5
      vertex 79.6052 7.3606 21.5
    endloop
  endfacet
  facet normal 0.956426 -0.291976 0
    outer loop
      vertex 76.1814 6.37884 30
      vertex 76.2028 6.44894 21.5
      vertex 76.2028 6.44894 30
    endloop
  endfacet
  facet normal 0.956426 -0.291976 0
    outer loop
      vertex 76.2028 6.44894 21.5
      vertex 76.1814 6.37884 30
      vertex 76.1814 6.37884 21.5
    endloop
  endfacet
  facet normal 0.777315 -0.629112 0
    outer loop
      vertex 76.5452 7.09289 30
      vertex 76.5913 7.14985 21.5
      vertex 76.5913 7.14985 30
    endloop
  endfacet
  facet normal 0.777315 -0.629112 0
    outer loop
      vertex 76.5913 7.14985 21.5
      vertex 76.5452 7.09289 30
      vertex 76.5452 7.09289 21.5
    endloop
  endfacet
  facet normal 0.945778 -0.324813 0
    outer loop
      vertex 76.2028 6.44894 30
      vertex 76.2266 6.51824 21.5
      vertex 76.2266 6.51824 30
    endloop
  endfacet
  facet normal 0.945778 -0.324813 0
    outer loop
      vertex 76.2266 6.51824 21.5
      vertex 76.2028 6.44894 30
      vertex 76.2028 6.44894 21.5
    endloop
  endfacet
  facet normal 0.454077 -0.890962 0
    outer loop
      vertex 77.2141 7.65419 21.5
      vertex 77.2794 7.68747 30
      vertex 77.2141 7.65419 30
    endloop
  endfacet
  facet normal 0.454077 -0.890962 0
    outer loop
      vertex 77.2794 7.68747 30
      vertex 77.2141 7.65419 21.5
      vertex 77.2794 7.68747 21.5
    endloop
  endfacet
  facet normal 0.422176 -0.906514 0
    outer loop
      vertex 77.2794 7.68747 21.5
      vertex 77.3459 7.71844 30
      vertex 77.2794 7.68747 30
    endloop
  endfacet
  facet normal 0.422176 -0.906514 0
    outer loop
      vertex 77.3459 7.71844 30
      vertex 77.2794 7.68747 21.5
      vertex 77.3459 7.71844 21.5
    endloop
  endfacet
  facet normal 0.656202 -0.754585 0
    outer loop
      vertex 76.7948 7.3606 21.5
      vertex 76.8501 7.40869 30
      vertex 76.7948 7.3606 30
    endloop
  endfacet
  facet normal 0.656202 -0.754585 0
    outer loop
      vertex 76.8501 7.40869 30
      vertex 76.7948 7.3606 21.5
      vertex 76.8501 7.40869 21.5
    endloop
  endfacet
  facet normal 0.0870654 -0.996203 0
    outer loop
      vertex 77.9805 7.8885 21.5
      vertex 78.0535 7.89488 30
      vertex 77.9805 7.8885 30
    endloop
  endfacet
  facet normal 0.0870654 -0.996203 0
    outer loop
      vertex 78.0535 7.89488 30
      vertex 77.9805 7.8885 21.5
      vertex 78.0535 7.89488 21.5
    endloop
  endfacet
  facet normal -0.987619 0.156873 0
    outer loop
      vertex 80.2681 5.43534 21.5
      vertex 80.2796 5.50774 30
      vertex 80.2796 5.50774 21.5
    endloop
  endfacet
  facet normal -0.987619 0.156873 0
    outer loop
      vertex 80.2796 5.50774 30
      vertex 80.2681 5.43534 21.5
      vertex 80.2681 5.43534 30
    endloop
  endfacet
  facet normal -0.731237 0.682124 0
    outer loop
      vertex 79.7106 4.34122 21.5
      vertex 79.7606 4.39482 30
      vertex 79.7606 4.39482 21.5
    endloop
  endfacet
  facet normal -0.731237 0.682124 0
    outer loop
      vertex 79.7606 4.39482 30
      vertex 79.7106 4.34122 21.5
      vertex 79.7106 4.34122 30
    endloop
  endfacet
  facet normal -0.121887 0.992544 0
    outer loop
      vertex 78.4923 3.72044 21.5
      vertex 78.4195 3.7115 30
      vertex 78.4923 3.72044 30
    endloop
  endfacet
  facet normal -0.121887 0.992544 0
    outer loop
      vertex 78.4195 3.7115 30
      vertex 78.4923 3.72044 21.5
      vertex 78.4195 3.7115 21.5
    endloop
  endfacet
  facet normal -0.358075 0.933693 0
    outer loop
      vertex 78.9867 3.85291 21.5
      vertex 78.9182 3.82664 30
      vertex 78.9867 3.85291 30
    endloop
  endfacet
  facet normal -0.358075 0.933693 0
    outer loop
      vertex 78.9182 3.82664 30
      vertex 78.9867 3.85291 21.5
      vertex 78.9182 3.82664 21.5
    endloop
  endfacet
  facet normal -0.9926 -0.121431 0
    outer loop
      vertex 80.2885 6.01951 21.5
      vertex 80.2796 6.09226 30
      vertex 80.2796 6.09226 21.5
    endloop
  endfacet
  facet normal -0.9926 -0.121431 0
    outer loop
      vertex 80.2796 6.09226 30
      vertex 80.2885 6.01951 21.5
      vertex 80.2885 6.01951 30
    endloop
  endfacet
  facet normal -0.987619 -0.156873 0
    outer loop
      vertex 80.2796 6.09226 21.5
      vertex 80.2681 6.16466 30
      vertex 80.2681 6.16466 21.5
    endloop
  endfacet
  facet normal -0.987619 -0.156873 0
    outer loop
      vertex 80.2681 6.16466 30
      vertex 80.2796 6.09226 21.5
      vertex 80.2796 6.09226 30
    endloop
  endfacet
  facet normal -0.956044 -0.293223 0
    outer loop
      vertex 80.2187 6.37884 21.5
      vertex 80.1972 6.44894 30
      vertex 80.1972 6.44894 21.5
    endloop
  endfacet
  facet normal -0.956044 -0.293223 0
    outer loop
      vertex 80.1972 6.44894 30
      vertex 80.2187 6.37884 21.5
      vertex 80.2187 6.37884 30
    endloop
  endfacet
  facet normal -0.945778 -0.324813 0
    outer loop
      vertex 80.1972 6.44894 21.5
      vertex 80.1734 6.51824 30
      vertex 80.1734 6.51824 21.5
    endloop
  endfacet
  facet normal -0.945778 -0.324813 0
    outer loop
      vertex 80.1734 6.51824 30
      vertex 80.1972 6.44894 21.5
      vertex 80.1972 6.44894 30
    endloop
  endfacet
  facet normal -0.974343 -0.225069 0
    outer loop
      vertex 80.2541 6.23661 21.5
      vertex 80.2376 6.30804 30
      vertex 80.2376 6.30804 21.5
    endloop
  endfacet
  facet normal -0.974343 -0.225069 0
    outer loop
      vertex 80.2376 6.30804 30
      vertex 80.2541 6.23661 21.5
      vertex 80.2541 6.23661 30
    endloop
  endfacet
  facet normal -0.777315 -0.629112 0
    outer loop
      vertex 79.8548 7.09289 21.5
      vertex 79.8087 7.14985 30
      vertex 79.8087 7.14985 21.5
    endloop
  endfacet
  facet normal -0.777315 -0.629112 0
    outer loop
      vertex 79.8087 7.14985 30
      vertex 79.8548 7.09289 21.5
      vertex 79.8548 7.09289 30
    endloop
  endfacet
  facet normal -0.798721 -0.601701 0
    outer loop
      vertex 79.8989 7.03435 21.5
      vertex 79.8548 7.09289 30
      vertex 79.8548 7.09289 21.5
    endloop
  endfacet
  facet normal -0.798721 -0.601701 0
    outer loop
      vertex 79.8548 7.09289 30
      vertex 79.8989 7.03435 21.5
      vertex 79.8989 7.03435 30
    endloop
  endfacet
  facet normal -0.856879 -0.515518 0
    outer loop
      vertex 80.0187 6.85 21.5
      vertex 79.9809 6.91283 30
      vertex 79.9809 6.91283 21.5
    endloop
  endfacet
  facet normal -0.856879 -0.515518 0
    outer loop
      vertex 79.9809 6.91283 30
      vertex 80.0187 6.85 21.5
      vertex 80.0187 6.85 30
    endloop
  endfacet
  facet normal -0.906709 -0.421757 0
    outer loop
      vertex 80.1184 6.65415 21.5
      vertex 80.0875 6.72058 30
      vertex 80.0875 6.72058 21.5
    endloop
  endfacet
  facet normal -0.906709 -0.421757 0
    outer loop
      vertex 80.0875 6.72058 30
      vertex 80.1184 6.65415 21.5
      vertex 80.1184 6.65415 30
    endloop
  endfacet
  facet normal -0.121887 -0.992544 0
    outer loop
      vertex 78.4195 7.8885 21.5
      vertex 78.4923 7.87956 30
      vertex 78.4195 7.8885 30
    endloop
  endfacet
  facet normal -0.121887 -0.992544 -0
    outer loop
      vertex 78.4923 7.87956 30
      vertex 78.4195 7.8885 21.5
      vertex 78.4923 7.87956 21.5
    endloop
  endfacet
  facet normal -0.29235 -0.956311 0
    outer loop
      vertex 78.7788 7.81865 21.5
      vertex 78.8489 7.79722 30
      vertex 78.7788 7.81865 30
    endloop
  endfacet
  facet normal -0.29235 -0.956311 -0
    outer loop
      vertex 78.8489 7.79722 30
      vertex 78.7788 7.81865 21.5
      vertex 78.8489 7.79722 21.5
    endloop
  endfacet
  facet normal -0.258809 -0.965929 0
    outer loop
      vertex 78.708 7.83762 21.5
      vertex 78.7788 7.81865 30
      vertex 78.708 7.83762 30
    endloop
  endfacet
  facet normal -0.258809 -0.965929 -0
    outer loop
      vertex 78.7788 7.81865 30
      vertex 78.708 7.83762 21.5
      vertex 78.7788 7.81865 21.5
    endloop
  endfacet
  facet normal -0.0870654 -0.996203 0
    outer loop
      vertex 78.3465 7.89488 21.5
      vertex 78.4195 7.8885 30
      vertex 78.3465 7.89488 30
    endloop
  endfacet
  facet normal -0.0870654 -0.996203 -0
    outer loop
      vertex 78.4195 7.8885 30
      vertex 78.3465 7.89488 21.5
      vertex 78.4195 7.8885 21.5
    endloop
  endfacet
  facet normal -0.484901 -0.874569 0
    outer loop
      vertex 79.1859 7.65419 21.5
      vertex 79.25 7.61865 30
      vertex 79.1859 7.65419 30
    endloop
  endfacet
  facet normal -0.484901 -0.874569 -0
    outer loop
      vertex 79.25 7.61865 30
      vertex 79.1859 7.65419 21.5
      vertex 79.25 7.61865 21.5
    endloop
  endfacet
  facet normal -0.422176 -0.906514 0
    outer loop
      vertex 79.0541 7.71844 21.5
      vertex 79.1206 7.68747 30
      vertex 79.0541 7.71844 30
    endloop
  endfacet
  facet normal -0.422176 -0.906514 -0
    outer loop
      vertex 79.1206 7.68747 30
      vertex 79.0541 7.71844 21.5
      vertex 79.1206 7.68747 21.5
    endloop
  endfacet
  facet normal -0.682051 -0.731305 0
    outer loop
      vertex 79.6052 7.3606 21.5
      vertex 79.6588 7.31061 30
      vertex 79.6052 7.3606 30
    endloop
  endfacet
  facet normal -0.682051 -0.731305 -0
    outer loop
      vertex 79.6588 7.31061 30
      vertex 79.6052 7.3606 21.5
      vertex 79.6588 7.31061 21.5
    endloop
  endfacet
  facet normal 0.9926 -0.121431 0
    outer loop
      vertex 76.1115 6.01951 30
      vertex 76.1204 6.09226 21.5
      vertex 76.1204 6.09226 30
    endloop
  endfacet
  facet normal 0.9926 -0.121431 0
    outer loop
      vertex 76.1204 6.09226 21.5
      vertex 76.1115 6.01951 30
      vertex 76.1115 6.01951 21.5
    endloop
  endfacet
  facet normal 0.856879 -0.515518 0
    outer loop
      vertex 76.3813 6.85 30
      vertex 76.4191 6.91283 21.5
      vertex 76.4191 6.91283 30
    endloop
  endfacet
  facet normal 0.856879 -0.515518 0
    outer loop
      vertex 76.4191 6.91283 21.5
      vertex 76.3813 6.85 30
      vertex 76.3813 6.85 21.5
    endloop
  endfacet
  facet normal 0.874832 -0.484426 0
    outer loop
      vertex 76.3458 6.78589 30
      vertex 76.3813 6.85 21.5
      vertex 76.3813 6.85 30
    endloop
  endfacet
  facet normal 0.874832 -0.484426 0
    outer loop
      vertex 76.3813 6.85 21.5
      vertex 76.3458 6.78589 30
      vertex 76.3458 6.78589 21.5
    endloop
  endfacet
  facet normal 0.974343 -0.225069 0
    outer loop
      vertex 76.1459 6.23661 30
      vertex 76.1624 6.30804 21.5
      vertex 76.1624 6.30804 30
    endloop
  endfacet
  facet normal 0.974343 -0.225069 0
    outer loop
      vertex 76.1624 6.30804 21.5
      vertex 76.1459 6.23661 30
      vertex 76.1459 6.23661 21.5
    endloop
  endfacet
  facet normal 0.996181 -0.0873125 0
    outer loop
      vertex 76.1051 5.94649 30
      vertex 76.1115 6.01951 21.5
      vertex 76.1115 6.01951 30
    endloop
  endfacet
  facet normal 0.996181 -0.0873125 0
    outer loop
      vertex 76.1115 6.01951 21.5
      vertex 76.1051 5.94649 30
      vertex 76.1051 5.94649 21.5
    endloop
  endfacet
  facet normal 0.601395 -0.798952 0
    outer loop
      vertex 76.9071 7.45482 21.5
      vertex 76.9657 7.49893 30
      vertex 76.9071 7.45482 30
    endloop
  endfacet
  facet normal 0.601395 -0.798952 0
    outer loop
      vertex 76.9657 7.49893 30
      vertex 76.9071 7.45482 21.5
      vertex 76.9657 7.49893 21.5
    endloop
  endfacet
  facet normal 0.515198 -0.857071 0
    outer loop
      vertex 77.0872 7.5809 21.5
      vertex 77.15 7.61865 30
      vertex 77.0872 7.5809 30
    endloop
  endfacet
  facet normal 0.515198 -0.857071 0
    outer loop
      vertex 77.15 7.61865 30
      vertex 77.0872 7.5809 21.5
      vertex 77.15 7.61865 21.5
    endloop
  endfacet
  facet normal 0.544461 -0.838786 0
    outer loop
      vertex 77.0257 7.54098 21.5
      vertex 77.0872 7.5809 30
      vertex 77.0257 7.54098 30
    endloop
  endfacet
  facet normal 0.544461 -0.838786 0
    outer loop
      vertex 77.0872 7.5809 30
      vertex 77.0257 7.54098 21.5
      vertex 77.0872 7.5809 21.5
    endloop
  endfacet
  facet normal 0.29235 -0.956311 0
    outer loop
      vertex 77.5511 7.79722 21.5
      vertex 77.6212 7.81865 30
      vertex 77.5511 7.79722 30
    endloop
  endfacet
  facet normal 0.29235 -0.956311 0
    outer loop
      vertex 77.6212 7.81865 30
      vertex 77.5511 7.79722 21.5
      vertex 77.6212 7.81865 21.5
    endloop
  endfacet
  facet normal 0.225029 -0.974352 0
    outer loop
      vertex 77.692 7.83762 21.5
      vertex 77.7634 7.85411 30
      vertex 77.692 7.83762 30
    endloop
  endfacet
  facet normal 0.225029 -0.974352 0
    outer loop
      vertex 77.7634 7.85411 30
      vertex 77.692 7.83762 21.5
      vertex 77.7634 7.85411 21.5
    endloop
  endfacet
  facet normal 0.156341 -0.987703 0
    outer loop
      vertex 77.8353 7.8681 21.5
      vertex 77.9077 7.87956 30
      vertex 77.8353 7.8681 30
    endloop
  endfacet
  facet normal 0.156341 -0.987703 0
    outer loop
      vertex 77.9077 7.87956 30
      vertex 77.8353 7.8681 21.5
      vertex 77.9077 7.87956 21.5
    endloop
  endfacet
  facet normal 0.052387 -0.998627 0
    outer loop
      vertex 78.0535 7.89488 21.5
      vertex 78.1267 7.89872 30
      vertex 78.0535 7.89488 30
    endloop
  endfacet
  facet normal 0.052387 -0.998627 0
    outer loop
      vertex 78.1267 7.89872 30
      vertex 78.0535 7.89488 21.5
      vertex 78.1267 7.89872 21.5
    endloop
  endfacet
  facet normal -0.754694 0.656077 0
    outer loop
      vertex 79.7606 4.39482 21.5
      vertex 79.8087 4.45015 30
      vertex 79.8087 4.45015 21.5
    endloop
  endfacet
  facet normal -0.754694 0.656077 0
    outer loop
      vertex 79.8087 4.45015 30
      vertex 79.7606 4.39482 21.5
      vertex 79.7606 4.39482 30
    endloop
  endfacet
  facet normal 0.754694 0.656077 0
    outer loop
      vertex 76.6394 4.39482 30
      vertex 76.5913 4.45015 21.5
      vertex 76.5913 4.45015 30
    endloop
  endfacet
  facet normal 0.754694 0.656077 0
    outer loop
      vertex 76.5913 4.45015 21.5
      vertex 76.6394 4.39482 30
      vertex 76.6394 4.39482 21.5
    endloop
  endfacet
  facet normal 0.856879 0.515518 0
    outer loop
      vertex 76.4191 4.68717 30
      vertex 76.3813 4.75 21.5
      vertex 76.3813 4.75 30
    endloop
  endfacet
  facet normal 0.856879 0.515518 0
    outer loop
      vertex 76.3813 4.75 21.5
      vertex 76.4191 4.68717 30
      vertex 76.4191 4.68717 21.5
    endloop
  endfacet
  facet normal 0.945778 0.324813 0
    outer loop
      vertex 76.2266 5.08176 30
      vertex 76.2028 5.15106 21.5
      vertex 76.2028 5.15106 30
    endloop
  endfacet
  facet normal 0.945778 0.324813 0
    outer loop
      vertex 76.2028 5.15106 21.5
      vertex 76.2266 5.08176 30
      vertex 76.2266 5.08176 21.5
    endloop
  endfacet
  facet normal -0.190994 0.981591 0
    outer loop
      vertex 78.6366 3.74589 21.5
      vertex 78.5647 3.7319 30
      vertex 78.6366 3.74589 30
    endloop
  endfacet
  facet normal -0.190994 0.981591 0
    outer loop
      vertex 78.5647 3.7319 30
      vertex 78.6366 3.74589 21.5
      vertex 78.5647 3.7319 21.5
    endloop
  endfacet
  facet normal -0.325545 0.945527 0
    outer loop
      vertex 78.9182 3.82664 21.5
      vertex 78.8489 3.80278 30
      vertex 78.9182 3.82664 30
    endloop
  endfacet
  facet normal -0.325545 0.945527 0
    outer loop
      vertex 78.8489 3.80278 30
      vertex 78.9182 3.82664 21.5
      vertex 78.8489 3.80278 21.5
    endloop
  endfacet
  facet normal -0.996181 -0.0873125 0
    outer loop
      vertex 80.2949 5.94649 21.5
      vertex 80.2885 6.01951 30
      vertex 80.2885 6.01951 21.5
    endloop
  endfacet
  facet normal -0.996181 -0.0873125 0
    outer loop
      vertex 80.2885 6.01951 30
      vertex 80.2949 5.94649 21.5
      vertex 80.2949 5.94649 30
    endloop
  endfacet
  facet normal -0.998655 -0.0518428 0
    outer loop
      vertex 80.2987 5.87329 21.5
      vertex 80.2949 5.94649 30
      vertex 80.2949 5.94649 21.5
    endloop
  endfacet
  facet normal -0.998655 -0.0518428 0
    outer loop
      vertex 80.2949 5.94649 30
      vertex 80.2987 5.87329 21.5
      vertex 80.2987 5.87329 30
    endloop
  endfacet
  facet normal -0.7313 -0.682056 0
    outer loop
      vertex 79.7606 7.20517 21.5
      vertex 79.7106 7.25878 30
      vertex 79.7106 7.25878 21.5
    endloop
  endfacet
  facet normal -0.7313 -0.682056 0
    outer loop
      vertex 79.7106 7.25878 30
      vertex 79.7606 7.20517 21.5
      vertex 79.7606 7.20517 30
    endloop
  endfacet
  facet normal -0.156341 -0.987703 0
    outer loop
      vertex 78.4923 7.87956 21.5
      vertex 78.5647 7.8681 30
      vertex 78.4923 7.87956 30
    endloop
  endfacet
  facet normal -0.156341 -0.987703 -0
    outer loop
      vertex 78.5647 7.8681 30
      vertex 78.4923 7.87956 21.5
      vertex 78.5647 7.8681 21.5
    endloop
  endfacet
  facet normal -0.052387 -0.998627 0
    outer loop
      vertex 78.2733 7.89872 21.5
      vertex 78.3465 7.89488 30
      vertex 78.2733 7.89872 30
    endloop
  endfacet
  facet normal -0.052387 -0.998627 -0
    outer loop
      vertex 78.3465 7.89488 30
      vertex 78.2733 7.89872 21.5
      vertex 78.3465 7.89488 21.5
    endloop
  endfacet
  facet normal -0.515198 -0.857071 0
    outer loop
      vertex 79.25 7.61865 21.5
      vertex 79.3128 7.5809 30
      vertex 79.25 7.61865 30
    endloop
  endfacet
  facet normal -0.515198 -0.857071 -0
    outer loop
      vertex 79.3128 7.5809 30
      vertex 79.25 7.61865 21.5
      vertex 79.3128 7.5809 21.5
    endloop
  endfacet
  facet normal -0.454077 -0.890962 0
    outer loop
      vertex 79.1206 7.68747 21.5
      vertex 79.1859 7.65419 30
      vertex 79.1206 7.68747 30
    endloop
  endfacet
  facet normal -0.454077 -0.890962 -0
    outer loop
      vertex 79.1859 7.65419 30
      vertex 79.1206 7.68747 21.5
      vertex 79.1859 7.65419 21.5
    endloop
  endfacet
  facet normal -0.57392 -0.818911 0
    outer loop
      vertex 79.3743 7.54098 21.5
      vertex 79.4343 7.49893 30
      vertex 79.3743 7.54098 30
    endloop
  endfacet
  facet normal -0.57392 -0.818911 -0
    outer loop
      vertex 79.4343 7.49893 30
      vertex 79.3743 7.54098 21.5
      vertex 79.4343 7.49893 21.5
    endloop
  endfacet
  facet normal -0.629092 -0.777331 0
    outer loop
      vertex 79.4929 7.45482 21.5
      vertex 79.5499 7.40869 30
      vertex 79.4929 7.45482 30
    endloop
  endfacet
  facet normal -0.629092 -0.777331 -0
    outer loop
      vertex 79.5499 7.40869 30
      vertex 79.4929 7.45482 21.5
      vertex 79.5499 7.40869 21.5
    endloop
  endfacet
  facet normal 0.818815 -0.574057 0
    outer loop
      vertex 76.459 6.9743 30
      vertex 76.5011 7.03435 21.5
      vertex 76.5011 7.03435 30
    endloop
  endfacet
  facet normal 0.818815 -0.574057 0
    outer loop
      vertex 76.5011 7.03435 21.5
      vertex 76.459 6.9743 30
      vertex 76.459 6.9743 21.5
    endloop
  endfacet
  facet normal 0.920228 -0.391383 0
    outer loop
      vertex 76.2529 6.58667 30
      vertex 76.2816 6.65415 21.5
      vertex 76.2816 6.65415 30
    endloop
  endfacet
  facet normal 0.920228 -0.391383 0
    outer loop
      vertex 76.2816 6.65415 21.5
      vertex 76.2529 6.58667 30
      vertex 76.2529 6.58667 21.5
    endloop
  endfacet
  facet normal 0.89088 -0.454238 0
    outer loop
      vertex 76.3125 6.72058 30
      vertex 76.3458 6.78589 21.5
      vertex 76.3458 6.78589 30
    endloop
  endfacet
  facet normal 0.89088 -0.454238 0
    outer loop
      vertex 76.3458 6.78589 21.5
      vertex 76.3125 6.72058 30
      vertex 76.3125 6.72058 21.5
    endloop
  endfacet
  facet normal 0.83879 -0.544456 0
    outer loop
      vertex 76.4191 6.91283 30
      vertex 76.459 6.9743 21.5
      vertex 76.459 6.9743 30
    endloop
  endfacet
  facet normal 0.83879 -0.544456 0
    outer loop
      vertex 76.459 6.9743 21.5
      vertex 76.4191 6.91283 30
      vertex 76.4191 6.91283 21.5
    endloop
  endfacet
  facet normal 0.933433 -0.358751 0
    outer loop
      vertex 76.2266 6.51824 30
      vertex 76.2529 6.58667 21.5
      vertex 76.2529 6.58667 30
    endloop
  endfacet
  facet normal 0.933433 -0.358751 0
    outer loop
      vertex 76.2529 6.58667 21.5
      vertex 76.2266 6.51824 30
      vertex 76.2266 6.51824 21.5
    endloop
  endfacet
  facet normal 0.965826 -0.259191 0
    outer loop
      vertex 76.1624 6.30804 30
      vertex 76.1814 6.37884 21.5
      vertex 76.1814 6.37884 30
    endloop
  endfacet
  facet normal 0.965826 -0.259191 0
    outer loop
      vertex 76.1814 6.37884 21.5
      vertex 76.1624 6.30804 30
      vertex 76.1624 6.30804 21.5
    endloop
  endfacet
  facet normal 0.987619 -0.156873 0
    outer loop
      vertex 76.1204 6.09226 30
      vertex 76.1319 6.16466 21.5
      vertex 76.1319 6.16466 30
    endloop
  endfacet
  facet normal 0.987619 -0.156873 0
    outer loop
      vertex 76.1319 6.16466 21.5
      vertex 76.1204 6.09226 30
      vertex 76.1204 6.09226 21.5
    endloop
  endfacet
  facet normal 0.998655 -0.0518428 0
    outer loop
      vertex 76.1013 5.87329 30
      vertex 76.1051 5.94649 21.5
      vertex 76.1051 5.94649 30
    endloop
  endfacet
  facet normal 0.998655 -0.0518428 0
    outer loop
      vertex 76.1051 5.94649 21.5
      vertex 76.1013 5.87329 30
      vertex 76.1013 5.87329 21.5
    endloop
  endfacet
  facet normal 0.391198 -0.920306 0
    outer loop
      vertex 77.3459 7.71844 21.5
      vertex 77.4133 7.74709 30
      vertex 77.3459 7.71844 30
    endloop
  endfacet
  facet normal 0.391198 -0.920306 0
    outer loop
      vertex 77.4133 7.74709 30
      vertex 77.3459 7.71844 21.5
      vertex 77.4133 7.74709 21.5
    endloop
  endfacet
  facet normal 0.484901 -0.874569 0
    outer loop
      vertex 77.15 7.61865 21.5
      vertex 77.2141 7.65419 30
      vertex 77.15 7.61865 30
    endloop
  endfacet
  facet normal 0.484901 -0.874569 0
    outer loop
      vertex 77.2141 7.65419 30
      vertex 77.15 7.61865 21.5
      vertex 77.2141 7.65419 21.5
    endloop
  endfacet
  facet normal 0.629092 -0.777331 0
    outer loop
      vertex 76.8501 7.40869 21.5
      vertex 76.9071 7.45482 30
      vertex 76.8501 7.40869 30
    endloop
  endfacet
  facet normal 0.629092 -0.777331 0
    outer loop
      vertex 76.9071 7.45482 30
      vertex 76.8501 7.40869 21.5
      vertex 76.9071 7.45482 21.5
    endloop
  endfacet
  facet normal 0.57392 -0.818911 0
    outer loop
      vertex 76.9657 7.49893 21.5
      vertex 77.0257 7.54098 30
      vertex 76.9657 7.49893 30
    endloop
  endfacet
  facet normal 0.57392 -0.818911 0
    outer loop
      vertex 77.0257 7.54098 30
      vertex 76.9657 7.49893 21.5
      vertex 77.0257 7.54098 21.5
    endloop
  endfacet
  facet normal 0.325667 -0.945485 0
    outer loop
      vertex 77.4818 7.77335 21.5
      vertex 77.5511 7.79722 30
      vertex 77.4818 7.77335 30
    endloop
  endfacet
  facet normal 0.325667 -0.945485 0
    outer loop
      vertex 77.5511 7.79722 30
      vertex 77.4818 7.77335 21.5
      vertex 77.5511 7.79722 21.5
    endloop
  endfacet
  facet normal 0.258809 -0.965929 0
    outer loop
      vertex 77.6212 7.81865 21.5
      vertex 77.692 7.83762 30
      vertex 77.6212 7.81865 30
    endloop
  endfacet
  facet normal 0.258809 -0.965929 0
    outer loop
      vertex 77.692 7.83762 30
      vertex 77.6212 7.81865 21.5
      vertex 77.692 7.83762 21.5
    endloop
  endfacet
  facet normal 0.190994 -0.981591 0
    outer loop
      vertex 77.7634 7.85411 21.5
      vertex 77.8353 7.8681 30
      vertex 77.7634 7.85411 30
    endloop
  endfacet
  facet normal 0.190994 -0.981591 0
    outer loop
      vertex 77.8353 7.8681 30
      vertex 77.7634 7.85411 21.5
      vertex 77.8353 7.8681 21.5
    endloop
  endfacet
  facet normal 0.121887 -0.992544 0
    outer loop
      vertex 77.9077 7.87956 21.5
      vertex 77.9805 7.8885 30
      vertex 77.9077 7.87956 30
    endloop
  endfacet
  facet normal 0.121887 -0.992544 0
    outer loop
      vertex 77.9805 7.8885 30
      vertex 77.9077 7.87956 21.5
      vertex 77.9805 7.8885 21.5
    endloop
  endfacet
  facet normal 0.0174598 -0.999848 0
    outer loop
      vertex 78.1267 7.89872 21.5
      vertex 78.2 7.9 30
      vertex 78.1267 7.89872 30
    endloop
  endfacet
  facet normal 0.0174598 -0.999848 0
    outer loop
      vertex 78.2 7.9 30
      vertex 78.1267 7.89872 21.5
      vertex 78.2 7.9 21.5
    endloop
  endfacet
  facet normal -0.996181 0.0873125 0
    outer loop
      vertex 80.2885 5.58049 21.5
      vertex 80.2949 5.65351 30
      vertex 80.2949 5.65351 21.5
    endloop
  endfacet
  facet normal -0.996181 0.0873125 0
    outer loop
      vertex 80.2949 5.65351 30
      vertex 80.2885 5.58049 21.5
      vertex 80.2885 5.58049 30
    endloop
  endfacet
  facet normal -0.998655 0.0518428 0
    outer loop
      vertex 80.2949 5.65351 21.5
      vertex 80.2987 5.72671 30
      vertex 80.2987 5.72671 21.5
    endloop
  endfacet
  facet normal -0.998655 0.0518428 0
    outer loop
      vertex 80.2987 5.72671 30
      vertex 80.2949 5.65351 21.5
      vertex 80.2949 5.65351 30
    endloop
  endfacet
  facet normal -0.981591 0.190997 0
    outer loop
      vertex 80.2541 5.36339 21.5
      vertex 80.2681 5.43534 30
      vertex 80.2681 5.43534 21.5
    endloop
  endfacet
  facet normal -0.981591 0.190997 0
    outer loop
      vertex 80.2681 5.43534 30
      vertex 80.2541 5.36339 21.5
      vertex 80.2541 5.36339 30
    endloop
  endfacet
  facet normal -0.966167 0.257917 0
    outer loop
      vertex 80.2187 5.22116 21.5
      vertex 80.2376 5.29196 30
      vertex 80.2376 5.29196 21.5
    endloop
  endfacet
  facet normal -0.966167 0.257917 0
    outer loop
      vertex 80.2376 5.29196 30
      vertex 80.2187 5.22116 21.5
      vertex 80.2187 5.22116 30
    endloop
  endfacet
  facet normal -0.945778 0.324813 0
    outer loop
      vertex 80.1734 5.08176 21.5
      vertex 80.1972 5.15106 30
      vertex 80.1972 5.15106 21.5
    endloop
  endfacet
  facet normal -0.945778 0.324813 0
    outer loop
      vertex 80.1972 5.15106 30
      vertex 80.1734 5.08176 21.5
      vertex 80.1734 5.08176 30
    endloop
  endfacet
  facet normal -0.707311 0.706902 0
    outer loop
      vertex 79.7106 4.34122 21.5
      vertex 79.6588 4.28939 30
      vertex 79.7106 4.34122 30
    endloop
  endfacet
  facet normal -0.707311 0.706902 0
    outer loop
      vertex 79.6588 4.28939 30
      vertex 79.7106 4.34122 21.5
      vertex 79.6588 4.28939 21.5
    endloop
  endfacet
  facet normal -0.484901 0.874569 0
    outer loop
      vertex 79.25 3.98135 21.5
      vertex 79.1859 3.94581 30
      vertex 79.25 3.98135 30
    endloop
  endfacet
  facet normal -0.484901 0.874569 0
    outer loop
      vertex 79.1859 3.94581 30
      vertex 79.25 3.98135 21.5
      vertex 79.1859 3.94581 21.5
    endloop
  endfacet
  facet normal 0.156341 0.987703 -0
    outer loop
      vertex 77.9077 3.72044 21.5
      vertex 77.8353 3.7319 30
      vertex 77.9077 3.72044 30
    endloop
  endfacet
  facet normal 0.156341 0.987703 0
    outer loop
      vertex 77.8353 3.7319 30
      vertex 77.9077 3.72044 21.5
      vertex 77.8353 3.7319 21.5
    endloop
  endfacet
  facet normal 0.83883 0.544394 0
    outer loop
      vertex 76.459 4.62569 30
      vertex 76.4191 4.68717 21.5
      vertex 76.4191 4.68717 30
    endloop
  endfacet
  facet normal 0.83883 0.544394 0
    outer loop
      vertex 76.4191 4.68717 21.5
      vertex 76.459 4.62569 30
      vertex 76.459 4.62569 21.5
    endloop
  endfacet
  facet normal 0.9926 0.121431 0
    outer loop
      vertex 76.1204 5.50774 30
      vertex 76.1115 5.58049 21.5
      vertex 76.1115 5.58049 30
    endloop
  endfacet
  facet normal 0.9926 0.121431 0
    outer loop
      vertex 76.1115 5.58049 21.5
      vertex 76.1204 5.50774 30
      vertex 76.1204 5.50774 21.5
    endloop
  endfacet
  facet normal 0.987619 0.156873 0
    outer loop
      vertex 76.1319 5.43534 30
      vertex 76.1204 5.50774 21.5
      vertex 76.1204 5.50774 30
    endloop
  endfacet
  facet normal 0.987619 0.156873 0
    outer loop
      vertex 76.1204 5.50774 21.5
      vertex 76.1319 5.43534 30
      vertex 76.1319 5.43534 21.5
    endloop
  endfacet
  facet normal 0 0 1
    outer loop
      vertex 80.2987 5.87329 21.5
      vertex 80.2987 5.72671 21.5
      vertex 80.3 5.8 21.5
    endloop
  endfacet
  facet normal 0 0 1
    outer loop
      vertex 80.2949 5.94649 21.5
      vertex 80.2987 5.72671 21.5
      vertex 80.2987 5.87329 21.5
    endloop
  endfacet
  facet normal 0 0 1
    outer loop
      vertex 80.2949 5.94649 21.5
      vertex 80.2949 5.65351 21.5
      vertex 80.2987 5.72671 21.5
    endloop
  endfacet
  facet normal 0 0 1
    outer loop
      vertex 80.2885 6.01951 21.5
      vertex 80.2949 5.65351 21.5
      vertex 80.2949 5.94649 21.5
    endloop
  endfacet
  facet normal 0 0 1
    outer loop
      vertex 80.2885 6.01951 21.5
      vertex 80.2885 5.58049 21.5
      vertex 80.2949 5.65351 21.5
    endloop
  endfacet
  facet normal 0 0 1
    outer loop
      vertex 80.2796 6.09226 21.5
      vertex 80.2885 5.58049 21.5
      vertex 80.2885 6.01951 21.5
    endloop
  endfacet
  facet normal 0 0 1
    outer loop
      vertex 80.2796 6.09226 21.5
      vertex 80.2796 5.50774 21.5
      vertex 80.2885 5.58049 21.5
    endloop
  endfacet
  facet normal 0 0 1
    outer loop
      vertex 80.2681 6.16466 21.5
      vertex 80.2796 5.50774 21.5
      vertex 80.2796 6.09226 21.5
    endloop
  endfacet
  facet normal 0 0 1
    outer loop
      vertex 80.2681 6.16466 21.5
      vertex 80.2681 5.43534 21.5
      vertex 80.2796 5.50774 21.5
    endloop
  endfacet
  facet normal 0 0 1
    outer loop
      vertex 80.2541 6.23661 21.5
      vertex 80.2681 5.43534 21.5
      vertex 80.2681 6.16466 21.5
    endloop
  endfacet
  facet normal 0 0 1
    outer loop
      vertex 80.2541 6.23661 21.5
      vertex 80.2541 5.36339 21.5
      vertex 80.2681 5.43534 21.5
    endloop
  endfacet
  facet normal 0 0 1
    outer loop
      vertex 80.2376 6.30804 21.5
      vertex 80.2541 5.36339 21.5
      vertex 80.2541 6.23661 21.5
    endloop
  endfacet
  facet normal 0 0 1
    outer loop
      vertex 80.2376 6.30804 21.5
      vertex 80.2376 5.29196 21.5
      vertex 80.2541 5.36339 21.5
    endloop
  endfacet
  facet normal 0 0 1
    outer loop
      vertex 80.2187 6.37884 21.5
      vertex 80.2376 5.29196 21.5
      vertex 80.2376 6.30804 21.5
    endloop
  endfacet
  facet normal 0 0 1
    outer loop
      vertex 80.2187 6.37884 21.5
      vertex 80.2187 5.22116 21.5
      vertex 80.2376 5.29196 21.5
    endloop
  endfacet
  facet normal 0 0 1
    outer loop
      vertex 80.1972 6.44894 21.5
      vertex 80.2187 5.22116 21.5
      vertex 80.2187 6.37884 21.5
    endloop
  endfacet
  facet normal 0 0 1
    outer loop
      vertex 80.1972 6.44894 21.5
      vertex 80.1972 5.15106 21.5
      vertex 80.2187 5.22116 21.5
    endloop
  endfacet
  facet normal 0 0 1
    outer loop
      vertex 80.1734 6.51824 21.5
      vertex 80.1972 5.15106 21.5
      vertex 80.1972 6.44894 21.5
    endloop
  endfacet
  facet normal 0 0 1
    outer loop
      vertex 80.1734 6.51824 21.5
      vertex 80.1734 5.08176 21.5
      vertex 80.1972 5.15106 21.5
    endloop
  endfacet
  facet normal 0 0 1
    outer loop
      vertex 80.1471 6.58667 21.5
      vertex 80.1734 5.08176 21.5
      vertex 80.1734 6.51824 21.5
    endloop
  endfacet
  facet normal 0 0 1
    outer loop
      vertex 80.1471 6.58667 21.5
      vertex 80.1471 5.01333 21.5
      vertex 80.1734 5.08176 21.5
    endloop
  endfacet
  facet normal 0 0 1
    outer loop
      vertex 80.1184 6.65415 21.5
      vertex 80.1471 5.01333 21.5
      vertex 80.1471 6.58667 21.5
    endloop
  endfacet
  facet normal 0 0 1
    outer loop
      vertex 80.1184 6.65415 21.5
      vertex 80.1184 4.94585 21.5
      vertex 80.1471 5.01333 21.5
    endloop
  endfacet
  facet normal 0 0 1
    outer loop
      vertex 80.0875 6.72058 21.5
      vertex 80.1184 4.94585 21.5
      vertex 80.1184 6.65415 21.5
    endloop
  endfacet
  facet normal 0 0 1
    outer loop
      vertex 80.0875 6.72058 21.5
      vertex 80.0875 4.87942 21.5
      vertex 80.1184 4.94585 21.5
    endloop
  endfacet
  facet normal 0 0 1
    outer loop
      vertex 80.0542 6.78589 21.5
      vertex 80.0875 4.87942 21.5
      vertex 80.0875 6.72058 21.5
    endloop
  endfacet
  facet normal 0 0 1
    outer loop
      vertex 80.0542 6.78589 21.5
      vertex 80.0542 4.81411 21.5
      vertex 80.0875 4.87942 21.5
    endloop
  endfacet
  facet normal 0 0 1
    outer loop
      vertex 80.0187 6.85 21.5
      vertex 80.0542 4.81411 21.5
      vertex 80.0542 6.78589 21.5
    endloop
  endfacet
  facet normal 0 0 1
    outer loop
      vertex 80.0187 6.85 21.5
      vertex 80.0187 4.75 21.5
      vertex 80.0542 4.81411 21.5
    endloop
  endfacet
  facet normal 0 0 1
    outer loop
      vertex 79.9809 6.91283 21.5
      vertex 80.0187 4.75 21.5
      vertex 80.0187 6.85 21.5
    endloop
  endfacet
  facet normal 0 0 1
    outer loop
      vertex 79.9809 6.91283 21.5
      vertex 79.9809 4.68717 21.5
      vertex 80.0187 4.75 21.5
    endloop
  endfacet
  facet normal 0 0 1
    outer loop
      vertex 79.941 6.9743 21.5
      vertex 79.9809 4.68717 21.5
      vertex 79.9809 6.91283 21.5
    endloop
  endfacet
  facet normal 0 0 1
    outer loop
      vertex 79.941 6.9743 21.5
      vertex 79.941 4.62569 21.5
      vertex 79.9809 4.68717 21.5
    endloop
  endfacet
  facet normal 0 0 1
    outer loop
      vertex 79.8989 7.03435 21.5
      vertex 79.941 4.62569 21.5
      vertex 79.941 6.9743 21.5
    endloop
  endfacet
  facet normal 0 0 1
    outer loop
      vertex 79.8989 7.03435 21.5
      vertex 79.8989 4.56565 21.5
      vertex 79.941 4.62569 21.5
    endloop
  endfacet
  facet normal 0 0 1
    outer loop
      vertex 79.8548 7.09289 21.5
      vertex 79.8989 4.56565 21.5
      vertex 79.8989 7.03435 21.5
    endloop
  endfacet
  facet normal 0 0 1
    outer loop
      vertex 79.8548 7.09289 21.5
      vertex 79.8548 4.50711 21.5
      vertex 79.8989 4.56565 21.5
    endloop
  endfacet
  facet normal 0 0 1
    outer loop
      vertex 79.8087 7.14985 21.5
      vertex 79.8548 4.50711 21.5
      vertex 79.8548 7.09289 21.5
    endloop
  endfacet
  facet normal 0 0 1
    outer loop
      vertex 79.8087 7.14985 21.5
      vertex 79.8087 4.45015 21.5
      vertex 79.8548 4.50711 21.5
    endloop
  endfacet
  facet normal 0 0 1
    outer loop
      vertex 79.7606 7.20517 21.5
      vertex 79.8087 4.45015 21.5
      vertex 79.8087 7.14985 21.5
    endloop
  endfacet
  facet normal 0 0 1
    outer loop
      vertex 79.7606 7.20517 21.5
      vertex 79.7606 4.39482 21.5
      vertex 79.8087 4.45015 21.5
    endloop
  endfacet
  facet normal 0 0 1
    outer loop
      vertex 79.7106 7.25878 21.5
      vertex 79.7606 4.39482 21.5
      vertex 79.7606 7.20517 21.5
    endloop
  endfacet
  facet normal 0 0 1
    outer loop
      vertex 79.7106 7.25878 21.5
      vertex 79.7106 4.34122 21.5
      vertex 79.7606 4.39482 21.5
    endloop
  endfacet
  facet normal 0 0 1
    outer loop
      vertex 79.6588 7.31061 21.5
      vertex 79.7106 4.34122 21.5
      vertex 79.7106 7.25878 21.5
    endloop
  endfacet
  facet normal 0 0 1
    outer loop
      vertex 79.6588 7.31061 21.5
      vertex 79.6588 4.28939 21.5
      vertex 79.7106 4.34122 21.5
    endloop
  endfacet
  facet normal 0 0 1
    outer loop
      vertex 79.6052 7.3606 21.5
      vertex 79.6588 4.28939 21.5
      vertex 79.6588 7.31061 21.5
    endloop
  endfacet
  facet normal 0 0 1
    outer loop
      vertex 79.6052 7.3606 21.5
      vertex 79.6052 4.2394 21.5
      vertex 79.6588 4.28939 21.5
    endloop
  endfacet
  facet normal 0 0 1
    outer loop
      vertex 79.5499 7.40869 21.5
      vertex 79.6052 4.2394 21.5
      vertex 79.6052 7.3606 21.5
    endloop
  endfacet
  facet normal 0 0 1
    outer loop
      vertex 79.5499 7.40869 21.5
      vertex 79.5499 4.19131 21.5
      vertex 79.6052 4.2394 21.5
    endloop
  endfacet
  facet normal 0 0 1
    outer loop
      vertex 79.4929 7.45482 21.5
      vertex 79.5499 4.19131 21.5
      vertex 79.5499 7.40869 21.5
    endloop
  endfacet
  facet normal 0 0 1
    outer loop
      vertex 79.4929 7.45482 21.5
      vertex 79.4929 4.14518 21.5
      vertex 79.5499 4.19131 21.5
    endloop
  endfacet
  facet normal 0 0 1
    outer loop
      vertex 79.4343 7.49893 21.5
      vertex 79.4929 4.14518 21.5
      vertex 79.4929 7.45482 21.5
    endloop
  endfacet
  facet normal 0 0 1
    outer loop
      vertex 79.4343 7.49893 21.5
      vertex 79.4343 4.10106 21.5
      vertex 79.4929 4.14518 21.5
    endloop
  endfacet
  facet normal 0 0 1
    outer loop
      vertex 79.3743 7.54098 21.5
      vertex 79.4343 4.10106 21.5
      vertex 79.4343 7.49893 21.5
    endloop
  endfacet
  facet normal 0 0 1
    outer loop
      vertex 79.3743 7.54098 21.5
      vertex 79.3743 4.05902 21.5
      vertex 79.4343 4.10106 21.5
    endloop
  endfacet
  facet normal 0 0 1
    outer loop
      vertex 79.3128 7.5809 21.5
      vertex 79.3743 4.05902 21.5
      vertex 79.3743 7.54098 21.5
    endloop
  endfacet
  facet normal 0 0 1
    outer loop
      vertex 79.3128 7.5809 21.5
      vertex 79.3128 4.0191 21.5
      vertex 79.3743 4.05902 21.5
    endloop
  endfacet
  facet normal 0 0 1
    outer loop
      vertex 79.25 7.61865 21.5
      vertex 79.3128 4.0191 21.5
      vertex 79.3128 7.5809 21.5
    endloop
  endfacet
  facet normal 0 0 1
    outer loop
      vertex 79.25 7.61865 21.5
      vertex 79.25 3.98135 21.5
      vertex 79.3128 4.0191 21.5
    endloop
  endfacet
  facet normal 0 0 1
    outer loop
      vertex 79.1859 7.65419 21.5
      vertex 79.25 3.98135 21.5
      vertex 79.25 7.61865 21.5
    endloop
  endfacet
  facet normal 0 0 1
    outer loop
      vertex 79.1859 7.65419 21.5
      vertex 79.1859 3.94581 21.5
      vertex 79.25 3.98135 21.5
    endloop
  endfacet
  facet normal 0 0 1
    outer loop
      vertex 79.1206 7.68747 21.5
      vertex 79.1859 3.94581 21.5
      vertex 79.1859 7.65419 21.5
    endloop
  endfacet
  facet normal 0 0 1
    outer loop
      vertex 79.1206 7.68747 21.5
      vertex 79.1206 3.91253 21.5
      vertex 79.1859 3.94581 21.5
    endloop
  endfacet
  facet normal 0 0 1
    outer loop
      vertex 79.0541 7.71844 21.5
      vertex 79.1206 3.91253 21.5
      vertex 79.1206 7.68747 21.5
    endloop
  endfacet
  facet normal 0 0 1
    outer loop
      vertex 79.0541 7.71844 21.5
      vertex 79.0541 3.88155 21.5
      vertex 79.1206 3.91253 21.5
    endloop
  endfacet
  facet normal 0 0 1
    outer loop
      vertex 78.9867 7.74709 21.5
      vertex 79.0541 3.88155 21.5
      vertex 79.0541 7.71844 21.5
    endloop
  endfacet
  facet normal 0 0 1
    outer loop
      vertex 78.9867 7.74709 21.5
      vertex 78.9867 3.85291 21.5
      vertex 79.0541 3.88155 21.5
    endloop
  endfacet
  facet normal 0 0 1
    outer loop
      vertex 78.9182 7.77335 21.5
      vertex 78.9867 3.85291 21.5
      vertex 78.9867 7.74709 21.5
    endloop
  endfacet
  facet normal 0 0 1
    outer loop
      vertex 78.9182 7.77335 21.5
      vertex 78.9182 3.82664 21.5
      vertex 78.9867 3.85291 21.5
    endloop
  endfacet
  facet normal 0 0 1
    outer loop
      vertex 78.8489 7.79722 21.5
      vertex 78.9182 3.82664 21.5
      vertex 78.9182 7.77335 21.5
    endloop
  endfacet
  facet normal 0 0 1
    outer loop
      vertex 78.8489 7.79722 21.5
      vertex 78.8489 3.80278 21.5
      vertex 78.9182 3.82664 21.5
    endloop
  endfacet
  facet normal 0 0 1
    outer loop
      vertex 78.7788 7.81865 21.5
      vertex 78.8489 3.80278 21.5
      vertex 78.8489 7.79722 21.5
    endloop
  endfacet
  facet normal 0 0 1
    outer loop
      vertex 78.7788 7.81865 21.5
      vertex 78.7788 3.78135 21.5
      vertex 78.8489 3.80278 21.5
    endloop
  endfacet
  facet normal 0 0 1
    outer loop
      vertex 78.708 7.83762 21.5
      vertex 78.7788 3.78135 21.5
      vertex 78.7788 7.81865 21.5
    endloop
  endfacet
  facet normal 0 0 1
    outer loop
      vertex 78.708 7.83762 21.5
      vertex 78.708 3.76238 21.5
      vertex 78.7788 3.78135 21.5
    endloop
  endfacet
  facet normal 0 0 1
    outer loop
      vertex 78.6366 7.85411 21.5
      vertex 78.708 3.76238 21.5
      vertex 78.708 7.83762 21.5
    endloop
  endfacet
  facet normal 0 0 1
    outer loop
      vertex 78.6366 7.85411 21.5
      vertex 78.6366 3.74589 21.5
      vertex 78.708 3.76238 21.5
    endloop
  endfacet
  facet normal 0 0 1
    outer loop
      vertex 78.5647 7.8681 21.5
      vertex 78.6366 3.74589 21.5
      vertex 78.6366 7.85411 21.5
    endloop
  endfacet
  facet normal 0 0 1
    outer loop
      vertex 78.5647 7.8681 21.5
      vertex 78.5647 3.7319 21.5
      vertex 78.6366 3.74589 21.5
    endloop
  endfacet
  facet normal 0 0 1
    outer loop
      vertex 78.4923 7.87956 21.5
      vertex 78.5647 3.7319 21.5
      vertex 78.5647 7.8681 21.5
    endloop
  endfacet
  facet normal 0 0 1
    outer loop
      vertex 78.4923 7.87956 21.5
      vertex 78.4923 3.72044 21.5
      vertex 78.5647 3.7319 21.5
    endloop
  endfacet
  facet normal 0 0 1
    outer loop
      vertex 78.4195 7.8885 21.5
      vertex 78.4923 3.72044 21.5
      vertex 78.4923 7.87956 21.5
    endloop
  endfacet
  facet normal 0 0 1
    outer loop
      vertex 78.4195 7.8885 21.5
      vertex 78.4195 3.7115 21.5
      vertex 78.4923 3.72044 21.5
    endloop
  endfacet
  facet normal 0 0 1
    outer loop
      vertex 78.3465 7.89488 21.5
      vertex 78.4195 3.7115 21.5
      vertex 78.4195 7.8885 21.5
    endloop
  endfacet
  facet normal 0 0 1
    outer loop
      vertex 78.3465 7.89488 21.5
      vertex 78.3465 3.70512 21.5
      vertex 78.4195 3.7115 21.5
    endloop
  endfacet
  facet normal 0 0 1
    outer loop
      vertex 78.2733 7.89872 21.5
      vertex 78.3465 3.70512 21.5
      vertex 78.3465 7.89488 21.5
    endloop
  endfacet
  facet normal 0 0 1
    outer loop
      vertex 78.2733 7.89872 21.5
      vertex 78.2733 3.70128 21.5
      vertex 78.3465 3.70512 21.5
    endloop
  endfacet
  facet normal 0 0 1
    outer loop
      vertex 78.2 7.9 21.5
      vertex 78.2733 3.70128 21.5
      vertex 78.2733 7.89872 21.5
    endloop
  endfacet
  facet normal 0 0 1
    outer loop
      vertex 78.2 7.9 21.5
      vertex 78.2 3.7 21.5
      vertex 78.2733 3.70128 21.5
    endloop
  endfacet
  facet normal -0 0 1
    outer loop
      vertex 78.1267 7.89872 21.5
      vertex 78.2 3.7 21.5
      vertex 78.2 7.9 21.5
    endloop
  endfacet
  facet normal 0 0 1
    outer loop
      vertex 78.1267 7.89872 21.5
      vertex 78.1267 3.70128 21.5
      vertex 78.2 3.7 21.5
    endloop
  endfacet
  facet normal -0 0 1
    outer loop
      vertex 78.0535 7.89488 21.5
      vertex 78.1267 3.70128 21.5
      vertex 78.1267 7.89872 21.5
    endloop
  endfacet
  facet normal 0 0 1
    outer loop
      vertex 78.0535 7.89488 21.5
      vertex 78.0535 3.70512 21.5
      vertex 78.1267 3.70128 21.5
    endloop
  endfacet
  facet normal -0 0 1
    outer loop
      vertex 77.9805 7.8885 21.5
      vertex 78.0535 3.70512 21.5
      vertex 78.0535 7.89488 21.5
    endloop
  endfacet
  facet normal 0 0 1
    outer loop
      vertex 77.9805 7.8885 21.5
      vertex 77.9805 3.7115 21.5
      vertex 78.0535 3.70512 21.5
    endloop
  endfacet
  facet normal -0 0 1
    outer loop
      vertex 77.9077 7.87956 21.5
      vertex 77.9805 3.7115 21.5
      vertex 77.9805 7.8885 21.5
    endloop
  endfacet
  facet normal 0 0 1
    outer loop
      vertex 77.9077 7.87956 21.5
      vertex 77.9077 3.72044 21.5
      vertex 77.9805 3.7115 21.5
    endloop
  endfacet
  facet normal -0 0 1
    outer loop
      vertex 77.8353 7.8681 21.5
      vertex 77.9077 3.72044 21.5
      vertex 77.9077 7.87956 21.5
    endloop
  endfacet
  facet normal 0 0 1
    outer loop
      vertex 77.8353 7.8681 21.5
      vertex 77.8353 3.7319 21.5
      vertex 77.9077 3.72044 21.5
    endloop
  endfacet
  facet normal -0 0 1
    outer loop
      vertex 77.7634 7.85411 21.5
      vertex 77.8353 3.7319 21.5
      vertex 77.8353 7.8681 21.5
    endloop
  endfacet
  facet normal 0 0 1
    outer loop
      vertex 77.7634 7.85411 21.5
      vertex 77.7634 3.74589 21.5
      vertex 77.8353 3.7319 21.5
    endloop
  endfacet
  facet normal -0 0 1
    outer loop
      vertex 77.692 7.83762 21.5
      vertex 77.7634 3.74589 21.5
      vertex 77.7634 7.85411 21.5
    endloop
  endfacet
  facet normal 0 0 1
    outer loop
      vertex 77.692 7.83762 21.5
      vertex 77.692 3.76238 21.5
      vertex 77.7634 3.74589 21.5
    endloop
  endfacet
  facet normal -0 0 1
    outer loop
      vertex 77.6212 7.81865 21.5
      vertex 77.692 3.76238 21.5
      vertex 77.692 7.83762 21.5
    endloop
  endfacet
  facet normal 0 0 1
    outer loop
      vertex 77.6212 7.81865 21.5
      vertex 77.6212 3.78135 21.5
      vertex 77.692 3.76238 21.5
    endloop
  endfacet
  facet normal -0 0 1
    outer loop
      vertex 77.5511 7.79722 21.5
      vertex 77.6212 3.78135 21.5
      vertex 77.6212 7.81865 21.5
    endloop
  endfacet
  facet normal 0 0 1
    outer loop
      vertex 77.5511 7.79722 21.5
      vertex 77.5511 3.80278 21.5
      vertex 77.6212 3.78135 21.5
    endloop
  endfacet
  facet normal -0 0 1
    outer loop
      vertex 77.4818 7.77335 21.5
      vertex 77.5511 3.80278 21.5
      vertex 77.5511 7.79722 21.5
    endloop
  endfacet
  facet normal 0 0 1
    outer loop
      vertex 77.4818 7.77335 21.5
      vertex 77.4818 3.82664 21.5
      vertex 77.5511 3.80278 21.5
    endloop
  endfacet
  facet normal -0 0 1
    outer loop
      vertex 77.4133 7.74709 21.5
      vertex 77.4818 3.82664 21.5
      vertex 77.4818 7.77335 21.5
    endloop
  endfacet
  facet normal 0 0 1
    outer loop
      vertex 77.4133 7.74709 21.5
      vertex 77.4133 3.85291 21.5
      vertex 77.4818 3.82664 21.5
    endloop
  endfacet
  facet normal -0 0 1
    outer loop
      vertex 77.3459 7.71844 21.5
      vertex 77.4133 3.85291 21.5
      vertex 77.4133 7.74709 21.5
    endloop
  endfacet
  facet normal 0 0 1
    outer loop
      vertex 77.3459 7.71844 21.5
      vertex 77.3459 3.88155 21.5
      vertex 77.4133 3.85291 21.5
    endloop
  endfacet
  facet normal -0 0 1
    outer loop
      vertex 77.2794 7.68747 21.5
      vertex 77.3459 3.88155 21.5
      vertex 77.3459 7.71844 21.5
    endloop
  endfacet
  facet normal 0 0 1
    outer loop
      vertex 77.2794 7.68747 21.5
      vertex 77.2794 3.91253 21.5
      vertex 77.3459 3.88155 21.5
    endloop
  endfacet
  facet normal -0 0 1
    outer loop
      vertex 77.2141 7.65419 21.5
      vertex 77.2794 3.91253 21.5
      vertex 77.2794 7.68747 21.5
    endloop
  endfacet
  facet normal 0 0 1
    outer loop
      vertex 77.2141 7.65419 21.5
      vertex 77.2141 3.94581 21.5
      vertex 77.2794 3.91253 21.5
    endloop
  endfacet
  facet normal -0 0 1
    outer loop
      vertex 77.15 7.61865 21.5
      vertex 77.2141 3.94581 21.5
      vertex 77.2141 7.65419 21.5
    endloop
  endfacet
  facet normal 0 0 1
    outer loop
      vertex 77.15 7.61865 21.5
      vertex 77.15 3.98135 21.5
      vertex 77.2141 3.94581 21.5
    endloop
  endfacet
  facet normal -0 0 1
    outer loop
      vertex 77.0872 7.5809 21.5
      vertex 77.15 3.98135 21.5
      vertex 77.15 7.61865 21.5
    endloop
  endfacet
  facet normal 0 0 1
    outer loop
      vertex 77.0872 7.5809 21.5
      vertex 77.0872 4.0191 21.5
      vertex 77.15 3.98135 21.5
    endloop
  endfacet
  facet normal -0 0 1
    outer loop
      vertex 77.0257 7.54098 21.5
      vertex 77.0872 4.0191 21.5
      vertex 77.0872 7.5809 21.5
    endloop
  endfacet
  facet normal 0 0 1
    outer loop
      vertex 77.0257 7.54098 21.5
      vertex 77.0257 4.05902 21.5
      vertex 77.0872 4.0191 21.5
    endloop
  endfacet
  facet normal -0 0 1
    outer loop
      vertex 76.9657 7.49893 21.5
      vertex 77.0257 4.05902 21.5
      vertex 77.0257 7.54098 21.5
    endloop
  endfacet
  facet normal 0 0 1
    outer loop
      vertex 76.9657 7.49893 21.5
      vertex 76.9657 4.10106 21.5
      vertex 77.0257 4.05902 21.5
    endloop
  endfacet
  facet normal -0 0 1
    outer loop
      vertex 76.9071 7.45482 21.5
      vertex 76.9657 4.10106 21.5
      vertex 76.9657 7.49893 21.5
    endloop
  endfacet
  facet normal 0 0 1
    outer loop
      vertex 76.9071 7.45482 21.5
      vertex 76.9071 4.14518 21.5
      vertex 76.9657 4.10106 21.5
    endloop
  endfacet
  facet normal -0 0 1
    outer loop
      vertex 76.8501 7.40869 21.5
      vertex 76.9071 4.14518 21.5
      vertex 76.9071 7.45482 21.5
    endloop
  endfacet
  facet normal 0 0 1
    outer loop
      vertex 76.8501 7.40869 21.5
      vertex 76.8501 4.19131 21.5
      vertex 76.9071 4.14518 21.5
    endloop
  endfacet
  facet normal -0 0 1
    outer loop
      vertex 76.7948 7.3606 21.5
      vertex 76.8501 4.19131 21.5
      vertex 76.8501 7.40869 21.5
    endloop
  endfacet
  facet normal 0 0 1
    outer loop
      vertex 76.7948 7.3606 21.5
      vertex 76.7948 4.2394 21.5
      vertex 76.8501 4.19131 21.5
    endloop
  endfacet
  facet normal -0 0 1
    outer loop
      vertex 76.7412 7.31061 21.5
      vertex 76.7948 4.2394 21.5
      vertex 76.7948 7.3606 21.5
    endloop
  endfacet
  facet normal 0 0 1
    outer loop
      vertex 76.7412 7.31061 21.5
      vertex 76.7412 4.28939 21.5
      vertex 76.7948 4.2394 21.5
    endloop
  endfacet
  facet normal -0 0 1
    outer loop
      vertex 76.6894 7.25878 21.5
      vertex 76.7412 4.28939 21.5
      vertex 76.7412 7.31061 21.5
    endloop
  endfacet
  facet normal 0 0 1
    outer loop
      vertex 76.6894 7.25878 21.5
      vertex 76.6894 4.34122 21.5
      vertex 76.7412 4.28939 21.5
    endloop
  endfacet
  facet normal -0 0 1
    outer loop
      vertex 76.6394 7.20517 21.5
      vertex 76.6894 4.34122 21.5
      vertex 76.6894 7.25878 21.5
    endloop
  endfacet
  facet normal 0 0 1
    outer loop
      vertex 76.6394 7.20517 21.5
      vertex 76.6394 4.39482 21.5
      vertex 76.6894 4.34122 21.5
    endloop
  endfacet
  facet normal -0 0 1
    outer loop
      vertex 76.5913 7.14985 21.5
      vertex 76.6394 4.39482 21.5
      vertex 76.6394 7.20517 21.5
    endloop
  endfacet
  facet normal 0 0 1
    outer loop
      vertex 76.5913 7.14985 21.5
      vertex 76.5913 4.45015 21.5
      vertex 76.6394 4.39482 21.5
    endloop
  endfacet
  facet normal -0 0 1
    outer loop
      vertex 76.5452 7.09289 21.5
      vertex 76.5913 4.45015 21.5
      vertex 76.5913 7.14985 21.5
    endloop
  endfacet
  facet normal 0 0 1
    outer loop
      vertex 76.5452 7.09289 21.5
      vertex 76.5452 4.50711 21.5
      vertex 76.5913 4.45015 21.5
    endloop
  endfacet
  facet normal -0 0 1
    outer loop
      vertex 76.5011 7.03435 21.5
      vertex 76.5452 4.50711 21.5
      vertex 76.5452 7.09289 21.5
    endloop
  endfacet
  facet normal 0 0 1
    outer loop
      vertex 76.5011 7.03435 21.5
      vertex 76.5011 4.56565 21.5
      vertex 76.5452 4.50711 21.5
    endloop
  endfacet
  facet normal -0 0 1
    outer loop
      vertex 76.459 6.9743 21.5
      vertex 76.5011 4.56565 21.5
      vertex 76.5011 7.03435 21.5
    endloop
  endfacet
  facet normal 0 0 1
    outer loop
      vertex 76.459 6.9743 21.5
      vertex 76.459 4.62569 21.5
      vertex 76.5011 4.56565 21.5
    endloop
  endfacet
  facet normal -0 0 1
    outer loop
      vertex 76.4191 6.91283 21.5
      vertex 76.459 4.62569 21.5
      vertex 76.459 6.9743 21.5
    endloop
  endfacet
  facet normal 0 0 1
    outer loop
      vertex 76.4191 6.91283 21.5
      vertex 76.4191 4.68717 21.5
      vertex 76.459 4.62569 21.5
    endloop
  endfacet
  facet normal -0 0 1
    outer loop
      vertex 76.3813 6.85 21.5
      vertex 76.4191 4.68717 21.5
      vertex 76.4191 6.91283 21.5
    endloop
  endfacet
  facet normal 0 0 1
    outer loop
      vertex 76.3813 6.85 21.5
      vertex 76.3813 4.75 21.5
      vertex 76.4191 4.68717 21.5
    endloop
  endfacet
  facet normal -0 0 1
    outer loop
      vertex 76.3458 6.78589 21.5
      vertex 76.3813 4.75 21.5
      vertex 76.3813 6.85 21.5
    endloop
  endfacet
  facet normal 0 0 1
    outer loop
      vertex 76.3458 6.78589 21.5
      vertex 76.3458 4.81411 21.5
      vertex 76.3813 4.75 21.5
    endloop
  endfacet
  facet normal -0 0 1
    outer loop
      vertex 76.3125 6.72058 21.5
      vertex 76.3458 4.81411 21.5
      vertex 76.3458 6.78589 21.5
    endloop
  endfacet
  facet normal 0 0 1
    outer loop
      vertex 76.3125 6.72058 21.5
      vertex 76.3125 4.87942 21.5
      vertex 76.3458 4.81411 21.5
    endloop
  endfacet
  facet normal -0 0 1
    outer loop
      vertex 76.2816 6.65415 21.5
      vertex 76.3125 4.87942 21.5
      vertex 76.3125 6.72058 21.5
    endloop
  endfacet
  facet normal 0 0 1
    outer loop
      vertex 76.2816 6.65415 21.5
      vertex 76.2816 4.94585 21.5
      vertex 76.3125 4.87942 21.5
    endloop
  endfacet
  facet normal -0 0 1
    outer loop
      vertex 76.2529 6.58667 21.5
      vertex 76.2816 4.94585 21.5
      vertex 76.2816 6.65415 21.5
    endloop
  endfacet
  facet normal 0 0 1
    outer loop
      vertex 76.2529 6.58667 21.5
      vertex 76.2529 5.01333 21.5
      vertex 76.2816 4.94585 21.5
    endloop
  endfacet
  facet normal -0 0 1
    outer loop
      vertex 76.2266 6.51824 21.5
      vertex 76.2529 5.01333 21.5
      vertex 76.2529 6.58667 21.5
    endloop
  endfacet
  facet normal 0 0 1
    outer loop
      vertex 76.2266 6.51824 21.5
      vertex 76.2266 5.08176 21.5
      vertex 76.2529 5.01333 21.5
    endloop
  endfacet
  facet normal -0 0 1
    outer loop
      vertex 76.2028 6.44894 21.5
      vertex 76.2266 5.08176 21.5
      vertex 76.2266 6.51824 21.5
    endloop
  endfacet
  facet normal 0 0 1
    outer loop
      vertex 76.2028 6.44894 21.5
      vertex 76.2028 5.15106 21.5
      vertex 76.2266 5.08176 21.5
    endloop
  endfacet
  facet normal -0 0 1
    outer loop
      vertex 76.1814 6.37884 21.5
      vertex 76.2028 5.15106 21.5
      vertex 76.2028 6.44894 21.5
    endloop
  endfacet
  facet normal 0 0 1
    outer loop
      vertex 76.1814 6.37884 21.5
      vertex 76.1814 5.22116 21.5
      vertex 76.2028 5.15106 21.5
    endloop
  endfacet
  facet normal -0 0 1
    outer loop
      vertex 76.1624 6.30804 21.5
      vertex 76.1814 5.22116 21.5
      vertex 76.1814 6.37884 21.5
    endloop
  endfacet
  facet normal 0 0 1
    outer loop
      vertex 76.1624 6.30804 21.5
      vertex 76.1624 5.29196 21.5
      vertex 76.1814 5.22116 21.5
    endloop
  endfacet
  facet normal -0 0 1
    outer loop
      vertex 76.1459 6.23661 21.5
      vertex 76.1624 5.29196 21.5
      vertex 76.1624 6.30804 21.5
    endloop
  endfacet
  facet normal 0 0 1
    outer loop
      vertex 76.1459 6.23661 21.5
      vertex 76.1459 5.36339 21.5
      vertex 76.1624 5.29196 21.5
    endloop
  endfacet
  facet normal -0 0 1
    outer loop
      vertex 76.1319 6.16466 21.5
      vertex 76.1459 5.36339 21.5
      vertex 76.1459 6.23661 21.5
    endloop
  endfacet
  facet normal 0 0 1
    outer loop
      vertex 76.1319 6.16466 21.5
      vertex 76.1319 5.43534 21.5
      vertex 76.1459 5.36339 21.5
    endloop
  endfacet
  facet normal -0 0 1
    outer loop
      vertex 76.1204 6.09226 21.5
      vertex 76.1319 5.43534 21.5
      vertex 76.1319 6.16466 21.5
    endloop
  endfacet
  facet normal 0 0 1
    outer loop
      vertex 76.1204 6.09226 21.5
      vertex 76.1204 5.50774 21.5
      vertex 76.1319 5.43534 21.5
    endloop
  endfacet
  facet normal -0 0 1
    outer loop
      vertex 76.1115 6.01951 21.5
      vertex 76.1204 5.50774 21.5
      vertex 76.1204 6.09226 21.5
    endloop
  endfacet
  facet normal 0 0 1
    outer loop
      vertex 76.1115 6.01951 21.5
      vertex 76.1115 5.58049 21.5
      vertex 76.1204 5.50774 21.5
    endloop
  endfacet
  facet normal -0 0 1
    outer loop
      vertex 76.1051 5.94649 21.5
      vertex 76.1115 5.58049 21.5
      vertex 76.1115 6.01951 21.5
    endloop
  endfacet
  facet normal 0 0 1
    outer loop
      vertex 76.1051 5.94649 21.5
      vertex 76.1051 5.65351 21.5
      vertex 76.1115 5.58049 21.5
    endloop
  endfacet
  facet normal -0 0 1
    outer loop
      vertex 76.1013 5.87329 21.5
      vertex 76.1051 5.65351 21.5
      vertex 76.1051 5.94649 21.5
    endloop
  endfacet
  facet normal 0 0 1
    outer loop
      vertex 76.1013 5.87329 21.5
      vertex 76.1013 5.72671 21.5
      vertex 76.1051 5.65351 21.5
    endloop
  endfacet
  facet normal 0 -0 1
    outer loop
      vertex 76.1013 5.72671 21.5
      vertex 76.1013 5.87329 21.5
      vertex 76.1 5.8 21.5
    endloop
  endfacet
  facet normal -0.391083 0.920355 0
    outer loop
      vertex 79.0541 3.88155 21.5
      vertex 78.9867 3.85291 30
      vertex 79.0541 3.88155 30
    endloop
  endfacet
  facet normal -0.391083 0.920355 0
    outer loop
      vertex 78.9867 3.85291 30
      vertex 79.0541 3.88155 21.5
      vertex 78.9867 3.85291 21.5
    endloop
  endfacet
  facet normal -0.933433 -0.358751 0
    outer loop
      vertex 80.1734 6.51824 21.5
      vertex 80.1471 6.58667 30
      vertex 80.1471 6.58667 21.5
    endloop
  endfacet
  facet normal -0.933433 -0.358751 0
    outer loop
      vertex 80.1471 6.58667 30
      vertex 80.1734 6.51824 21.5
      vertex 80.1734 6.51824 30
    endloop
  endfacet
  facet normal -0.966167 -0.257917 0
    outer loop
      vertex 80.2376 6.30804 21.5
      vertex 80.2187 6.37884 30
      vertex 80.2187 6.37884 21.5
    endloop
  endfacet
  facet normal -0.966167 -0.257917 0
    outer loop
      vertex 80.2187 6.37884 30
      vertex 80.2376 6.30804 21.5
      vertex 80.2376 6.30804 30
    endloop
  endfacet
  facet normal -0.754635 -0.656145 0
    outer loop
      vertex 79.8087 7.14985 21.5
      vertex 79.7606 7.20517 30
      vertex 79.7606 7.20517 21.5
    endloop
  endfacet
  facet normal -0.754635 -0.656145 0
    outer loop
      vertex 79.7606 7.20517 30
      vertex 79.8087 7.14985 21.5
      vertex 79.8087 7.14985 30
    endloop
  endfacet
  facet normal -0.83879 -0.544456 0
    outer loop
      vertex 79.9809 6.91283 21.5
      vertex 79.941 6.9743 30
      vertex 79.941 6.9743 21.5
    endloop
  endfacet
  facet normal -0.83879 -0.544456 0
    outer loop
      vertex 79.941 6.9743 30
      vertex 79.9809 6.91283 21.5
      vertex 79.9809 6.91283 30
    endloop
  endfacet
  facet normal -0.89088 -0.454238 0
    outer loop
      vertex 80.0875 6.72058 21.5
      vertex 80.0542 6.78589 30
      vertex 80.0542 6.78589 21.5
    endloop
  endfacet
  facet normal -0.89088 -0.454238 0
    outer loop
      vertex 80.0542 6.78589 30
      vertex 80.0875 6.72058 21.5
      vertex 80.0875 6.72058 30
    endloop
  endfacet
  facet normal -0.357956 -0.933739 0
    outer loop
      vertex 78.9182 7.77335 21.5
      vertex 78.9867 7.74709 30
      vertex 78.9182 7.77335 30
    endloop
  endfacet
  facet normal -0.357956 -0.933739 -0
    outer loop
      vertex 78.9867 7.74709 30
      vertex 78.9182 7.77335 21.5
      vertex 78.9867 7.74709 21.5
    endloop
  endfacet
  facet normal -0.190994 -0.981591 0
    outer loop
      vertex 78.5647 7.8681 21.5
      vertex 78.6366 7.85411 30
      vertex 78.5647 7.8681 30
    endloop
  endfacet
  facet normal -0.190994 -0.981591 -0
    outer loop
      vertex 78.6366 7.85411 30
      vertex 78.5647 7.8681 21.5
      vertex 78.6366 7.85411 21.5
    endloop
  endfacet
  facet normal -0.544461 -0.838786 0
    outer loop
      vertex 79.3128 7.5809 21.5
      vertex 79.3743 7.54098 30
      vertex 79.3128 7.5809 30
    endloop
  endfacet
  facet normal -0.544461 -0.838786 -0
    outer loop
      vertex 79.3743 7.54098 30
      vertex 79.3128 7.5809 21.5
      vertex 79.3743 7.54098 21.5
    endloop
  endfacet
  facet normal -0.601395 -0.798952 0
    outer loop
      vertex 79.4343 7.49893 21.5
      vertex 79.4929 7.45482 30
      vertex 79.4343 7.49893 30
    endloop
  endfacet
  facet normal -0.601395 -0.798952 -0
    outer loop
      vertex 79.4929 7.45482 30
      vertex 79.4343 7.49893 21.5
      vertex 79.4929 7.45482 21.5
    endloop
  endfacet
  facet normal 0.754635 -0.656145 0
    outer loop
      vertex 76.5913 7.14985 30
      vertex 76.6394 7.20517 21.5
      vertex 76.6394 7.20517 30
    endloop
  endfacet
  facet normal 0.754635 -0.656145 0
    outer loop
      vertex 76.6394 7.20517 21.5
      vertex 76.5913 7.14985 30
      vertex 76.5913 7.14985 21.5
    endloop
  endfacet
  facet normal 0.7313 -0.682056 0
    outer loop
      vertex 76.6394 7.20517 30
      vertex 76.6894 7.25878 21.5
      vertex 76.6894 7.25878 30
    endloop
  endfacet
  facet normal 0.7313 -0.682056 0
    outer loop
      vertex 76.6894 7.25878 21.5
      vertex 76.6394 7.20517 30
      vertex 76.6394 7.20517 21.5
    endloop
  endfacet
  facet normal 0.707311 -0.706902 0
    outer loop
      vertex 76.6894 7.25878 21.5
      vertex 76.7412 7.31061 30
      vertex 76.6894 7.25878 30
    endloop
  endfacet
  facet normal 0.707311 -0.706902 0
    outer loop
      vertex 76.7412 7.31061 30
      vertex 76.6894 7.25878 21.5
      vertex 76.7412 7.31061 21.5
    endloop
  endfacet
  facet normal 0.798721 -0.601701 0
    outer loop
      vertex 76.5011 7.03435 30
      vertex 76.5452 7.09289 21.5
      vertex 76.5452 7.09289 30
    endloop
  endfacet
  facet normal 0.798721 -0.601701 0
    outer loop
      vertex 76.5452 7.09289 21.5
      vertex 76.5011 7.03435 30
      vertex 76.5011 7.03435 21.5
    endloop
  endfacet
  facet normal 0.906709 -0.421757 0
    outer loop
      vertex 76.2816 6.65415 30
      vertex 76.3125 6.72058 21.5
      vertex 76.3125 6.72058 30
    endloop
  endfacet
  facet normal 0.906709 -0.421757 0
    outer loop
      vertex 76.3125 6.72058 21.5
      vertex 76.2816 6.65415 30
      vertex 76.2816 6.65415 21.5
    endloop
  endfacet
  facet normal 0.981591 -0.190997 0
    outer loop
      vertex 76.1319 6.16466 30
      vertex 76.1459 6.23661 21.5
      vertex 76.1459 6.23661 30
    endloop
  endfacet
  facet normal 0.981591 -0.190997 0
    outer loop
      vertex 76.1459 6.23661 21.5
      vertex 76.1319 6.16466 30
      vertex 76.1319 6.16466 21.5
    endloop
  endfacet
  facet normal -0.999843 0.017735 0
    outer loop
      vertex 80.2987 5.72671 21.5
      vertex 80.3 5.8 30
      vertex 80.3 5.8 21.5
    endloop
  endfacet
  facet normal -0.999843 0.017735 0
    outer loop
      vertex 80.3 5.8 30
      vertex 80.2987 5.72671 21.5
      vertex 80.2987 5.72671 30
    endloop
  endfacet
  facet normal -0.856879 0.515518 0
    outer loop
      vertex 79.9809 4.68717 21.5
      vertex 80.0187 4.75 30
      vertex 80.0187 4.75 21.5
    endloop
  endfacet
  facet normal -0.856879 0.515518 0
    outer loop
      vertex 80.0187 4.75 30
      vertex 79.9809 4.68717 21.5
      vertex 79.9809 4.68717 30
    endloop
  endfacet
  facet normal -0.89088 0.454238 0
    outer loop
      vertex 80.0542 4.81411 21.5
      vertex 80.0875 4.87942 30
      vertex 80.0875 4.87942 21.5
    endloop
  endfacet
  facet normal -0.89088 0.454238 0
    outer loop
      vertex 80.0875 4.87942 30
      vertex 80.0542 4.81411 21.5
      vertex 80.0542 4.81411 30
    endloop
  endfacet
  facet normal -0.974343 0.225069 0
    outer loop
      vertex 80.2376 5.29196 21.5
      vertex 80.2541 5.36339 30
      vertex 80.2541 5.36339 21.5
    endloop
  endfacet
  facet normal -0.974343 0.225069 0
    outer loop
      vertex 80.2541 5.36339 30
      vertex 80.2376 5.29196 21.5
      vertex 80.2376 5.29196 30
    endloop
  endfacet
  facet normal -0.956044 0.293223 0
    outer loop
      vertex 80.1972 5.15106 21.5
      vertex 80.2187 5.22116 30
      vertex 80.2187 5.22116 21.5
    endloop
  endfacet
  facet normal -0.956044 0.293223 0
    outer loop
      vertex 80.2187 5.22116 30
      vertex 80.1972 5.15106 21.5
      vertex 80.1972 5.15106 30
    endloop
  endfacet
  facet normal -0.777315 0.629112 0
    outer loop
      vertex 79.8087 4.45015 21.5
      vertex 79.8548 4.50711 30
      vertex 79.8548 4.50711 21.5
    endloop
  endfacet
  facet normal -0.777315 0.629112 0
    outer loop
      vertex 79.8548 4.50711 30
      vertex 79.8087 4.45015 21.5
      vertex 79.8087 4.45015 30
    endloop
  endfacet
  facet normal -0.682051 0.731305 0
    outer loop
      vertex 79.6588 4.28939 21.5
      vertex 79.6052 4.2394 30
      vertex 79.6588 4.28939 30
    endloop
  endfacet
  facet normal -0.682051 0.731305 0
    outer loop
      vertex 79.6052 4.2394 30
      vertex 79.6588 4.28939 21.5
      vertex 79.6052 4.2394 21.5
    endloop
  endfacet
  facet normal -0.422288 0.906462 0
    outer loop
      vertex 79.1206 3.91253 21.5
      vertex 79.0541 3.88155 30
      vertex 79.1206 3.91253 30
    endloop
  endfacet
  facet normal -0.422288 0.906462 0
    outer loop
      vertex 79.0541 3.88155 30
      vertex 79.1206 3.91253 21.5
      vertex 79.0541 3.88155 21.5
    endloop
  endfacet
  facet normal 0.601482 0.798886 -0
    outer loop
      vertex 76.9657 4.10106 21.5
      vertex 76.9071 4.14518 30
      vertex 76.9657 4.10106 30
    endloop
  endfacet
  facet normal 0.601482 0.798886 0
    outer loop
      vertex 76.9071 4.14518 30
      vertex 76.9657 4.10106 21.5
      vertex 76.9071 4.14518 21.5
    endloop
  endfacet
  facet normal 0.29235 0.956311 -0
    outer loop
      vertex 77.6212 3.78135 21.5
      vertex 77.5511 3.80278 30
      vertex 77.6212 3.78135 30
    endloop
  endfacet
  facet normal 0.29235 0.956311 0
    outer loop
      vertex 77.5511 3.80278 30
      vertex 77.6212 3.78135 21.5
      vertex 77.5511 3.80278 21.5
    endloop
  endfacet
  facet normal 0.906709 0.421757 0
    outer loop
      vertex 76.3125 4.87942 30
      vertex 76.2816 4.94585 21.5
      vertex 76.2816 4.94585 30
    endloop
  endfacet
  facet normal 0.906709 0.421757 0
    outer loop
      vertex 76.2816 4.94585 21.5
      vertex 76.3125 4.87942 30
      vertex 76.3125 4.87942 21.5
    endloop
  endfacet
  facet normal 0.874832 0.484426 0
    outer loop
      vertex 76.3813 4.75 30
      vertex 76.3458 4.81411 21.5
      vertex 76.3458 4.81411 30
    endloop
  endfacet
  facet normal 0.874832 0.484426 0
    outer loop
      vertex 76.3458 4.81411 21.5
      vertex 76.3813 4.75 30
      vertex 76.3813 4.75 21.5
    endloop
  endfacet
  facet normal 0.731237 0.682124 0
    outer loop
      vertex 76.6894 4.34122 30
      vertex 76.6394 4.39482 21.5
      vertex 76.6394 4.39482 30
    endloop
  endfacet
  facet normal 0.731237 0.682124 0
    outer loop
      vertex 76.6394 4.39482 21.5
      vertex 76.6894 4.34122 30
      vertex 76.6894 4.34122 21.5
    endloop
  endfacet
  facet normal 0.777315 0.629112 0
    outer loop
      vertex 76.5913 4.45015 30
      vertex 76.5452 4.50711 21.5
      vertex 76.5452 4.50711 30
    endloop
  endfacet
  facet normal 0.777315 0.629112 0
    outer loop
      vertex 76.5452 4.50711 21.5
      vertex 76.5913 4.45015 30
      vertex 76.5913 4.45015 21.5
    endloop
  endfacet
  facet normal 0.81877 0.574121 0
    outer loop
      vertex 76.5011 4.56565 30
      vertex 76.459 4.62569 21.5
      vertex 76.459 4.62569 30
    endloop
  endfacet
  facet normal 0.81877 0.574121 0
    outer loop
      vertex 76.459 4.62569 21.5
      vertex 76.5011 4.56565 30
      vertex 76.5011 4.56565 21.5
    endloop
  endfacet
  facet normal 0.798721 0.601701 0
    outer loop
      vertex 76.5452 4.50711 30
      vertex 76.5011 4.56565 21.5
      vertex 76.5011 4.56565 30
    endloop
  endfacet
  facet normal 0.798721 0.601701 0
    outer loop
      vertex 76.5011 4.56565 21.5
      vertex 76.5452 4.50711 30
      vertex 76.5452 4.50711 21.5
    endloop
  endfacet
  facet normal 0.920228 0.391383 0
    outer loop
      vertex 76.2816 4.94585 30
      vertex 76.2529 5.01333 21.5
      vertex 76.2529 5.01333 30
    endloop
  endfacet
  facet normal 0.920228 0.391383 0
    outer loop
      vertex 76.2529 5.01333 21.5
      vertex 76.2816 4.94585 30
      vertex 76.2816 4.94585 21.5
    endloop
  endfacet
  facet normal 0.956426 0.291976 0
    outer loop
      vertex 76.2028 5.15106 30
      vertex 76.1814 5.22116 21.5
      vertex 76.1814 5.22116 30
    endloop
  endfacet
  facet normal 0.956426 0.291976 0
    outer loop
      vertex 76.1814 5.22116 21.5
      vertex 76.2028 5.15106 30
      vertex 76.2028 5.15106 21.5
    endloop
  endfacet
  facet normal 0.974343 0.225069 0
    outer loop
      vertex 76.1624 5.29196 30
      vertex 76.1459 5.36339 21.5
      vertex 76.1459 5.36339 30
    endloop
  endfacet
  facet normal 0.974343 0.225069 0
    outer loop
      vertex 76.1459 5.36339 21.5
      vertex 76.1624 5.29196 30
      vertex 76.1624 5.29196 21.5
    endloop
  endfacet
  facet normal 0.965826 0.259191 0
    outer loop
      vertex 76.1814 5.22116 30
      vertex 76.1624 5.29196 21.5
      vertex 76.1624 5.29196 30
    endloop
  endfacet
  facet normal 0.965826 0.259191 0
    outer loop
      vertex 76.1624 5.29196 21.5
      vertex 76.1814 5.22116 30
      vertex 76.1814 5.22116 21.5
    endloop
  endfacet
  facet normal 0.996181 0.0873125 0
    outer loop
      vertex 76.1115 5.58049 30
      vertex 76.1051 5.65351 21.5
      vertex 76.1051 5.65351 30
    endloop
  endfacet
  facet normal 0.996181 0.0873125 0
    outer loop
      vertex 76.1051 5.65351 21.5
      vertex 76.1115 5.58049 30
      vertex 76.1115 5.58049 21.5
    endloop
  endfacet
  facet normal 0.999843 0.017735 0
    outer loop
      vertex 76.1013 5.72671 30
      vertex 76.1 5.8 21.5
      vertex 76.1 5.8 30
    endloop
  endfacet
  facet normal 0.999843 0.017735 0
    outer loop
      vertex 76.1 5.8 21.5
      vertex 76.1013 5.72671 30
      vertex 76.1013 5.72671 21.5
    endloop
  endfacet
  facet normal -0.156341 0.987703 0
    outer loop
      vertex 78.5647 3.7319 21.5
      vertex 78.4923 3.72044 30
      vertex 78.5647 3.7319 30
    endloop
  endfacet
  facet normal -0.156341 0.987703 0
    outer loop
      vertex 78.4923 3.72044 30
      vertex 78.5647 3.7319 21.5
      vertex 78.4923 3.72044 21.5
    endloop
  endfacet
  facet normal -0.258809 0.965929 0
    outer loop
      vertex 78.7788 3.78135 21.5
      vertex 78.708 3.76238 30
      vertex 78.7788 3.78135 30
    endloop
  endfacet
  facet normal -0.258809 0.965929 0
    outer loop
      vertex 78.708 3.76238 30
      vertex 78.7788 3.78135 21.5
      vertex 78.708 3.76238 21.5
    endloop
  endfacet
  facet normal -0.225029 0.974352 0
    outer loop
      vertex 78.708 3.76238 21.5
      vertex 78.6366 3.74589 30
      vertex 78.708 3.76238 30
    endloop
  endfacet
  facet normal -0.225029 0.974352 0
    outer loop
      vertex 78.6366 3.74589 30
      vertex 78.708 3.76238 21.5
      vertex 78.6366 3.74589 21.5
    endloop
  endfacet
  facet normal -0.9926 0.121431 0
    outer loop
      vertex 80.2796 5.50774 21.5
      vertex 80.2885 5.58049 30
      vertex 80.2885 5.58049 21.5
    endloop
  endfacet
  facet normal -0.9926 0.121431 0
    outer loop
      vertex 80.2885 5.58049 30
      vertex 80.2796 5.50774 21.5
      vertex 80.2796 5.50774 30
    endloop
  endfacet
  facet normal -0.933433 0.358751 0
    outer loop
      vertex 80.1471 5.01333 21.5
      vertex 80.1734 5.08176 30
      vertex 80.1734 5.08176 21.5
    endloop
  endfacet
  facet normal -0.933433 0.358751 0
    outer loop
      vertex 80.1734 5.08176 30
      vertex 80.1471 5.01333 21.5
      vertex 80.1471 5.01333 30
    endloop
  endfacet
  facet normal -0.874832 0.484426 0
    outer loop
      vertex 80.0187 4.75 21.5
      vertex 80.0542 4.81411 30
      vertex 80.0542 4.81411 21.5
    endloop
  endfacet
  facet normal -0.874832 0.484426 0
    outer loop
      vertex 80.0542 4.81411 30
      vertex 80.0187 4.75 21.5
      vertex 80.0187 4.75 30
    endloop
  endfacet
  facet normal -0.906709 0.421757 0
    outer loop
      vertex 80.0875 4.87942 21.5
      vertex 80.1184 4.94585 30
      vertex 80.1184 4.94585 21.5
    endloop
  endfacet
  facet normal -0.906709 0.421757 0
    outer loop
      vertex 80.1184 4.94585 30
      vertex 80.0875 4.87942 21.5
      vertex 80.0875 4.87942 30
    endloop
  endfacet
  facet normal -0.798721 0.601701 0
    outer loop
      vertex 79.8548 4.50711 21.5
      vertex 79.8989 4.56565 30
      vertex 79.8989 4.56565 21.5
    endloop
  endfacet
  facet normal -0.798721 0.601701 0
    outer loop
      vertex 79.8989 4.56565 30
      vertex 79.8548 4.50711 21.5
      vertex 79.8548 4.50711 30
    endloop
  endfacet
  facet normal -0.629092 0.777331 0
    outer loop
      vertex 79.5499 4.19131 21.5
      vertex 79.4929 4.14518 30
      vertex 79.5499 4.19131 30
    endloop
  endfacet
  facet normal -0.629092 0.777331 0
    outer loop
      vertex 79.4929 4.14518 30
      vertex 79.5499 4.19131 21.5
      vertex 79.4929 4.14518 21.5
    endloop
  endfacet
  facet normal -0.573829 0.818975 0
    outer loop
      vertex 79.4343 4.10106 21.5
      vertex 79.3743 4.05902 30
      vertex 79.4343 4.10106 30
    endloop
  endfacet
  facet normal -0.573829 0.818975 0
    outer loop
      vertex 79.3743 4.05902 30
      vertex 79.4343 4.10106 21.5
      vertex 79.3743 4.05902 21.5
    endloop
  endfacet
  facet normal 0.0870654 0.996203 -0
    outer loop
      vertex 78.0535 3.70512 21.5
      vertex 77.9805 3.7115 30
      vertex 78.0535 3.70512 30
    endloop
  endfacet
  facet normal 0.0870654 0.996203 0
    outer loop
      vertex 77.9805 3.7115 30
      vertex 78.0535 3.70512 21.5
      vertex 77.9805 3.7115 21.5
    endloop
  endfacet
  facet normal 0.052387 0.998627 -0
    outer loop
      vertex 78.1267 3.70128 21.5
      vertex 78.0535 3.70512 30
      vertex 78.1267 3.70128 30
    endloop
  endfacet
  facet normal 0.052387 0.998627 0
    outer loop
      vertex 78.0535 3.70512 30
      vertex 78.1267 3.70128 21.5
      vertex 78.0535 3.70512 21.5
    endloop
  endfacet
  facet normal 0.391083 0.920355 -0
    outer loop
      vertex 77.4133 3.85291 21.5
      vertex 77.3459 3.88155 30
      vertex 77.4133 3.85291 30
    endloop
  endfacet
  facet normal 0.391083 0.920355 0
    outer loop
      vertex 77.3459 3.88155 30
      vertex 77.4133 3.85291 21.5
      vertex 77.3459 3.88155 21.5
    endloop
  endfacet
  facet normal 0.325545 0.945527 -0
    outer loop
      vertex 77.5511 3.80278 21.5
      vertex 77.4818 3.82664 30
      vertex 77.5511 3.80278 30
    endloop
  endfacet
  facet normal 0.325545 0.945527 0
    outer loop
      vertex 77.4818 3.82664 30
      vertex 77.5511 3.80278 21.5
      vertex 77.4818 3.82664 21.5
    endloop
  endfacet
  facet normal 0.258809 0.965929 -0
    outer loop
      vertex 77.692 3.76238 21.5
      vertex 77.6212 3.78135 30
      vertex 77.692 3.76238 30
    endloop
  endfacet
  facet normal 0.258809 0.965929 0
    outer loop
      vertex 77.6212 3.78135 30
      vertex 77.692 3.76238 21.5
      vertex 77.6212 3.78135 21.5
    endloop
  endfacet
  facet normal 0.225029 0.974352 -0
    outer loop
      vertex 77.7634 3.74589 21.5
      vertex 77.692 3.76238 30
      vertex 77.7634 3.74589 30
    endloop
  endfacet
  facet normal 0.225029 0.974352 0
    outer loop
      vertex 77.692 3.76238 30
      vertex 77.7634 3.74589 21.5
      vertex 77.692 3.76238 21.5
    endloop
  endfacet
  facet normal 0.89088 0.454238 0
    outer loop
      vertex 76.3458 4.81411 30
      vertex 76.3125 4.87942 21.5
      vertex 76.3125 4.87942 30
    endloop
  endfacet
  facet normal 0.89088 0.454238 0
    outer loop
      vertex 76.3125 4.87942 21.5
      vertex 76.3458 4.81411 30
      vertex 76.3458 4.81411 21.5
    endloop
  endfacet
  facet normal 0.707311 0.706902 -0
    outer loop
      vertex 76.7412 4.28939 21.5
      vertex 76.6894 4.34122 30
      vertex 76.7412 4.28939 30
    endloop
  endfacet
  facet normal 0.707311 0.706902 0
    outer loop
      vertex 76.6894 4.34122 30
      vertex 76.7412 4.28939 21.5
      vertex 76.6894 4.34122 21.5
    endloop
  endfacet
  facet normal 0.933433 0.358751 0
    outer loop
      vertex 76.2529 5.01333 30
      vertex 76.2266 5.08176 21.5
      vertex 76.2266 5.08176 30
    endloop
  endfacet
  facet normal 0.933433 0.358751 0
    outer loop
      vertex 76.2266 5.08176 21.5
      vertex 76.2529 5.01333 30
      vertex 76.2529 5.01333 21.5
    endloop
  endfacet
  facet normal 0.981591 0.190997 0
    outer loop
      vertex 76.1459 5.36339 30
      vertex 76.1319 5.43534 21.5
      vertex 76.1319 5.43534 30
    endloop
  endfacet
  facet normal 0.981591 0.190997 0
    outer loop
      vertex 76.1319 5.43534 21.5
      vertex 76.1459 5.36339 30
      vertex 76.1459 5.36339 21.5
    endloop
  endfacet
  facet normal 0.998655 0.0518428 0
    outer loop
      vertex 76.1051 5.65351 30
      vertex 76.1013 5.72671 21.5
      vertex 76.1013 5.72671 30
    endloop
  endfacet
  facet normal 0.998655 0.0518428 0
    outer loop
      vertex 76.1013 5.72671 21.5
      vertex 76.1051 5.65351 30
      vertex 76.1051 5.65351 21.5
    endloop
  endfacet
  facet normal -0.29235 0.956311 0
    outer loop
      vertex 78.8489 3.80278 21.5
      vertex 78.7788 3.78135 30
      vertex 78.8489 3.80278 30
    endloop
  endfacet
  facet normal -0.29235 0.956311 0
    outer loop
      vertex 78.7788 3.78135 30
      vertex 78.8489 3.80278 21.5
      vertex 78.7788 3.78135 21.5
    endloop
  endfacet
  facet normal -0.83883 0.544394 0
    outer loop
      vertex 79.941 4.62569 21.5
      vertex 79.9809 4.68717 30
      vertex 79.9809 4.68717 21.5
    endloop
  endfacet
  facet normal -0.83883 0.544394 0
    outer loop
      vertex 79.9809 4.68717 30
      vertex 79.941 4.62569 21.5
      vertex 79.941 4.62569 30
    endloop
  endfacet
  facet normal -0.81877 0.574121 0
    outer loop
      vertex 79.8989 4.56565 21.5
      vertex 79.941 4.62569 30
      vertex 79.941 4.62569 21.5
    endloop
  endfacet
  facet normal -0.81877 0.574121 0
    outer loop
      vertex 79.941 4.62569 30
      vertex 79.8989 4.56565 21.5
      vertex 79.8989 4.56565 30
    endloop
  endfacet
  facet normal -0.656202 0.754585 0
    outer loop
      vertex 79.6052 4.2394 21.5
      vertex 79.5499 4.19131 30
      vertex 79.6052 4.2394 30
    endloop
  endfacet
  facet normal -0.656202 0.754585 0
    outer loop
      vertex 79.5499 4.19131 30
      vertex 79.6052 4.2394 21.5
      vertex 79.5499 4.19131 21.5
    endloop
  endfacet
  facet normal -0.454077 0.890962 0
    outer loop
      vertex 79.1859 3.94581 21.5
      vertex 79.1206 3.91253 30
      vertex 79.1859 3.94581 30
    endloop
  endfacet
  facet normal -0.454077 0.890962 0
    outer loop
      vertex 79.1206 3.91253 30
      vertex 79.1859 3.94581 21.5
      vertex 79.1206 3.91253 21.5
    endloop
  endfacet
  facet normal -0.601482 0.798886 0
    outer loop
      vertex 79.4929 4.14518 21.5
      vertex 79.4343 4.10106 30
      vertex 79.4929 4.14518 30
    endloop
  endfacet
  facet normal -0.601482 0.798886 0
    outer loop
      vertex 79.4343 4.10106 30
      vertex 79.4929 4.14518 21.5
      vertex 79.4343 4.10106 21.5
    endloop
  endfacet
  facet normal -0.544461 0.838786 0
    outer loop
      vertex 79.3743 4.05902 21.5
      vertex 79.3128 4.0191 30
      vertex 79.3743 4.05902 30
    endloop
  endfacet
  facet normal -0.544461 0.838786 0
    outer loop
      vertex 79.3128 4.0191 30
      vertex 79.3743 4.05902 21.5
      vertex 79.3128 4.0191 21.5
    endloop
  endfacet
  facet normal -0.515198 0.857071 0
    outer loop
      vertex 79.3128 4.0191 21.5
      vertex 79.25 3.98135 30
      vertex 79.3128 4.0191 30
    endloop
  endfacet
  facet normal -0.515198 0.857071 0
    outer loop
      vertex 79.25 3.98135 30
      vertex 79.3128 4.0191 21.5
      vertex 79.25 3.98135 21.5
    endloop
  endfacet
  facet normal 0.0174598 0.999848 -0
    outer loop
      vertex 78.2 3.7 21.5
      vertex 78.1267 3.70128 30
      vertex 78.2 3.7 30
    endloop
  endfacet
  facet normal 0.0174598 0.999848 0
    outer loop
      vertex 78.1267 3.70128 30
      vertex 78.2 3.7 21.5
      vertex 78.1267 3.70128 21.5
    endloop
  endfacet
  facet normal 0.682051 0.731305 -0
    outer loop
      vertex 76.7948 4.2394 21.5
      vertex 76.7412 4.28939 30
      vertex 76.7948 4.2394 30
    endloop
  endfacet
  facet normal 0.682051 0.731305 0
    outer loop
      vertex 76.7412 4.28939 30
      vertex 76.7948 4.2394 21.5
      vertex 76.7412 4.28939 21.5
    endloop
  endfacet
  facet normal 0.629092 0.777331 -0
    outer loop
      vertex 76.9071 4.14518 21.5
      vertex 76.8501 4.19131 30
      vertex 76.9071 4.14518 30
    endloop
  endfacet
  facet normal 0.629092 0.777331 0
    outer loop
      vertex 76.8501 4.19131 30
      vertex 76.9071 4.14518 21.5
      vertex 76.8501 4.19131 21.5
    endloop
  endfacet
  facet normal 0.484901 0.874569 -0
    outer loop
      vertex 77.2141 3.94581 21.5
      vertex 77.15 3.98135 30
      vertex 77.2141 3.94581 30
    endloop
  endfacet
  facet normal 0.484901 0.874569 0
    outer loop
      vertex 77.15 3.98135 30
      vertex 77.2141 3.94581 21.5
      vertex 77.15 3.98135 21.5
    endloop
  endfacet
  facet normal 0.422288 0.906462 -0
    outer loop
      vertex 77.3459 3.88155 21.5
      vertex 77.2794 3.91253 30
      vertex 77.3459 3.88155 30
    endloop
  endfacet
  facet normal 0.422288 0.906462 0
    outer loop
      vertex 77.2794 3.91253 30
      vertex 77.3459 3.88155 21.5
      vertex 77.2794 3.91253 21.5
    endloop
  endfacet
  facet normal 0.573829 0.818975 -0
    outer loop
      vertex 77.0257 4.05902 21.5
      vertex 76.9657 4.10106 30
      vertex 77.0257 4.05902 30
    endloop
  endfacet
  facet normal 0.573829 0.818975 0
    outer loop
      vertex 76.9657 4.10106 30
      vertex 77.0257 4.05902 21.5
      vertex 76.9657 4.10106 21.5
    endloop
  endfacet
  facet normal 0.190994 0.981591 -0
    outer loop
      vertex 77.8353 3.7319 21.5
      vertex 77.7634 3.74589 30
      vertex 77.8353 3.7319 30
    endloop
  endfacet
  facet normal 0.190994 0.981591 0
    outer loop
      vertex 77.7634 3.74589 30
      vertex 77.8353 3.7319 21.5
      vertex 77.7634 3.74589 21.5
    endloop
  endfacet
  facet normal -0.0870654 0.996203 0
    outer loop
      vertex 78.4195 3.7115 21.5
      vertex 78.3465 3.70512 30
      vertex 78.4195 3.7115 30
    endloop
  endfacet
  facet normal -0.0870654 0.996203 0
    outer loop
      vertex 78.3465 3.70512 30
      vertex 78.4195 3.7115 21.5
      vertex 78.3465 3.70512 21.5
    endloop
  endfacet
  facet normal -0.052387 0.998627 0
    outer loop
      vertex 78.3465 3.70512 21.5
      vertex 78.2733 3.70128 30
      vertex 78.3465 3.70512 30
    endloop
  endfacet
  facet normal -0.052387 0.998627 0
    outer loop
      vertex 78.2733 3.70128 30
      vertex 78.3465 3.70512 21.5
      vertex 78.2733 3.70128 21.5
    endloop
  endfacet
  facet normal 0.121887 0.992544 -0
    outer loop
      vertex 77.9805 3.7115 21.5
      vertex 77.9077 3.72044 30
      vertex 77.9805 3.7115 30
    endloop
  endfacet
  facet normal 0.121887 0.992544 0
    outer loop
      vertex 77.9077 3.72044 30
      vertex 77.9805 3.7115 21.5
      vertex 77.9077 3.72044 21.5
    endloop
  endfacet
  facet normal 0.656202 0.754585 -0
    outer loop
      vertex 76.8501 4.19131 21.5
      vertex 76.7948 4.2394 30
      vertex 76.8501 4.19131 30
    endloop
  endfacet
  facet normal 0.656202 0.754585 0
    outer loop
      vertex 76.7948 4.2394 30
      vertex 76.8501 4.19131 21.5
      vertex 76.7948 4.2394 21.5
    endloop
  endfacet
  facet normal 0.358075 0.933693 -0
    outer loop
      vertex 77.4818 3.82664 21.5
      vertex 77.4133 3.85291 30
      vertex 77.4818 3.82664 30
    endloop
  endfacet
  facet normal 0.358075 0.933693 0
    outer loop
      vertex 77.4133 3.85291 30
      vertex 77.4818 3.82664 21.5
      vertex 77.4133 3.85291 21.5
    endloop
  endfacet
  facet normal 0.454077 0.890962 -0
    outer loop
      vertex 77.2794 3.91253 21.5
      vertex 77.2141 3.94581 30
      vertex 77.2794 3.91253 30
    endloop
  endfacet
  facet normal 0.454077 0.890962 0
    outer loop
      vertex 77.2141 3.94581 30
      vertex 77.2794 3.91253 21.5
      vertex 77.2141 3.94581 21.5
    endloop
  endfacet
  facet normal 0.515198 0.857071 -0
    outer loop
      vertex 77.15 3.98135 21.5
      vertex 77.0872 4.0191 30
      vertex 77.15 3.98135 30
    endloop
  endfacet
  facet normal 0.515198 0.857071 0
    outer loop
      vertex 77.0872 4.0191 30
      vertex 77.15 3.98135 21.5
      vertex 77.0872 4.0191 21.5
    endloop
  endfacet
  facet normal 0.544461 0.838786 -0
    outer loop
      vertex 77.0872 4.0191 21.5
      vertex 77.0257 4.05902 30
      vertex 77.0872 4.0191 30
    endloop
  endfacet
  facet normal 0.544461 0.838786 0
    outer loop
      vertex 77.0257 4.05902 30
      vertex 77.0872 4.0191 21.5
      vertex 77.0257 4.05902 21.5
    endloop
  endfacet
  facet normal -0.999846 -0.0175316 0
    outer loop
      vertex 7.9 138.2 21.5
      vertex 7.89872 138.273 30
      vertex 7.89872 138.273 21.5
    endloop
  endfacet
  facet normal -0.999846 -0.0175316 0
    outer loop
      vertex 7.89872 138.273 30
      vertex 7.9 138.2 21.5
      vertex 7.9 138.2 30
    endloop
  endfacet
  facet normal 0.0136432 -0.999907 0
    outer loop
      vertex 5.72671 140.299 21.5
      vertex 5.8 140.3 30
      vertex 5.72671 140.299 30
    endloop
  endfacet
  facet normal 0.0136432 -0.999907 0
    outer loop
      vertex 5.8 140.3 30
      vertex 5.72671 140.299 21.5
      vertex 5.8 140.3 21.5
    endloop
  endfacet
  facet normal -0.708264 -0.705948 0
    outer loop
      vertex 7.31061 139.659 21.5
      vertex 7.25878 139.711 30
      vertex 7.25878 139.711 21.5
    endloop
  endfacet
  facet normal -0.708264 -0.705948 0
    outer loop
      vertex 7.25878 139.711 30
      vertex 7.31061 139.659 21.5
      vertex 7.31061 139.659 30
    endloop
  endfacet
  facet normal 0.733828 -0.679335 0
    outer loop
      vertex 4.2394 139.605 30
      vertex 4.28939 139.659 21.5
      vertex 4.28939 139.659 30
    endloop
  endfacet
  facet normal 0.733828 -0.679335 0
    outer loop
      vertex 4.28939 139.659 21.5
      vertex 4.2394 139.605 30
      vertex 4.2394 139.605 21.5
    endloop
  endfacet
  facet normal -0.919464 -0.393174 0
    outer loop
      vertex 7.74709 138.987 21.5
      vertex 7.71844 139.054 30
      vertex 7.71844 139.054 21.5
    endloop
  endfacet
  facet normal -0.919464 -0.393174 0
    outer loop
      vertex 7.71844 139.054 30
      vertex 7.74709 138.987 21.5
      vertex 7.74709 138.987 30
    endloop
  endfacet
  facet normal -0.60083 -0.799377 0
    outer loop
      vertex 7.03435 139.899 21.5
      vertex 7.09289 139.855 30
      vertex 7.03435 139.899 30
    endloop
  endfacet
  facet normal -0.60083 -0.799377 -0
    outer loop
      vertex 7.09289 139.855 30
      vertex 7.03435 139.899 21.5
      vertex 7.09289 139.855 21.5
    endloop
  endfacet
  facet normal 0.874247 -0.485481 0
    outer loop
      vertex 3.94581 139.186 30
      vertex 3.98135 139.25 21.5
      vertex 3.98135 139.25 30
    endloop
  endfacet
  facet normal 0.874247 -0.485481 0
    outer loop
      vertex 3.98135 139.25 21.5
      vertex 3.94581 139.186 30
      vertex 3.94581 139.186 21.5
    endloop
  endfacet
  facet normal 0.682124 -0.731237 0
    outer loop
      vertex 4.34122 139.711 21.5
      vertex 4.39482 139.761 30
      vertex 4.34122 139.711 30
    endloop
  endfacet
  facet normal 0.682124 -0.731237 0
    outer loop
      vertex 4.39482 139.761 30
      vertex 4.34122 139.711 21.5
      vertex 4.39482 139.761 21.5
    endloop
  endfacet
  facet normal 0.163515 -0.986541 0
    outer loop
      vertex 5.43534 140.268 21.5
      vertex 5.50774 140.28 30
      vertex 5.43534 140.268 30
    endloop
  endfacet
  facet normal 0.163515 -0.986541 0
    outer loop
      vertex 5.50774 140.28 30
      vertex 5.43534 140.268 21.5
      vertex 5.50774 140.28 21.5
    endloop
  endfacet
  facet normal -0.992379 -0.12322 0
    outer loop
      vertex 7.8885 138.42 21.5
      vertex 7.87956 138.492 30
      vertex 7.87956 138.492 21.5
    endloop
  endfacet
  facet normal -0.992379 -0.12322 0
    outer loop
      vertex 7.87956 138.492 30
      vertex 7.8885 138.42 21.5
      vertex 7.8885 138.42 30
    endloop
  endfacet
  facet normal -0.857793 -0.513995 0
    outer loop
      vertex 7.61865 139.25 21.5
      vertex 7.5809 139.313 30
      vertex 7.5809 139.313 21.5
    endloop
  endfacet
  facet normal -0.857793 -0.513995 0
    outer loop
      vertex 7.5809 139.313 30
      vertex 7.61865 139.25 21.5
      vertex 7.61865 139.25 30
    endloop
  endfacet
  facet normal -0.190997 -0.981591 0
    outer loop
      vertex 6.16466 140.268 21.5
      vertex 6.23661 140.254 30
      vertex 6.16466 140.268 30
    endloop
  endfacet
  facet normal -0.190997 -0.981591 -0
    outer loop
      vertex 6.23661 140.254 30
      vertex 6.16466 140.268 21.5
      vertex 6.23661 140.254 21.5
    endloop
  endfacet
  facet normal -0.109307 -0.994008 0
    outer loop
      vertex 6.01951 140.288 21.5
      vertex 6.09226 140.28 30
      vertex 6.01951 140.288 30
    endloop
  endfacet
  facet normal -0.109307 -0.994008 -0
    outer loop
      vertex 6.09226 140.28 30
      vertex 6.01951 140.288 21.5
      vertex 6.09226 140.28 21.5
    endloop
  endfacet
  facet normal -0.422878 -0.906187 0
    outer loop
      vertex 6.65415 140.118 21.5
      vertex 6.72058 140.087 30
      vertex 6.65415 140.118 30
    endloop
  endfacet
  facet normal -0.422878 -0.906187 -0
    outer loop
      vertex 6.72058 140.087 30
      vertex 6.65415 140.118 21.5
      vertex 6.72058 140.087 21.5
    endloop
  endfacet
  facet normal -0.628286 -0.777982 0
    outer loop
      vertex 7.09289 139.855 21.5
      vertex 7.14985 139.809 30
      vertex 7.09289 139.855 30
    endloop
  endfacet
  facet normal -0.628286 -0.777982 -0
    outer loop
      vertex 7.14985 139.809 30
      vertex 7.09289 139.855 21.5
      vertex 7.14985 139.809 21.5
    endloop
  endfacet
  facet normal 0.992379 -0.12322 0
    outer loop
      vertex 3.7115 138.42 30
      vertex 3.72044 138.492 21.5
      vertex 3.72044 138.492 30
    endloop
  endfacet
  facet normal 0.992379 -0.12322 0
    outer loop
      vertex 3.72044 138.492 21.5
      vertex 3.7115 138.42 30
      vertex 3.7115 138.42 21.5
    endloop
  endfacet
  facet normal 0.655299 -0.755369 0
    outer loop
      vertex 4.39482 139.761 21.5
      vertex 4.45015 139.809 30
      vertex 4.39482 139.761 30
    endloop
  endfacet
  facet normal 0.655299 -0.755369 0
    outer loop
      vertex 4.45015 139.809 30
      vertex 4.39482 139.761 21.5
      vertex 4.45015 139.809 21.5
    endloop
  endfacet
  facet normal 0.327251 -0.944937 0
    outer loop
      vertex 5.08176 140.173 21.5
      vertex 5.15106 140.197 30
      vertex 5.08176 140.173 30
    endloop
  endfacet
  facet normal 0.327251 -0.944937 0
    outer loop
      vertex 5.15106 140.197 30
      vertex 5.08176 140.173 21.5
      vertex 5.15106 140.197 21.5
    endloop
  endfacet
  facet normal 0.109307 -0.994008 0
    outer loop
      vertex 5.50774 140.28 21.5
      vertex 5.58049 140.288 30
      vertex 5.50774 140.28 30
    endloop
  endfacet
  facet normal 0.109307 -0.994008 0
    outer loop
      vertex 5.58049 140.288 30
      vertex 5.50774 140.28 21.5
      vertex 5.58049 140.288 21.5
    endloop
  endfacet
  facet normal -0.109307 0.994008 0
    outer loop
      vertex 6.09226 136.12 21.5
      vertex 6.01951 136.112 30
      vertex 6.09226 136.12 30
    endloop
  endfacet
  facet normal -0.109307 0.994008 0
    outer loop
      vertex 6.01951 136.112 30
      vertex 6.09226 136.12 21.5
      vertex 6.01951 136.112 21.5
    endloop
  endfacet
  facet normal -0.857793 0.513995 0
    outer loop
      vertex 7.5809 137.087 21.5
      vertex 7.61865 137.15 30
      vertex 7.61865 137.15 21.5
    endloop
  endfacet
  facet normal -0.857793 0.513995 0
    outer loop
      vertex 7.61865 137.15 30
      vertex 7.5809 137.087 21.5
      vertex 7.5809 137.087 30
    endloop
  endfacet
  facet normal -0.996304 -0.0858976 0
    outer loop
      vertex 7.89488 138.346 21.5
      vertex 7.8885 138.42 30
      vertex 7.8885 138.42 21.5
    endloop
  endfacet
  facet normal -0.996304 -0.0858976 0
    outer loop
      vertex 7.8885 138.42 30
      vertex 7.89488 138.346 21.5
      vertex 7.89488 138.346 30
    endloop
  endfacet
  facet normal -0.998619 -0.0525301 0
    outer loop
      vertex 7.89872 138.273 21.5
      vertex 7.89488 138.346 30
      vertex 7.89488 138.346 21.5
    endloop
  endfacet
  facet normal -0.998619 -0.0525301 0
    outer loop
      vertex 7.89488 138.346 30
      vertex 7.89872 138.273 21.5
      vertex 7.89872 138.273 30
    endloop
  endfacet
  facet normal -0.966111 -0.258128 0
    outer loop
      vertex 7.83762 138.708 21.5
      vertex 7.81865 138.779 30
      vertex 7.81865 138.779 21.5
    endloop
  endfacet
  facet normal -0.966111 -0.258128 0
    outer loop
      vertex 7.81865 138.779 30
      vertex 7.83762 138.708 21.5
      vertex 7.83762 138.708 30
    endloop
  endfacet
  facet normal -0.934604 -0.355691 0
    outer loop
      vertex 7.77335 138.918 21.5
      vertex 7.74709 138.987 30
      vertex 7.74709 138.987 21.5
    endloop
  endfacet
  facet normal -0.934604 -0.355691 0
    outer loop
      vertex 7.74709 138.987 30
      vertex 7.77335 138.918 21.5
      vertex 7.77335 138.918 30
    endloop
  endfacet
  facet normal -0.956194 -0.292732 0
    outer loop
      vertex 7.81865 138.779 21.5
      vertex 7.79722 138.849 30
      vertex 7.79722 138.849 21.5
    endloop
  endfacet
  facet normal -0.956194 -0.292732 0
    outer loop
      vertex 7.79722 138.849 30
      vertex 7.81865 138.779 21.5
      vertex 7.81865 138.779 30
    endloop
  endfacet
  facet normal -0.777331 -0.629092 0
    outer loop
      vertex 7.45482 139.493 21.5
      vertex 7.40869 139.55 30
      vertex 7.40869 139.55 21.5
    endloop
  endfacet
  facet normal -0.777331 -0.629092 0
    outer loop
      vertex 7.40869 139.55 30
      vertex 7.45482 139.493 21.5
      vertex 7.45482 139.493 30
    endloop
  endfacet
  facet normal -0.752814 -0.658233 0
    outer loop
      vertex 7.40869 139.55 21.5
      vertex 7.3606 139.605 30
      vertex 7.3606 139.605 21.5
    endloop
  endfacet
  facet normal -0.752814 -0.658233 0
    outer loop
      vertex 7.3606 139.605 30
      vertex 7.40869 139.55 21.5
      vertex 7.40869 139.55 30
    endloop
  endfacet
  facet normal -0.836747 -0.547589 0
    outer loop
      vertex 7.5809 139.313 21.5
      vertex 7.54098 139.374 30
      vertex 7.54098 139.374 21.5
    endloop
  endfacet
  facet normal -0.836747 -0.547589 0
    outer loop
      vertex 7.54098 139.374 30
      vertex 7.5809 139.313 21.5
      vertex 7.5809 139.313 30
    endloop
  endfacet
  facet normal -0.874247 -0.485481 0
    outer loop
      vertex 7.65419 139.186 21.5
      vertex 7.61865 139.25 30
      vertex 7.61865 139.25 21.5
    endloop
  endfacet
  facet normal -0.874247 -0.485481 0
    outer loop
      vertex 7.61865 139.25 30
      vertex 7.65419 139.186 21.5
      vertex 7.65419 139.186 30
    endloop
  endfacet
  facet normal -0.0954267 -0.995436 0
    outer loop
      vertex 5.94649 140.295 21.5
      vertex 6.01951 140.288 30
      vertex 5.94649 140.295 30
    endloop
  endfacet
  facet normal -0.0954267 -0.995436 -0
    outer loop
      vertex 6.01951 140.288 30
      vertex 5.94649 140.295 21.5
      vertex 6.01951 140.288 21.5
    endloop
  endfacet
  facet normal -0.327251 -0.944937 0
    outer loop
      vertex 6.44894 140.197 21.5
      vertex 6.51824 140.173 30
      vertex 6.44894 140.197 30
    endloop
  endfacet
  facet normal -0.327251 -0.944937 -0
    outer loop
      vertex 6.51824 140.173 30
      vertex 6.44894 140.197 21.5
      vertex 6.51824 140.173 21.5
    endloop
  endfacet
  facet normal -0.299437 -0.954116 0
    outer loop
      vertex 6.37884 140.219 21.5
      vertex 6.44894 140.197 30
      vertex 6.37884 140.219 30
    endloop
  endfacet
  facet normal -0.299437 -0.954116 -0
    outer loop
      vertex 6.44894 140.197 30
      vertex 6.37884 140.219 21.5
      vertex 6.44894 140.197 21.5
    endloop
  endfacet
  facet normal -0.218579 -0.975819 0
    outer loop
      vertex 6.23661 140.254 21.5
      vertex 6.30804 140.238 30
      vertex 6.23661 140.254 30
    endloop
  endfacet
  facet normal -0.218579 -0.975819 -0
    outer loop
      vertex 6.30804 140.238 30
      vertex 6.23661 140.254 21.5
      vertex 6.30804 140.238 21.5
    endloop
  endfacet
  facet normal -0.0545634 -0.99851 0
    outer loop
      vertex 5.87329 140.299 21.5
      vertex 5.94649 140.295 30
      vertex 5.87329 140.299 30
    endloop
  endfacet
  facet normal -0.0545634 -0.99851 -0
    outer loop
      vertex 5.94649 140.295 30
      vertex 5.87329 140.299 21.5
      vertex 5.94649 140.295 21.5
    endloop
  endfacet
  facet normal -0.517517 -0.855673 0
    outer loop
      vertex 6.85 140.019 21.5
      vertex 6.91283 139.981 30
      vertex 6.85 140.019 30
    endloop
  endfacet
  facet normal -0.517517 -0.855673 -0
    outer loop
      vertex 6.91283 139.981 30
      vertex 6.85 140.019 21.5
      vertex 6.91283 139.981 21.5
    endloop
  endfacet
  facet normal -0.479178 -0.877718 0
    outer loop
      vertex 6.78589 140.054 21.5
      vertex 6.85 140.019 30
      vertex 6.78589 140.054 30
    endloop
  endfacet
  facet normal -0.479178 -0.877718 -0
    outer loop
      vertex 6.85 140.019 30
      vertex 6.78589 140.054 21.5
      vertex 6.85 140.019 21.5
    endloop
  endfacet
  facet normal -0.450981 -0.892533 0
    outer loop
      vertex 6.72058 140.087 21.5
      vertex 6.78589 140.054 30
      vertex 6.72058 140.087 30
    endloop
  endfacet
  facet normal -0.450981 -0.892533 -0
    outer loop
      vertex 6.78589 140.054 30
      vertex 6.72058 140.087 21.5
      vertex 6.78589 140.054 21.5
    endloop
  endfacet
  facet normal -0.682056 -0.7313 0
    outer loop
      vertex 7.20517 139.761 21.5
      vertex 7.25878 139.711 30
      vertex 7.20517 139.761 30
    endloop
  endfacet
  facet normal -0.682056 -0.7313 -0
    outer loop
      vertex 7.25878 139.711 30
      vertex 7.20517 139.761 21.5
      vertex 7.25878 139.711 21.5
    endloop
  endfacet
  facet normal 0.996304 -0.0858976 0
    outer loop
      vertex 3.70512 138.346 30
      vertex 3.7115 138.42 21.5
      vertex 3.7115 138.42 30
    endloop
  endfacet
  facet normal 0.996304 -0.0858976 0
    outer loop
      vertex 3.7115 138.42 21.5
      vertex 3.70512 138.346 30
      vertex 3.70512 138.346 21.5
    endloop
  endfacet
  facet normal 0.777331 -0.629092 0
    outer loop
      vertex 4.14518 139.493 30
      vertex 4.19131 139.55 21.5
      vertex 4.19131 139.55 30
    endloop
  endfacet
  facet normal 0.777331 -0.629092 0
    outer loop
      vertex 4.19131 139.55 21.5
      vertex 4.14518 139.493 30
      vertex 4.14518 139.493 21.5
    endloop
  endfacet
  facet normal 0.800846 -0.59887 0
    outer loop
      vertex 4.10106 139.434 30
      vertex 4.14518 139.493 21.5
      vertex 4.14518 139.493 30
    endloop
  endfacet
  facet normal 0.800846 -0.59887 0
    outer loop
      vertex 4.14518 139.493 21.5
      vertex 4.10106 139.434 30
      vertex 4.10106 139.434 21.5
    endloop
  endfacet
  facet normal 0.890114 -0.455738 0
    outer loop
      vertex 3.91253 139.121 30
      vertex 3.94581 139.186 21.5
      vertex 3.94581 139.186 30
    endloop
  endfacet
  facet normal 0.890114 -0.455738 0
    outer loop
      vertex 3.94581 139.186 21.5
      vertex 3.91253 139.121 30
      vertex 3.91253 139.121 21.5
    endloop
  endfacet
  facet normal 0.934559 -0.355809 0
    outer loop
      vertex 3.82664 138.918 30
      vertex 3.85291 138.987 21.5
      vertex 3.85291 138.987 30
    endloop
  endfacet
  facet normal 0.934559 -0.355809 0
    outer loop
      vertex 3.85291 138.987 21.5
      vertex 3.82664 138.918 30
      vertex 3.82664 138.918 21.5
    endloop
  endfacet
  facet normal 0.956194 -0.292732 0
    outer loop
      vertex 3.78135 138.779 30
      vertex 3.80278 138.849 21.5
      vertex 3.80278 138.849 30
    endloop
  endfacet
  facet normal 0.956194 -0.292732 0
    outer loop
      vertex 3.80278 138.849 21.5
      vertex 3.78135 138.779 30
      vertex 3.78135 138.779 21.5
    endloop
  endfacet
  facet normal 0.966111 -0.258128 0
    outer loop
      vertex 3.76238 138.708 30
      vertex 3.78135 138.779 21.5
      vertex 3.78135 138.779 30
    endloop
  endfacet
  facet normal 0.966111 -0.258128 0
    outer loop
      vertex 3.78135 138.779 21.5
      vertex 3.76238 138.708 30
      vertex 3.76238 138.708 21.5
    endloop
  endfacet
  facet normal 0.987901 -0.155087 0
    outer loop
      vertex 3.72044 138.492 30
      vertex 3.7319 138.565 21.5
      vertex 3.7319 138.565 30
    endloop
  endfacet
  facet normal 0.987901 -0.155087 0
    outer loop
      vertex 3.7319 138.565 21.5
      vertex 3.72044 138.492 30
      vertex 3.72044 138.492 21.5
    endloop
  endfacet
  facet normal 0.998619 -0.0525301 0
    outer loop
      vertex 3.70128 138.273 30
      vertex 3.70512 138.346 21.5
      vertex 3.70512 138.346 30
    endloop
  endfacet
  facet normal 0.998619 -0.0525301 0
    outer loop
      vertex 3.70512 138.346 21.5
      vertex 3.70128 138.273 30
      vertex 3.70128 138.273 21.5
    endloop
  endfacet
  facet normal 0.999846 0.0175316 0
    outer loop
      vertex 3.70128 138.127 30
      vertex 3.7 138.2 21.5
      vertex 3.7 138.2 30
    endloop
  endfacet
  facet normal 0.999846 0.0175316 0
    outer loop
      vertex 3.7 138.2 21.5
      vertex 3.70128 138.127 30
      vertex 3.70128 138.127 21.5
    endloop
  endfacet
  facet normal 0.450981 -0.892533 0
    outer loop
      vertex 4.81411 140.054 21.5
      vertex 4.87942 140.087 30
      vertex 4.81411 140.054 30
    endloop
  endfacet
  facet normal 0.450981 -0.892533 0
    outer loop
      vertex 4.87942 140.087 30
      vertex 4.81411 140.054 21.5
      vertex 4.87942 140.087 21.5
    endloop
  endfacet
  facet normal 0.479178 -0.877718 0
    outer loop
      vertex 4.75 140.019 21.5
      vertex 4.81411 140.054 30
      vertex 4.75 140.019 30
    endloop
  endfacet
  facet normal 0.479178 -0.877718 0
    outer loop
      vertex 4.81411 140.054 30
      vertex 4.75 140.019 21.5
      vertex 4.81411 140.054 21.5
    endloop
  endfacet
  facet normal 0.517517 -0.855673 0
    outer loop
      vertex 4.68717 139.981 21.5
      vertex 4.75 140.019 30
      vertex 4.68717 139.981 30
    endloop
  endfacet
  facet normal 0.517517 -0.855673 0
    outer loop
      vertex 4.75 140.019 30
      vertex 4.68717 139.981 21.5
      vertex 4.75 140.019 21.5
    endloop
  endfacet
  facet normal 0.60083 -0.799377 0
    outer loop
      vertex 4.50711 139.855 21.5
      vertex 4.56565 139.899 30
      vertex 4.50711 139.855 30
    endloop
  endfacet
  facet normal 0.60083 -0.799377 0
    outer loop
      vertex 4.56565 139.899 30
      vertex 4.50711 139.855 21.5
      vertex 4.56565 139.899 21.5
    endloop
  endfacet
  facet normal 0.218579 -0.975819 0
    outer loop
      vertex 5.29196 140.238 21.5
      vertex 5.36339 140.254 30
      vertex 5.29196 140.238 30
    endloop
  endfacet
  facet normal 0.218579 -0.975819 0
    outer loop
      vertex 5.36339 140.254 30
      vertex 5.29196 140.238 21.5
      vertex 5.36339 140.254 21.5
    endloop
  endfacet
  facet normal 0.259191 -0.965826 0
    outer loop
      vertex 5.22116 140.219 21.5
      vertex 5.29196 140.238 30
      vertex 5.22116 140.219 30
    endloop
  endfacet
  facet normal 0.259191 -0.965826 0
    outer loop
      vertex 5.29196 140.238 30
      vertex 5.22116 140.219 21.5
      vertex 5.29196 140.238 21.5
    endloop
  endfacet
  facet normal 0.299437 -0.954116 0
    outer loop
      vertex 5.15106 140.197 21.5
      vertex 5.22116 140.219 30
      vertex 5.15106 140.197 30
    endloop
  endfacet
  facet normal 0.299437 -0.954116 0
    outer loop
      vertex 5.22116 140.219 30
      vertex 5.15106 140.197 21.5
      vertex 5.22116 140.219 21.5
    endloop
  endfacet
  facet normal 0.190997 -0.981591 0
    outer loop
      vertex 5.36339 140.254 21.5
      vertex 5.43534 140.268 30
      vertex 5.36339 140.254 30
    endloop
  endfacet
  facet normal 0.190997 -0.981591 0
    outer loop
      vertex 5.43534 140.268 30
      vertex 5.36339 140.254 21.5
      vertex 5.43534 140.268 21.5
    endloop
  endfacet
  facet normal 0.0545634 -0.99851 0
    outer loop
      vertex 5.65351 140.295 21.5
      vertex 5.72671 140.299 30
      vertex 5.65351 140.295 30
    endloop
  endfacet
  facet normal 0.0545634 -0.99851 0
    outer loop
      vertex 5.72671 140.299 30
      vertex 5.65351 140.295 21.5
      vertex 5.72671 140.299 21.5
    endloop
  endfacet
  facet normal -0.999846 0.0175316 0
    outer loop
      vertex 7.89872 138.127 21.5
      vertex 7.9 138.2 30
      vertex 7.9 138.2 21.5
    endloop
  endfacet
  facet normal -0.999846 0.0175316 0
    outer loop
      vertex 7.9 138.2 30
      vertex 7.89872 138.127 21.5
      vertex 7.89872 138.127 30
    endloop
  endfacet
  facet normal 0.733828 0.679335 0
    outer loop
      vertex 4.28939 136.741 30
      vertex 4.2394 136.795 21.5
      vertex 4.2394 136.795 30
    endloop
  endfacet
  facet normal 0.733828 0.679335 0
    outer loop
      vertex 4.2394 136.795 21.5
      vertex 4.28939 136.741 30
      vertex 4.28939 136.741 21.5
    endloop
  endfacet
  facet normal 0.974073 0.226232 0
    outer loop
      vertex 3.76238 137.692 30
      vertex 3.74589 137.763 21.5
      vertex 3.74589 137.763 30
    endloop
  endfacet
  facet normal 0.974073 0.226232 0
    outer loop
      vertex 3.74589 137.763 21.5
      vertex 3.76238 137.692 30
      vertex 3.76238 137.692 21.5
    endloop
  endfacet
  facet normal 0.94509 0.326809 0
    outer loop
      vertex 3.82664 137.482 30
      vertex 3.80278 137.551 21.5
      vertex 3.80278 137.551 30
    endloop
  endfacet
  facet normal 0.94509 0.326809 0
    outer loop
      vertex 3.80278 137.551 21.5
      vertex 3.82664 137.482 30
      vertex 3.82664 137.482 21.5
    endloop
  endfacet
  facet normal -0.0545634 0.99851 0
    outer loop
      vertex 5.94649 136.105 21.5
      vertex 5.87329 136.101 30
      vertex 5.94649 136.105 30
    endloop
  endfacet
  facet normal -0.0545634 0.99851 0
    outer loop
      vertex 5.87329 136.101 30
      vertex 5.94649 136.105 21.5
      vertex 5.87329 136.101 21.5
    endloop
  endfacet
  facet normal -0.981641 -0.190738 0
    outer loop
      vertex 7.8681 138.565 21.5
      vertex 7.85411 138.637 30
      vertex 7.85411 138.637 21.5
    endloop
  endfacet
  facet normal -0.981641 -0.190738 0
    outer loop
      vertex 7.85411 138.637 30
      vertex 7.8681 138.565 21.5
      vertex 7.8681 138.565 30
    endloop
  endfacet
  facet normal -0.987901 -0.155087 0
    outer loop
      vertex 7.87956 138.492 21.5
      vertex 7.8681 138.565 30
      vertex 7.8681 138.565 21.5
    endloop
  endfacet
  facet normal -0.987901 -0.155087 0
    outer loop
      vertex 7.8681 138.565 30
      vertex 7.87956 138.492 21.5
      vertex 7.87956 138.492 30
    endloop
  endfacet
  facet normal -0.945048 -0.326932 0
    outer loop
      vertex 7.79722 138.849 21.5
      vertex 7.77335 138.918 30
      vertex 7.77335 138.918 21.5
    endloop
  endfacet
  facet normal -0.945048 -0.326932 0
    outer loop
      vertex 7.77335 138.918 30
      vertex 7.79722 138.849 21.5
      vertex 7.79722 138.849 30
    endloop
  endfacet
  facet normal -0.974073 -0.226232 0
    outer loop
      vertex 7.85411 138.637 21.5
      vertex 7.83762 138.708 30
      vertex 7.83762 138.708 21.5
    endloop
  endfacet
  facet normal -0.974073 -0.226232 0
    outer loop
      vertex 7.83762 138.708 30
      vertex 7.85411 138.637 21.5
      vertex 7.85411 138.637 30
    endloop
  endfacet
  facet normal -0.818911 -0.57392 0
    outer loop
      vertex 7.54098 139.374 21.5
      vertex 7.49893 139.434 30
      vertex 7.49893 139.434 21.5
    endloop
  endfacet
  facet normal -0.818911 -0.57392 0
    outer loop
      vertex 7.49893 139.434 30
      vertex 7.54098 139.374 21.5
      vertex 7.54098 139.374 30
    endloop
  endfacet
  facet normal -0.800911 -0.598783 0
    outer loop
      vertex 7.49893 139.434 21.5
      vertex 7.45482 139.493 30
      vertex 7.45482 139.493 21.5
    endloop
  endfacet
  facet normal -0.800911 -0.598783 0
    outer loop
      vertex 7.45482 139.493 30
      vertex 7.49893 139.434 21.5
      vertex 7.49893 139.434 30
    endloop
  endfacet
  facet normal -0.733828 -0.679335 0
    outer loop
      vertex 7.3606 139.605 21.5
      vertex 7.31061 139.659 30
      vertex 7.31061 139.659 21.5
    endloop
  endfacet
  facet normal -0.733828 -0.679335 0
    outer loop
      vertex 7.31061 139.659 30
      vertex 7.3606 139.605 21.5
      vertex 7.3606 139.605 30
    endloop
  endfacet
  facet normal -0.890114 -0.455738 0
    outer loop
      vertex 7.68747 139.121 21.5
      vertex 7.65419 139.186 30
      vertex 7.65419 139.186 21.5
    endloop
  endfacet
  facet normal -0.890114 -0.455738 0
    outer loop
      vertex 7.65419 139.186 30
      vertex 7.68747 139.121 21.5
      vertex 7.68747 139.121 30
    endloop
  endfacet
  facet normal -0.907717 -0.419582 0
    outer loop
      vertex 7.71844 139.054 21.5
      vertex 7.68747 139.121 30
      vertex 7.68747 139.121 21.5
    endloop
  endfacet
  facet normal -0.907717 -0.419582 0
    outer loop
      vertex 7.68747 139.121 30
      vertex 7.71844 139.054 21.5
      vertex 7.71844 139.054 30
    endloop
  endfacet
  facet normal -0.259191 -0.965826 0
    outer loop
      vertex 6.30804 140.238 21.5
      vertex 6.37884 140.219 30
      vertex 6.30804 140.238 30
    endloop
  endfacet
  facet normal -0.259191 -0.965826 -0
    outer loop
      vertex 6.37884 140.219 30
      vertex 6.30804 140.238 21.5
      vertex 6.37884 140.219 21.5
    endloop
  endfacet
  facet normal -0.0136432 -0.999907 0
    outer loop
      vertex 5.8 140.3 21.5
      vertex 5.87329 140.299 30
      vertex 5.8 140.3 30
    endloop
  endfacet
  facet normal -0.0136432 -0.999907 -0
    outer loop
      vertex 5.87329 140.299 30
      vertex 5.8 140.3 21.5
      vertex 5.87329 140.299 21.5
    endloop
  endfacet
  facet normal -0.355177 -0.934799 0
    outer loop
      vertex 6.51824 140.173 21.5
      vertex 6.58667 140.147 30
      vertex 6.51824 140.173 30
    endloop
  endfacet
  facet normal -0.355177 -0.934799 -0
    outer loop
      vertex 6.58667 140.147 30
      vertex 6.51824 140.173 21.5
      vertex 6.58667 140.147 21.5
    endloop
  endfacet
  facet normal -0.394839 -0.91875 0
    outer loop
      vertex 6.58667 140.147 21.5
      vertex 6.65415 140.118 30
      vertex 6.58667 140.147 30
    endloop
  endfacet
  facet normal -0.394839 -0.91875 -0
    outer loop
      vertex 6.65415 140.118 30
      vertex 6.58667 140.147 21.5
      vertex 6.65415 140.118 21.5
    endloop
  endfacet
  facet normal -0.545415 -0.838166 0
    outer loop
      vertex 6.91283 139.981 21.5
      vertex 6.9743 139.941 30
      vertex 6.91283 139.981 30
    endloop
  endfacet
  facet normal -0.545415 -0.838166 -0
    outer loop
      vertex 6.9743 139.941 30
      vertex 6.91283 139.981 21.5
      vertex 6.9743 139.941 21.5
    endloop
  endfacet
  facet normal -0.655367 -0.755311 0
    outer loop
      vertex 7.14985 139.809 21.5
      vertex 7.20517 139.761 30
      vertex 7.14985 139.809 30
    endloop
  endfacet
  facet normal -0.655367 -0.755311 -0
    outer loop
      vertex 7.20517 139.761 30
      vertex 7.14985 139.809 21.5
      vertex 7.20517 139.761 21.5
    endloop
  endfacet
  facet normal 0 0 1
    outer loop
      vertex 7.89872 138.273 21.5
      vertex 7.89872 138.127 21.5
      vertex 7.9 138.2 21.5
    endloop
  endfacet
  facet normal 0 0 1
    outer loop
      vertex 7.89488 138.346 21.5
      vertex 7.89872 138.127 21.5
      vertex 7.89872 138.273 21.5
    endloop
  endfacet
  facet normal 0 0 1
    outer loop
      vertex 7.89488 138.346 21.5
      vertex 7.89488 138.054 21.5
      vertex 7.89872 138.127 21.5
    endloop
  endfacet
  facet normal 0 0 1
    outer loop
      vertex 7.8885 138.42 21.5
      vertex 7.89488 138.054 21.5
      vertex 7.89488 138.346 21.5
    endloop
  endfacet
  facet normal 0 0 1
    outer loop
      vertex 7.8885 138.42 21.5
      vertex 7.8885 137.98 21.5
      vertex 7.89488 138.054 21.5
    endloop
  endfacet
  facet normal 0 0 1
    outer loop
      vertex 7.87956 138.492 21.5
      vertex 7.8885 137.98 21.5
      vertex 7.8885 138.42 21.5
    endloop
  endfacet
  facet normal 0 0 1
    outer loop
      vertex 7.87956 138.492 21.5
      vertex 7.87956 137.908 21.5
      vertex 7.8885 137.98 21.5
    endloop
  endfacet
  facet normal 0 0 1
    outer loop
      vertex 7.8681 138.565 21.5
      vertex 7.87956 137.908 21.5
      vertex 7.87956 138.492 21.5
    endloop
  endfacet
  facet normal 0 0 1
    outer loop
      vertex 7.8681 138.565 21.5
      vertex 7.8681 137.835 21.5
      vertex 7.87956 137.908 21.5
    endloop
  endfacet
  facet normal 0 0 1
    outer loop
      vertex 7.85411 138.637 21.5
      vertex 7.8681 137.835 21.5
      vertex 7.8681 138.565 21.5
    endloop
  endfacet
  facet normal 0 0 1
    outer loop
      vertex 7.85411 138.637 21.5
      vertex 7.85411 137.763 21.5
      vertex 7.8681 137.835 21.5
    endloop
  endfacet
  facet normal 0 0 1
    outer loop
      vertex 7.83762 138.708 21.5
      vertex 7.85411 137.763 21.5
      vertex 7.85411 138.637 21.5
    endloop
  endfacet
  facet normal 0 0 1
    outer loop
      vertex 7.83762 138.708 21.5
      vertex 7.83762 137.692 21.5
      vertex 7.85411 137.763 21.5
    endloop
  endfacet
  facet normal 0 0 1
    outer loop
      vertex 7.81865 138.779 21.5
      vertex 7.83762 137.692 21.5
      vertex 7.83762 138.708 21.5
    endloop
  endfacet
  facet normal 0 0 1
    outer loop
      vertex 7.81865 138.779 21.5
      vertex 7.81865 137.621 21.5
      vertex 7.83762 137.692 21.5
    endloop
  endfacet
  facet normal 0 0 1
    outer loop
      vertex 7.79722 138.849 21.5
      vertex 7.81865 137.621 21.5
      vertex 7.81865 138.779 21.5
    endloop
  endfacet
  facet normal 0 0 1
    outer loop
      vertex 7.79722 138.849 21.5
      vertex 7.79722 137.551 21.5
      vertex 7.81865 137.621 21.5
    endloop
  endfacet
  facet normal 0 0 1
    outer loop
      vertex 7.77335 138.918 21.5
      vertex 7.79722 137.551 21.5
      vertex 7.79722 138.849 21.5
    endloop
  endfacet
  facet normal 0 0 1
    outer loop
      vertex 7.77335 138.918 21.5
      vertex 7.77335 137.482 21.5
      vertex 7.79722 137.551 21.5
    endloop
  endfacet
  facet normal 0 0 1
    outer loop
      vertex 7.74709 138.987 21.5
      vertex 7.77335 137.482 21.5
      vertex 7.77335 138.918 21.5
    endloop
  endfacet
  facet normal 0 0 1
    outer loop
      vertex 7.74709 138.987 21.5
      vertex 7.74709 137.413 21.5
      vertex 7.77335 137.482 21.5
    endloop
  endfacet
  facet normal 0 0 1
    outer loop
      vertex 7.71844 139.054 21.5
      vertex 7.74709 137.413 21.5
      vertex 7.74709 138.987 21.5
    endloop
  endfacet
  facet normal 0 0 1
    outer loop
      vertex 7.71844 139.054 21.5
      vertex 7.71844 137.346 21.5
      vertex 7.74709 137.413 21.5
    endloop
  endfacet
  facet normal 0 0 1
    outer loop
      vertex 7.68747 139.121 21.5
      vertex 7.71844 137.346 21.5
      vertex 7.71844 139.054 21.5
    endloop
  endfacet
  facet normal 0 0 1
    outer loop
      vertex 7.68747 139.121 21.5
      vertex 7.68747 137.279 21.5
      vertex 7.71844 137.346 21.5
    endloop
  endfacet
  facet normal 0 0 1
    outer loop
      vertex 7.65419 139.186 21.5
      vertex 7.68747 137.279 21.5
      vertex 7.68747 139.121 21.5
    endloop
  endfacet
  facet normal 0 0 1
    outer loop
      vertex 7.65419 139.186 21.5
      vertex 7.65419 137.214 21.5
      vertex 7.68747 137.279 21.5
    endloop
  endfacet
  facet normal 0 0 1
    outer loop
      vertex 7.61865 139.25 21.5
      vertex 7.65419 137.214 21.5
      vertex 7.65419 139.186 21.5
    endloop
  endfacet
  facet normal 0 0 1
    outer loop
      vertex 7.61865 139.25 21.5
      vertex 7.61865 137.15 21.5
      vertex 7.65419 137.214 21.5
    endloop
  endfacet
  facet normal 0 0 1
    outer loop
      vertex 7.5809 139.313 21.5
      vertex 7.61865 137.15 21.5
      vertex 7.61865 139.25 21.5
    endloop
  endfacet
  facet normal 0 0 1
    outer loop
      vertex 7.5809 139.313 21.5
      vertex 7.5809 137.087 21.5
      vertex 7.61865 137.15 21.5
    endloop
  endfacet
  facet normal 0 0 1
    outer loop
      vertex 7.54098 139.374 21.5
      vertex 7.5809 137.087 21.5
      vertex 7.5809 139.313 21.5
    endloop
  endfacet
  facet normal 0 0 1
    outer loop
      vertex 7.54098 139.374 21.5
      vertex 7.54098 137.026 21.5
      vertex 7.5809 137.087 21.5
    endloop
  endfacet
  facet normal 0 0 1
    outer loop
      vertex 7.49893 139.434 21.5
      vertex 7.54098 137.026 21.5
      vertex 7.54098 139.374 21.5
    endloop
  endfacet
  facet normal 0 0 1
    outer loop
      vertex 7.49893 139.434 21.5
      vertex 7.49893 136.966 21.5
      vertex 7.54098 137.026 21.5
    endloop
  endfacet
  facet normal 0 0 1
    outer loop
      vertex 7.45482 139.493 21.5
      vertex 7.49893 136.966 21.5
      vertex 7.49893 139.434 21.5
    endloop
  endfacet
  facet normal 0 0 1
    outer loop
      vertex 7.45482 139.493 21.5
      vertex 7.45482 136.907 21.5
      vertex 7.49893 136.966 21.5
    endloop
  endfacet
  facet normal 0 0 1
    outer loop
      vertex 7.40869 139.55 21.5
      vertex 7.45482 136.907 21.5
      vertex 7.45482 139.493 21.5
    endloop
  endfacet
  facet normal 0 0 1
    outer loop
      vertex 7.40869 139.55 21.5
      vertex 7.40869 136.85 21.5
      vertex 7.45482 136.907 21.5
    endloop
  endfacet
  facet normal 0 0 1
    outer loop
      vertex 7.3606 139.605 21.5
      vertex 7.40869 136.85 21.5
      vertex 7.40869 139.55 21.5
    endloop
  endfacet
  facet normal 0 0 1
    outer loop
      vertex 7.3606 139.605 21.5
      vertex 7.3606 136.795 21.5
      vertex 7.40869 136.85 21.5
    endloop
  endfacet
  facet normal 0 0 1
    outer loop
      vertex 7.31061 139.659 21.5
      vertex 7.3606 136.795 21.5
      vertex 7.3606 139.605 21.5
    endloop
  endfacet
  facet normal 0 0 1
    outer loop
      vertex 7.31061 139.659 21.5
      vertex 7.31061 136.741 21.5
      vertex 7.3606 136.795 21.5
    endloop
  endfacet
  facet normal 0 0 1
    outer loop
      vertex 7.25878 139.711 21.5
      vertex 7.31061 136.741 21.5
      vertex 7.31061 139.659 21.5
    endloop
  endfacet
  facet normal 0 0 1
    outer loop
      vertex 7.25878 139.711 21.5
      vertex 7.25878 136.689 21.5
      vertex 7.31061 136.741 21.5
    endloop
  endfacet
  facet normal 0 0 1
    outer loop
      vertex 7.20517 139.761 21.5
      vertex 7.25878 136.689 21.5
      vertex 7.25878 139.711 21.5
    endloop
  endfacet
  facet normal 0 0 1
    outer loop
      vertex 7.20517 139.761 21.5
      vertex 7.20517 136.639 21.5
      vertex 7.25878 136.689 21.5
    endloop
  endfacet
  facet normal 0 0 1
    outer loop
      vertex 7.14985 139.809 21.5
      vertex 7.20517 136.639 21.5
      vertex 7.20517 139.761 21.5
    endloop
  endfacet
  facet normal 0 0 1
    outer loop
      vertex 7.14985 139.809 21.5
      vertex 7.14985 136.591 21.5
      vertex 7.20517 136.639 21.5
    endloop
  endfacet
  facet normal 0 0 1
    outer loop
      vertex 7.09289 139.855 21.5
      vertex 7.14985 136.591 21.5
      vertex 7.14985 139.809 21.5
    endloop
  endfacet
  facet normal 0 0 1
    outer loop
      vertex 7.09289 139.855 21.5
      vertex 7.09289 136.545 21.5
      vertex 7.14985 136.591 21.5
    endloop
  endfacet
  facet normal 0 0 1
    outer loop
      vertex 7.03435 139.899 21.5
      vertex 7.09289 136.545 21.5
      vertex 7.09289 139.855 21.5
    endloop
  endfacet
  facet normal 0 0 1
    outer loop
      vertex 7.03435 139.899 21.5
      vertex 7.03435 136.501 21.5
      vertex 7.09289 136.545 21.5
    endloop
  endfacet
  facet normal 0 0 1
    outer loop
      vertex 6.9743 139.941 21.5
      vertex 7.03435 136.501 21.5
      vertex 7.03435 139.899 21.5
    endloop
  endfacet
  facet normal 0 0 1
    outer loop
      vertex 6.9743 139.941 21.5
      vertex 6.9743 136.459 21.5
      vertex 7.03435 136.501 21.5
    endloop
  endfacet
  facet normal 0 0 1
    outer loop
      vertex 6.91283 139.981 21.5
      vertex 6.9743 136.459 21.5
      vertex 6.9743 139.941 21.5
    endloop
  endfacet
  facet normal 0 0 1
    outer loop
      vertex 6.91283 139.981 21.5
      vertex 6.91283 136.419 21.5
      vertex 6.9743 136.459 21.5
    endloop
  endfacet
  facet normal 0 0 1
    outer loop
      vertex 6.85 140.019 21.5
      vertex 6.91283 136.419 21.5
      vertex 6.91283 139.981 21.5
    endloop
  endfacet
  facet normal 0 0 1
    outer loop
      vertex 6.85 140.019 21.5
      vertex 6.85 136.381 21.5
      vertex 6.91283 136.419 21.5
    endloop
  endfacet
  facet normal 0 0 1
    outer loop
      vertex 6.78589 140.054 21.5
      vertex 6.85 136.381 21.5
      vertex 6.85 140.019 21.5
    endloop
  endfacet
  facet normal 0 0 1
    outer loop
      vertex 6.78589 140.054 21.5
      vertex 6.78589 136.346 21.5
      vertex 6.85 136.381 21.5
    endloop
  endfacet
  facet normal 0 0 1
    outer loop
      vertex 6.72058 140.087 21.5
      vertex 6.78589 136.346 21.5
      vertex 6.78589 140.054 21.5
    endloop
  endfacet
  facet normal 0 0 1
    outer loop
      vertex 6.72058 140.087 21.5
      vertex 6.72058 136.313 21.5
      vertex 6.78589 136.346 21.5
    endloop
  endfacet
  facet normal 0 0 1
    outer loop
      vertex 6.65415 140.118 21.5
      vertex 6.72058 136.313 21.5
      vertex 6.72058 140.087 21.5
    endloop
  endfacet
  facet normal 0 0 1
    outer loop
      vertex 6.65415 140.118 21.5
      vertex 6.65415 136.282 21.5
      vertex 6.72058 136.313 21.5
    endloop
  endfacet
  facet normal 0 0 1
    outer loop
      vertex 6.58667 140.147 21.5
      vertex 6.65415 136.282 21.5
      vertex 6.65415 140.118 21.5
    endloop
  endfacet
  facet normal 0 0 1
    outer loop
      vertex 6.58667 140.147 21.5
      vertex 6.58667 136.253 21.5
      vertex 6.65415 136.282 21.5
    endloop
  endfacet
  facet normal 0 0 1
    outer loop
      vertex 6.51824 140.173 21.5
      vertex 6.58667 136.253 21.5
      vertex 6.58667 140.147 21.5
    endloop
  endfacet
  facet normal 0 0 1
    outer loop
      vertex 6.51824 140.173 21.5
      vertex 6.51824 136.227 21.5
      vertex 6.58667 136.253 21.5
    endloop
  endfacet
  facet normal 0 0 1
    outer loop
      vertex 6.44894 140.197 21.5
      vertex 6.51824 136.227 21.5
      vertex 6.51824 140.173 21.5
    endloop
  endfacet
  facet normal 0 0 1
    outer loop
      vertex 6.44894 140.197 21.5
      vertex 6.44894 136.203 21.5
      vertex 6.51824 136.227 21.5
    endloop
  endfacet
  facet normal 0 0 1
    outer loop
      vertex 6.37884 140.219 21.5
      vertex 6.44894 136.203 21.5
      vertex 6.44894 140.197 21.5
    endloop
  endfacet
  facet normal 0 0 1
    outer loop
      vertex 6.37884 140.219 21.5
      vertex 6.37884 136.181 21.5
      vertex 6.44894 136.203 21.5
    endloop
  endfacet
  facet normal 0 0 1
    outer loop
      vertex 6.30804 140.238 21.5
      vertex 6.37884 136.181 21.5
      vertex 6.37884 140.219 21.5
    endloop
  endfacet
  facet normal 0 0 1
    outer loop
      vertex 6.30804 140.238 21.5
      vertex 6.30804 136.162 21.5
      vertex 6.37884 136.181 21.5
    endloop
  endfacet
  facet normal 0 0 1
    outer loop
      vertex 6.23661 140.254 21.5
      vertex 6.30804 136.162 21.5
      vertex 6.30804 140.238 21.5
    endloop
  endfacet
  facet normal 0 0 1
    outer loop
      vertex 6.23661 140.254 21.5
      vertex 6.23661 136.146 21.5
      vertex 6.30804 136.162 21.5
    endloop
  endfacet
  facet normal 0 0 1
    outer loop
      vertex 6.16466 140.268 21.5
      vertex 6.23661 136.146 21.5
      vertex 6.23661 140.254 21.5
    endloop
  endfacet
  facet normal 0 0 1
    outer loop
      vertex 6.16466 140.268 21.5
      vertex 6.16466 136.132 21.5
      vertex 6.23661 136.146 21.5
    endloop
  endfacet
  facet normal 0 0 1
    outer loop
      vertex 6.09226 140.28 21.5
      vertex 6.16466 136.132 21.5
      vertex 6.16466 140.268 21.5
    endloop
  endfacet
  facet normal 0 0 1
    outer loop
      vertex 6.09226 140.28 21.5
      vertex 6.09226 136.12 21.5
      vertex 6.16466 136.132 21.5
    endloop
  endfacet
  facet normal 0 0 1
    outer loop
      vertex 6.01951 140.288 21.5
      vertex 6.09226 136.12 21.5
      vertex 6.09226 140.28 21.5
    endloop
  endfacet
  facet normal 0 0 1
    outer loop
      vertex 6.01951 140.288 21.5
      vertex 6.01951 136.112 21.5
      vertex 6.09226 136.12 21.5
    endloop
  endfacet
  facet normal 0 0 1
    outer loop
      vertex 5.94649 140.295 21.5
      vertex 6.01951 136.112 21.5
      vertex 6.01951 140.288 21.5
    endloop
  endfacet
  facet normal 0 0 1
    outer loop
      vertex 5.94649 140.295 21.5
      vertex 5.94649 136.105 21.5
      vertex 6.01951 136.112 21.5
    endloop
  endfacet
  facet normal 0 0 1
    outer loop
      vertex 5.87329 140.299 21.5
      vertex 5.94649 136.105 21.5
      vertex 5.94649 140.295 21.5
    endloop
  endfacet
  facet normal 0 0 1
    outer loop
      vertex 5.87329 140.299 21.5
      vertex 5.87329 136.101 21.5
      vertex 5.94649 136.105 21.5
    endloop
  endfacet
  facet normal 0 0 1
    outer loop
      vertex 5.8 140.3 21.5
      vertex 5.87329 136.101 21.5
      vertex 5.87329 140.299 21.5
    endloop
  endfacet
  facet normal 0 0 1
    outer loop
      vertex 5.8 140.3 21.5
      vertex 5.8 136.1 21.5
      vertex 5.87329 136.101 21.5
    endloop
  endfacet
  facet normal -0 0 1
    outer loop
      vertex 5.72671 140.299 21.5
      vertex 5.8 136.1 21.5
      vertex 5.8 140.3 21.5
    endloop
  endfacet
  facet normal 0 0 1
    outer loop
      vertex 5.72671 140.299 21.5
      vertex 5.72671 136.101 21.5
      vertex 5.8 136.1 21.5
    endloop
  endfacet
  facet normal -0 0 1
    outer loop
      vertex 5.65351 140.295 21.5
      vertex 5.72671 136.101 21.5
      vertex 5.72671 140.299 21.5
    endloop
  endfacet
  facet normal 0 0 1
    outer loop
      vertex 5.65351 140.295 21.5
      vertex 5.65351 136.105 21.5
      vertex 5.72671 136.101 21.5
    endloop
  endfacet
  facet normal -0 0 1
    outer loop
      vertex 5.58049 140.288 21.5
      vertex 5.65351 136.105 21.5
      vertex 5.65351 140.295 21.5
    endloop
  endfacet
  facet normal 0 0 1
    outer loop
      vertex 5.58049 140.288 21.5
      vertex 5.58049 136.112 21.5
      vertex 5.65351 136.105 21.5
    endloop
  endfacet
  facet normal -0 0 1
    outer loop
      vertex 5.50774 140.28 21.5
      vertex 5.58049 136.112 21.5
      vertex 5.58049 140.288 21.5
    endloop
  endfacet
  facet normal 0 0 1
    outer loop
      vertex 5.50774 140.28 21.5
      vertex 5.50774 136.12 21.5
      vertex 5.58049 136.112 21.5
    endloop
  endfacet
  facet normal -0 0 1
    outer loop
      vertex 5.43534 140.268 21.5
      vertex 5.50774 136.12 21.5
      vertex 5.50774 140.28 21.5
    endloop
  endfacet
  facet normal 0 0 1
    outer loop
      vertex 5.43534 140.268 21.5
      vertex 5.43534 136.132 21.5
      vertex 5.50774 136.12 21.5
    endloop
  endfacet
  facet normal -0 0 1
    outer loop
      vertex 5.36339 140.254 21.5
      vertex 5.43534 136.132 21.5
      vertex 5.43534 140.268 21.5
    endloop
  endfacet
  facet normal 0 0 1
    outer loop
      vertex 5.36339 140.254 21.5
      vertex 5.36339 136.146 21.5
      vertex 5.43534 136.132 21.5
    endloop
  endfacet
  facet normal -0 0 1
    outer loop
      vertex 5.29196 140.238 21.5
      vertex 5.36339 136.146 21.5
      vertex 5.36339 140.254 21.5
    endloop
  endfacet
  facet normal 0 0 1
    outer loop
      vertex 5.29196 140.238 21.5
      vertex 5.29196 136.162 21.5
      vertex 5.36339 136.146 21.5
    endloop
  endfacet
  facet normal -0 0 1
    outer loop
      vertex 5.22116 140.219 21.5
      vertex 5.29196 136.162 21.5
      vertex 5.29196 140.238 21.5
    endloop
  endfacet
  facet normal 0 0 1
    outer loop
      vertex 5.22116 140.219 21.5
      vertex 5.22116 136.181 21.5
      vertex 5.29196 136.162 21.5
    endloop
  endfacet
  facet normal -0 0 1
    outer loop
      vertex 5.15106 140.197 21.5
      vertex 5.22116 136.181 21.5
      vertex 5.22116 140.219 21.5
    endloop
  endfacet
  facet normal 0 0 1
    outer loop
      vertex 5.15106 140.197 21.5
      vertex 5.15106 136.203 21.5
      vertex 5.22116 136.181 21.5
    endloop
  endfacet
  facet normal -0 0 1
    outer loop
      vertex 5.08176 140.173 21.5
      vertex 5.15106 136.203 21.5
      vertex 5.15106 140.197 21.5
    endloop
  endfacet
  facet normal 0 0 1
    outer loop
      vertex 5.08176 140.173 21.5
      vertex 5.08176 136.227 21.5
      vertex 5.15106 136.203 21.5
    endloop
  endfacet
  facet normal -0 0 1
    outer loop
      vertex 5.01333 140.147 21.5
      vertex 5.08176 136.227 21.5
      vertex 5.08176 140.173 21.5
    endloop
  endfacet
  facet normal 0 0 1
    outer loop
      vertex 5.01333 140.147 21.5
      vertex 5.01333 136.253 21.5
      vertex 5.08176 136.227 21.5
    endloop
  endfacet
  facet normal -0 0 1
    outer loop
      vertex 4.94585 140.118 21.5
      vertex 5.01333 136.253 21.5
      vertex 5.01333 140.147 21.5
    endloop
  endfacet
  facet normal 0 0 1
    outer loop
      vertex 4.94585 140.118 21.5
      vertex 4.94585 136.282 21.5
      vertex 5.01333 136.253 21.5
    endloop
  endfacet
  facet normal -0 0 1
    outer loop
      vertex 4.87942 140.087 21.5
      vertex 4.94585 136.282 21.5
      vertex 4.94585 140.118 21.5
    endloop
  endfacet
  facet normal 0 0 1
    outer loop
      vertex 4.87942 140.087 21.5
      vertex 4.87942 136.313 21.5
      vertex 4.94585 136.282 21.5
    endloop
  endfacet
  facet normal -0 0 1
    outer loop
      vertex 4.81411 140.054 21.5
      vertex 4.87942 136.313 21.5
      vertex 4.87942 140.087 21.5
    endloop
  endfacet
  facet normal 0 0 1
    outer loop
      vertex 4.81411 140.054 21.5
      vertex 4.81411 136.346 21.5
      vertex 4.87942 136.313 21.5
    endloop
  endfacet
  facet normal -0 0 1
    outer loop
      vertex 4.75 140.019 21.5
      vertex 4.81411 136.346 21.5
      vertex 4.81411 140.054 21.5
    endloop
  endfacet
  facet normal 0 0 1
    outer loop
      vertex 4.75 140.019 21.5
      vertex 4.75 136.381 21.5
      vertex 4.81411 136.346 21.5
    endloop
  endfacet
  facet normal -0 0 1
    outer loop
      vertex 4.68717 139.981 21.5
      vertex 4.75 136.381 21.5
      vertex 4.75 140.019 21.5
    endloop
  endfacet
  facet normal 0 0 1
    outer loop
      vertex 4.68717 139.981 21.5
      vertex 4.68717 136.419 21.5
      vertex 4.75 136.381 21.5
    endloop
  endfacet
  facet normal -0 0 1
    outer loop
      vertex 4.62569 139.941 21.5
      vertex 4.68717 136.419 21.5
      vertex 4.68717 139.981 21.5
    endloop
  endfacet
  facet normal 0 0 1
    outer loop
      vertex 4.62569 139.941 21.5
      vertex 4.62569 136.459 21.5
      vertex 4.68717 136.419 21.5
    endloop
  endfacet
  facet normal -0 0 1
    outer loop
      vertex 4.56565 139.899 21.5
      vertex 4.62569 136.459 21.5
      vertex 4.62569 139.941 21.5
    endloop
  endfacet
  facet normal 0 0 1
    outer loop
      vertex 4.56565 139.899 21.5
      vertex 4.56565 136.501 21.5
      vertex 4.62569 136.459 21.5
    endloop
  endfacet
  facet normal -0 0 1
    outer loop
      vertex 4.50711 139.855 21.5
      vertex 4.56565 136.501 21.5
      vertex 4.56565 139.899 21.5
    endloop
  endfacet
  facet normal 0 0 1
    outer loop
      vertex 4.50711 139.855 21.5
      vertex 4.50711 136.545 21.5
      vertex 4.56565 136.501 21.5
    endloop
  endfacet
  facet normal -0 0 1
    outer loop
      vertex 4.45015 139.809 21.5
      vertex 4.50711 136.545 21.5
      vertex 4.50711 139.855 21.5
    endloop
  endfacet
  facet normal 0 0 1
    outer loop
      vertex 4.45015 139.809 21.5
      vertex 4.45015 136.591 21.5
      vertex 4.50711 136.545 21.5
    endloop
  endfacet
  facet normal -0 0 1
    outer loop
      vertex 4.39482 139.761 21.5
      vertex 4.45015 136.591 21.5
      vertex 4.45015 139.809 21.5
    endloop
  endfacet
  facet normal 0 0 1
    outer loop
      vertex 4.39482 139.761 21.5
      vertex 4.39482 136.639 21.5
      vertex 4.45015 136.591 21.5
    endloop
  endfacet
  facet normal -0 0 1
    outer loop
      vertex 4.34122 139.711 21.5
      vertex 4.39482 136.639 21.5
      vertex 4.39482 139.761 21.5
    endloop
  endfacet
  facet normal 0 0 1
    outer loop
      vertex 4.34122 139.711 21.5
      vertex 4.34122 136.689 21.5
      vertex 4.39482 136.639 21.5
    endloop
  endfacet
  facet normal -0 0 1
    outer loop
      vertex 4.28939 139.659 21.5
      vertex 4.34122 136.689 21.5
      vertex 4.34122 139.711 21.5
    endloop
  endfacet
  facet normal 0 0 1
    outer loop
      vertex 4.28939 139.659 21.5
      vertex 4.28939 136.741 21.5
      vertex 4.34122 136.689 21.5
    endloop
  endfacet
  facet normal -0 0 1
    outer loop
      vertex 4.2394 139.605 21.5
      vertex 4.28939 136.741 21.5
      vertex 4.28939 139.659 21.5
    endloop
  endfacet
  facet normal 0 0 1
    outer loop
      vertex 4.2394 139.605 21.5
      vertex 4.2394 136.795 21.5
      vertex 4.28939 136.741 21.5
    endloop
  endfacet
  facet normal -0 0 1
    outer loop
      vertex 4.19131 139.55 21.5
      vertex 4.2394 136.795 21.5
      vertex 4.2394 139.605 21.5
    endloop
  endfacet
  facet normal 0 0 1
    outer loop
      vertex 4.19131 139.55 21.5
      vertex 4.19131 136.85 21.5
      vertex 4.2394 136.795 21.5
    endloop
  endfacet
  facet normal -0 0 1
    outer loop
      vertex 4.14518 139.493 21.5
      vertex 4.19131 136.85 21.5
      vertex 4.19131 139.55 21.5
    endloop
  endfacet
  facet normal 0 0 1
    outer loop
      vertex 4.14518 139.493 21.5
      vertex 4.14518 136.907 21.5
      vertex 4.19131 136.85 21.5
    endloop
  endfacet
  facet normal -0 0 1
    outer loop
      vertex 4.10106 139.434 21.5
      vertex 4.14518 136.907 21.5
      vertex 4.14518 139.493 21.5
    endloop
  endfacet
  facet normal 0 0 1
    outer loop
      vertex 4.10106 139.434 21.5
      vertex 4.10106 136.966 21.5
      vertex 4.14518 136.907 21.5
    endloop
  endfacet
  facet normal -0 0 1
    outer loop
      vertex 4.05902 139.374 21.5
      vertex 4.10106 136.966 21.5
      vertex 4.10106 139.434 21.5
    endloop
  endfacet
  facet normal 0 0 1
    outer loop
      vertex 4.05902 139.374 21.5
      vertex 4.05902 137.026 21.5
      vertex 4.10106 136.966 21.5
    endloop
  endfacet
  facet normal -0 0 1
    outer loop
      vertex 4.0191 139.313 21.5
      vertex 4.05902 137.026 21.5
      vertex 4.05902 139.374 21.5
    endloop
  endfacet
  facet normal 0 0 1
    outer loop
      vertex 4.0191 139.313 21.5
      vertex 4.0191 137.087 21.5
      vertex 4.05902 137.026 21.5
    endloop
  endfacet
  facet normal -0 0 1
    outer loop
      vertex 3.98135 139.25 21.5
      vertex 4.0191 137.087 21.5
      vertex 4.0191 139.313 21.5
    endloop
  endfacet
  facet normal 0 0 1
    outer loop
      vertex 3.98135 139.25 21.5
      vertex 3.98135 137.15 21.5
      vertex 4.0191 137.087 21.5
    endloop
  endfacet
  facet normal -0 0 1
    outer loop
      vertex 3.94581 139.186 21.5
      vertex 3.98135 137.15 21.5
      vertex 3.98135 139.25 21.5
    endloop
  endfacet
  facet normal 0 0 1
    outer loop
      vertex 3.94581 139.186 21.5
      vertex 3.94581 137.214 21.5
      vertex 3.98135 137.15 21.5
    endloop
  endfacet
  facet normal -0 0 1
    outer loop
      vertex 3.91253 139.121 21.5
      vertex 3.94581 137.214 21.5
      vertex 3.94581 139.186 21.5
    endloop
  endfacet
  facet normal 0 0 1
    outer loop
      vertex 3.91253 139.121 21.5
      vertex 3.91253 137.279 21.5
      vertex 3.94581 137.214 21.5
    endloop
  endfacet
  facet normal -0 0 1
    outer loop
      vertex 3.88155 139.054 21.5
      vertex 3.91253 137.279 21.5
      vertex 3.91253 139.121 21.5
    endloop
  endfacet
  facet normal 0 0 1
    outer loop
      vertex 3.88155 139.054 21.5
      vertex 3.88155 137.346 21.5
      vertex 3.91253 137.279 21.5
    endloop
  endfacet
  facet normal -0 0 1
    outer loop
      vertex 3.85291 138.987 21.5
      vertex 3.88155 137.346 21.5
      vertex 3.88155 139.054 21.5
    endloop
  endfacet
  facet normal 0 0 1
    outer loop
      vertex 3.85291 138.987 21.5
      vertex 3.85291 137.413 21.5
      vertex 3.88155 137.346 21.5
    endloop
  endfacet
  facet normal -0 0 1
    outer loop
      vertex 3.82664 138.918 21.5
      vertex 3.85291 137.413 21.5
      vertex 3.85291 138.987 21.5
    endloop
  endfacet
  facet normal 0 0 1
    outer loop
      vertex 3.82664 138.918 21.5
      vertex 3.82664 137.482 21.5
      vertex 3.85291 137.413 21.5
    endloop
  endfacet
  facet normal -0 0 1
    outer loop
      vertex 3.80278 138.849 21.5
      vertex 3.82664 137.482 21.5
      vertex 3.82664 138.918 21.5
    endloop
  endfacet
  facet normal 0 0 1
    outer loop
      vertex 3.80278 138.849 21.5
      vertex 3.80278 137.551 21.5
      vertex 3.82664 137.482 21.5
    endloop
  endfacet
  facet normal -0 0 1
    outer loop
      vertex 3.78135 138.779 21.5
      vertex 3.80278 137.551 21.5
      vertex 3.80278 138.849 21.5
    endloop
  endfacet
  facet normal 0 0 1
    outer loop
      vertex 3.78135 138.779 21.5
      vertex 3.78135 137.621 21.5
      vertex 3.80278 137.551 21.5
    endloop
  endfacet
  facet normal -0 0 1
    outer loop
      vertex 3.76238 138.708 21.5
      vertex 3.78135 137.621 21.5
      vertex 3.78135 138.779 21.5
    endloop
  endfacet
  facet normal 0 0 1
    outer loop
      vertex 3.76238 138.708 21.5
      vertex 3.76238 137.692 21.5
      vertex 3.78135 137.621 21.5
    endloop
  endfacet
  facet normal -0 0 1
    outer loop
      vertex 3.74589 138.637 21.5
      vertex 3.76238 137.692 21.5
      vertex 3.76238 138.708 21.5
    endloop
  endfacet
  facet normal 0 0 1
    outer loop
      vertex 3.74589 138.637 21.5
      vertex 3.74589 137.763 21.5
      vertex 3.76238 137.692 21.5
    endloop
  endfacet
  facet normal -0 0 1
    outer loop
      vertex 3.7319 138.565 21.5
      vertex 3.74589 137.763 21.5
      vertex 3.74589 138.637 21.5
    endloop
  endfacet
  facet normal 0 0 1
    outer loop
      vertex 3.7319 138.565 21.5
      vertex 3.7319 137.835 21.5
      vertex 3.74589 137.763 21.5
    endloop
  endfacet
  facet normal -0 0 1
    outer loop
      vertex 3.72044 138.492 21.5
      vertex 3.7319 137.835 21.5
      vertex 3.7319 138.565 21.5
    endloop
  endfacet
  facet normal 0 0 1
    outer loop
      vertex 3.72044 138.492 21.5
      vertex 3.72044 137.908 21.5
      vertex 3.7319 137.835 21.5
    endloop
  endfacet
  facet normal -0 0 1
    outer loop
      vertex 3.7115 138.42 21.5
      vertex 3.72044 137.908 21.5
      vertex 3.72044 138.492 21.5
    endloop
  endfacet
  facet normal 0 0 1
    outer loop
      vertex 3.7115 138.42 21.5
      vertex 3.7115 137.98 21.5
      vertex 3.72044 137.908 21.5
    endloop
  endfacet
  facet normal -0 0 1
    outer loop
      vertex 3.70512 138.346 21.5
      vertex 3.7115 137.98 21.5
      vertex 3.7115 138.42 21.5
    endloop
  endfacet
  facet normal 0 0 1
    outer loop
      vertex 3.70512 138.346 21.5
      vertex 3.70512 138.054 21.5
      vertex 3.7115 137.98 21.5
    endloop
  endfacet
  facet normal -0 0 1
    outer loop
      vertex 3.70128 138.273 21.5
      vertex 3.70512 138.054 21.5
      vertex 3.70512 138.346 21.5
    endloop
  endfacet
  facet normal 0 0 1
    outer loop
      vertex 3.70128 138.273 21.5
      vertex 3.70128 138.127 21.5
      vertex 3.70512 138.054 21.5
    endloop
  endfacet
  facet normal 0 -0 1
    outer loop
      vertex 3.70128 138.127 21.5
      vertex 3.70128 138.273 21.5
      vertex 3.7 138.2 21.5
    endloop
  endfacet
  facet normal 0.857793 -0.513995 0
    outer loop
      vertex 3.98135 139.25 30
      vertex 4.0191 139.313 21.5
      vertex 4.0191 139.313 30
    endloop
  endfacet
  facet normal 0.857793 -0.513995 0
    outer loop
      vertex 4.0191 139.313 21.5
      vertex 3.98135 139.25 30
      vertex 3.98135 139.25 21.5
    endloop
  endfacet
  facet normal 0.836747 -0.547589 0
    outer loop
      vertex 4.0191 139.313 30
      vertex 4.05902 139.374 21.5
      vertex 4.05902 139.374 30
    endloop
  endfacet
  facet normal 0.836747 -0.547589 0
    outer loop
      vertex 4.05902 139.374 21.5
      vertex 4.0191 139.313 30
      vertex 4.0191 139.313 21.5
    endloop
  endfacet
  facet normal 0.907666 -0.419694 0
    outer loop
      vertex 3.88155 139.054 30
      vertex 3.91253 139.121 21.5
      vertex 3.91253 139.121 30
    endloop
  endfacet
  facet normal 0.907666 -0.419694 0
    outer loop
      vertex 3.91253 139.121 21.5
      vertex 3.88155 139.054 30
      vertex 3.88155 139.054 21.5
    endloop
  endfacet
  facet normal 0.919514 -0.393058 0
    outer loop
      vertex 3.85291 138.987 30
      vertex 3.88155 139.054 21.5
      vertex 3.88155 139.054 30
    endloop
  endfacet
  facet normal 0.919514 -0.393058 0
    outer loop
      vertex 3.88155 139.054 21.5
      vertex 3.85291 138.987 30
      vertex 3.85291 138.987 21.5
    endloop
  endfacet
  facet normal 0.94509 -0.326809 0
    outer loop
      vertex 3.80278 138.849 30
      vertex 3.82664 138.918 21.5
      vertex 3.82664 138.918 30
    endloop
  endfacet
  facet normal 0.94509 -0.326809 0
    outer loop
      vertex 3.82664 138.918 21.5
      vertex 3.80278 138.849 30
      vertex 3.80278 138.849 21.5
    endloop
  endfacet
  facet normal 0.981641 -0.190738 0
    outer loop
      vertex 3.7319 138.565 30
      vertex 3.74589 138.637 21.5
      vertex 3.74589 138.637 30
    endloop
  endfacet
  facet normal 0.981641 -0.190738 0
    outer loop
      vertex 3.74589 138.637 21.5
      vertex 3.7319 138.565 30
      vertex 3.7319 138.565 21.5
    endloop
  endfacet
  facet normal 0.974073 -0.226232 0
    outer loop
      vertex 3.74589 138.637 30
      vertex 3.76238 138.708 21.5
      vertex 3.76238 138.708 30
    endloop
  endfacet
  facet normal 0.974073 -0.226232 0
    outer loop
      vertex 3.76238 138.708 21.5
      vertex 3.74589 138.637 30
      vertex 3.74589 138.637 21.5
    endloop
  endfacet
  facet normal 0.999846 -0.0175316 0
    outer loop
      vertex 3.7 138.2 30
      vertex 3.70128 138.273 21.5
      vertex 3.70128 138.273 30
    endloop
  endfacet
  facet normal 0.999846 -0.0175316 0
    outer loop
      vertex 3.70128 138.273 21.5
      vertex 3.7 138.2 30
      vertex 3.7 138.2 21.5
    endloop
  endfacet
  facet normal 0.573206 -0.819411 0
    outer loop
      vertex 4.56565 139.899 21.5
      vertex 4.62569 139.941 30
      vertex 4.56565 139.899 30
    endloop
  endfacet
  facet normal 0.573206 -0.819411 0
    outer loop
      vertex 4.62569 139.941 30
      vertex 4.56565 139.899 21.5
      vertex 4.62569 139.941 21.5
    endloop
  endfacet
  facet normal 0.394839 -0.91875 0
    outer loop
      vertex 4.94585 140.118 21.5
      vertex 5.01333 140.147 30
      vertex 4.94585 140.118 30
    endloop
  endfacet
  facet normal 0.394839 -0.91875 0
    outer loop
      vertex 5.01333 140.147 30
      vertex 4.94585 140.118 21.5
      vertex 5.01333 140.147 21.5
    endloop
  endfacet
  facet normal 0.0954267 -0.995436 0
    outer loop
      vertex 5.58049 140.288 21.5
      vertex 5.65351 140.295 30
      vertex 5.58049 140.288 30
    endloop
  endfacet
  facet normal 0.0954267 -0.995436 0
    outer loop
      vertex 5.65351 140.295 30
      vertex 5.58049 140.288 21.5
      vertex 5.65351 140.295 21.5
    endloop
  endfacet
  facet normal -0.987901 0.155087 0
    outer loop
      vertex 7.8681 137.835 21.5
      vertex 7.87956 137.908 30
      vertex 7.87956 137.908 21.5
    endloop
  endfacet
  facet normal -0.987901 0.155087 0
    outer loop
      vertex 7.87956 137.908 30
      vertex 7.8681 137.835 21.5
      vertex 7.8681 137.835 30
    endloop
  endfacet
  facet normal -0.998619 0.0525301 0
    outer loop
      vertex 7.89488 138.054 21.5
      vertex 7.89872 138.127 30
      vertex 7.89872 138.127 21.5
    endloop
  endfacet
  facet normal -0.998619 0.0525301 0
    outer loop
      vertex 7.89872 138.127 30
      vertex 7.89488 138.054 21.5
      vertex 7.89488 138.054 30
    endloop
  endfacet
  facet normal 0.987901 0.155087 0
    outer loop
      vertex 3.7319 137.835 30
      vertex 3.72044 137.908 21.5
      vertex 3.72044 137.908 30
    endloop
  endfacet
  facet normal 0.987901 0.155087 0
    outer loop
      vertex 3.72044 137.908 21.5
      vertex 3.7319 137.835 30
      vertex 3.7319 137.835 21.5
    endloop
  endfacet
  facet normal 0.992379 0.12322 0
    outer loop
      vertex 3.72044 137.908 30
      vertex 3.7115 137.98 21.5
      vertex 3.7115 137.98 30
    endloop
  endfacet
  facet normal 0.992379 0.12322 0
    outer loop
      vertex 3.7115 137.98 21.5
      vertex 3.72044 137.908 30
      vertex 3.72044 137.908 21.5
    endloop
  endfacet
  facet normal -0.422878 0.906187 0
    outer loop
      vertex 6.72058 136.313 21.5
      vertex 6.65415 136.282 30
      vertex 6.72058 136.313 30
    endloop
  endfacet
  facet normal -0.422878 0.906187 0
    outer loop
      vertex 6.65415 136.282 30
      vertex 6.72058 136.313 21.5
      vertex 6.65415 136.282 21.5
    endloop
  endfacet
  facet normal -0.394839 0.91875 0
    outer loop
      vertex 6.65415 136.282 21.5
      vertex 6.58667 136.253 30
      vertex 6.65415 136.282 30
    endloop
  endfacet
  facet normal -0.394839 0.91875 0
    outer loop
      vertex 6.58667 136.253 30
      vertex 6.65415 136.282 21.5
      vertex 6.58667 136.253 21.5
    endloop
  endfacet
  facet normal -0.327251 0.944937 0
    outer loop
      vertex 6.51824 136.227 21.5
      vertex 6.44894 136.203 30
      vertex 6.51824 136.227 30
    endloop
  endfacet
  facet normal -0.327251 0.944937 0
    outer loop
      vertex 6.44894 136.203 30
      vertex 6.51824 136.227 21.5
      vertex 6.44894 136.203 21.5
    endloop
  endfacet
  facet normal -0.355177 0.934799 0
    outer loop
      vertex 6.58667 136.253 21.5
      vertex 6.51824 136.227 30
      vertex 6.58667 136.253 30
    endloop
  endfacet
  facet normal -0.355177 0.934799 0
    outer loop
      vertex 6.51824 136.227 30
      vertex 6.58667 136.253 21.5
      vertex 6.51824 136.227 21.5
    endloop
  endfacet
  facet normal -0.0954267 0.995436 0
    outer loop
      vertex 6.01951 136.112 21.5
      vertex 5.94649 136.105 30
      vertex 6.01951 136.112 30
    endloop
  endfacet
  facet normal -0.0954267 0.995436 0
    outer loop
      vertex 5.94649 136.105 30
      vertex 6.01951 136.112 21.5
      vertex 5.94649 136.105 21.5
    endloop
  endfacet
  facet normal -0.777331 0.629092 0
    outer loop
      vertex 7.40869 136.85 21.5
      vertex 7.45482 136.907 30
      vertex 7.45482 136.907 21.5
    endloop
  endfacet
  facet normal -0.777331 0.629092 0
    outer loop
      vertex 7.45482 136.907 30
      vertex 7.40869 136.85 21.5
      vertex 7.40869 136.85 30
    endloop
  endfacet
  facet normal -0.60083 0.799377 0
    outer loop
      vertex 7.09289 136.545 21.5
      vertex 7.03435 136.501 30
      vertex 7.09289 136.545 30
    endloop
  endfacet
  facet normal -0.60083 0.799377 0
    outer loop
      vertex 7.03435 136.501 30
      vertex 7.09289 136.545 21.5
      vertex 7.03435 136.501 21.5
    endloop
  endfacet
  facet normal -0.163515 -0.986541 0
    outer loop
      vertex 6.09226 140.28 21.5
      vertex 6.16466 140.268 30
      vertex 6.09226 140.28 30
    endloop
  endfacet
  facet normal -0.163515 -0.986541 -0
    outer loop
      vertex 6.16466 140.268 30
      vertex 6.09226 140.28 21.5
      vertex 6.16466 140.268 21.5
    endloop
  endfacet
  facet normal -0.573142 -0.819456 0
    outer loop
      vertex 6.9743 139.941 21.5
      vertex 7.03435 139.899 30
      vertex 6.9743 139.941 30
    endloop
  endfacet
  facet normal -0.573142 -0.819456 -0
    outer loop
      vertex 7.03435 139.899 30
      vertex 6.9743 139.941 21.5
      vertex 7.03435 139.899 21.5
    endloop
  endfacet
  facet normal 0.818975 -0.573829 0
    outer loop
      vertex 4.05902 139.374 30
      vertex 4.10106 139.434 21.5
      vertex 4.10106 139.434 30
    endloop
  endfacet
  facet normal 0.818975 -0.573829 0
    outer loop
      vertex 4.10106 139.434 21.5
      vertex 4.05902 139.374 30
      vertex 4.05902 139.374 21.5
    endloop
  endfacet
  facet normal 0.752814 -0.658233 0
    outer loop
      vertex 4.19131 139.55 30
      vertex 4.2394 139.605 21.5
      vertex 4.2394 139.605 30
    endloop
  endfacet
  facet normal 0.752814 -0.658233 0
    outer loop
      vertex 4.2394 139.605 21.5
      vertex 4.19131 139.55 30
      vertex 4.19131 139.55 21.5
    endloop
  endfacet
  facet normal 0.708264 -0.705948 0
    outer loop
      vertex 4.28939 139.659 30
      vertex 4.34122 139.711 21.5
      vertex 4.34122 139.711 30
    endloop
  endfacet
  facet normal 0.708264 -0.705948 0
    outer loop
      vertex 4.34122 139.711 21.5
      vertex 4.28939 139.659 30
      vertex 4.28939 139.659 21.5
    endloop
  endfacet
  facet normal 0.422878 -0.906187 0
    outer loop
      vertex 4.87942 140.087 21.5
      vertex 4.94585 140.118 30
      vertex 4.87942 140.087 30
    endloop
  endfacet
  facet normal 0.422878 -0.906187 0
    outer loop
      vertex 4.94585 140.118 30
      vertex 4.87942 140.087 21.5
      vertex 4.94585 140.118 21.5
    endloop
  endfacet
  facet normal 0.545353 -0.838207 0
    outer loop
      vertex 4.62569 139.941 21.5
      vertex 4.68717 139.981 30
      vertex 4.62569 139.941 30
    endloop
  endfacet
  facet normal 0.545353 -0.838207 0
    outer loop
      vertex 4.68717 139.981 30
      vertex 4.62569 139.941 21.5
      vertex 4.68717 139.981 21.5
    endloop
  endfacet
  facet normal 0.628286 -0.777982 0
    outer loop
      vertex 4.45015 139.809 21.5
      vertex 4.50711 139.855 30
      vertex 4.45015 139.809 30
    endloop
  endfacet
  facet normal 0.628286 -0.777982 0
    outer loop
      vertex 4.50711 139.855 30
      vertex 4.45015 139.809 21.5
      vertex 4.50711 139.855 21.5
    endloop
  endfacet
  facet normal 0.355177 -0.934799 0
    outer loop
      vertex 5.01333 140.147 21.5
      vertex 5.08176 140.173 30
      vertex 5.01333 140.147 30
    endloop
  endfacet
  facet normal 0.355177 -0.934799 0
    outer loop
      vertex 5.08176 140.173 30
      vertex 5.01333 140.147 21.5
      vertex 5.08176 140.173 21.5
    endloop
  endfacet
  facet normal -0.966111 0.258128 0
    outer loop
      vertex 7.81865 137.621 21.5
      vertex 7.83762 137.692 30
      vertex 7.83762 137.692 21.5
    endloop
  endfacet
  facet normal -0.966111 0.258128 0
    outer loop
      vertex 7.83762 137.692 30
      vertex 7.81865 137.621 21.5
      vertex 7.81865 137.621 30
    endloop
  endfacet
  facet normal -0.981641 0.190738 0
    outer loop
      vertex 7.85411 137.763 21.5
      vertex 7.8681 137.835 30
      vertex 7.8681 137.835 21.5
    endloop
  endfacet
  facet normal -0.981641 0.190738 0
    outer loop
      vertex 7.8681 137.835 30
      vertex 7.85411 137.763 21.5
      vertex 7.85411 137.763 30
    endloop
  endfacet
  facet normal -0.992379 0.12322 0
    outer loop
      vertex 7.87956 137.908 21.5
      vertex 7.8885 137.98 30
      vertex 7.8885 137.98 21.5
    endloop
  endfacet
  facet normal -0.992379 0.12322 0
    outer loop
      vertex 7.8885 137.98 30
      vertex 7.87956 137.908 21.5
      vertex 7.87956 137.908 30
    endloop
  endfacet
  facet normal -0.996304 0.0858976 0
    outer loop
      vertex 7.8885 137.98 21.5
      vertex 7.89488 138.054 30
      vertex 7.89488 138.054 21.5
    endloop
  endfacet
  facet normal -0.996304 0.0858976 0
    outer loop
      vertex 7.89488 138.054 30
      vertex 7.8885 137.98 21.5
      vertex 7.8885 137.98 30
    endloop
  endfacet
  facet normal -0.874247 0.485481 0
    outer loop
      vertex 7.61865 137.15 21.5
      vertex 7.65419 137.214 30
      vertex 7.65419 137.214 21.5
    endloop
  endfacet
  facet normal -0.874247 0.485481 0
    outer loop
      vertex 7.65419 137.214 30
      vertex 7.61865 137.15 21.5
      vertex 7.61865 137.15 30
    endloop
  endfacet
  facet normal -0.934604 0.355691 0
    outer loop
      vertex 7.74709 137.413 21.5
      vertex 7.77335 137.482 30
      vertex 7.77335 137.482 21.5
    endloop
  endfacet
  facet normal -0.934604 0.355691 0
    outer loop
      vertex 7.77335 137.482 30
      vertex 7.74709 137.413 21.5
      vertex 7.74709 137.413 30
    endloop
  endfacet
  facet normal -0.0136432 0.999907 0
    outer loop
      vertex 5.87329 136.101 21.5
      vertex 5.8 136.1 30
      vertex 5.87329 136.101 30
    endloop
  endfacet
  facet normal -0.0136432 0.999907 0
    outer loop
      vertex 5.8 136.1 30
      vertex 5.87329 136.101 21.5
      vertex 5.8 136.1 21.5
    endloop
  endfacet
  facet normal 0.355177 0.934799 -0
    outer loop
      vertex 5.08176 136.227 21.5
      vertex 5.01333 136.253 30
      vertex 5.08176 136.227 30
    endloop
  endfacet
  facet normal 0.355177 0.934799 0
    outer loop
      vertex 5.01333 136.253 30
      vertex 5.08176 136.227 21.5
      vertex 5.01333 136.253 21.5
    endloop
  endfacet
  facet normal 0.327251 0.944937 -0
    outer loop
      vertex 5.15106 136.203 21.5
      vertex 5.08176 136.227 30
      vertex 5.15106 136.203 30
    endloop
  endfacet
  facet normal 0.327251 0.944937 0
    outer loop
      vertex 5.08176 136.227 30
      vertex 5.15106 136.203 21.5
      vertex 5.08176 136.227 21.5
    endloop
  endfacet
  facet normal 0.218579 0.975819 -0
    outer loop
      vertex 5.36339 136.146 21.5
      vertex 5.29196 136.162 30
      vertex 5.36339 136.146 30
    endloop
  endfacet
  facet normal 0.218579 0.975819 0
    outer loop
      vertex 5.29196 136.162 30
      vertex 5.36339 136.146 21.5
      vertex 5.29196 136.162 21.5
    endloop
  endfacet
  facet normal 0.800846 0.59887 0
    outer loop
      vertex 4.14518 136.907 30
      vertex 4.10106 136.966 21.5
      vertex 4.10106 136.966 30
    endloop
  endfacet
  facet normal 0.800846 0.59887 0
    outer loop
      vertex 4.10106 136.966 21.5
      vertex 4.14518 136.907 30
      vertex 4.14518 136.907 21.5
    endloop
  endfacet
  facet normal 0.752814 0.658233 0
    outer loop
      vertex 4.2394 136.795 30
      vertex 4.19131 136.85 21.5
      vertex 4.19131 136.85 30
    endloop
  endfacet
  facet normal 0.752814 0.658233 0
    outer loop
      vertex 4.19131 136.85 21.5
      vertex 4.2394 136.795 30
      vertex 4.2394 136.795 21.5
    endloop
  endfacet
  facet normal 0.857793 0.513995 0
    outer loop
      vertex 4.0191 137.087 30
      vertex 3.98135 137.15 21.5
      vertex 3.98135 137.15 30
    endloop
  endfacet
  facet normal 0.857793 0.513995 0
    outer loop
      vertex 3.98135 137.15 21.5
      vertex 4.0191 137.087 30
      vertex 4.0191 137.087 21.5
    endloop
  endfacet
  facet normal 0.907666 0.419694 0
    outer loop
      vertex 3.91253 137.279 30
      vertex 3.88155 137.346 21.5
      vertex 3.88155 137.346 30
    endloop
  endfacet
  facet normal 0.907666 0.419694 0
    outer loop
      vertex 3.88155 137.346 21.5
      vertex 3.91253 137.279 30
      vertex 3.91253 137.279 21.5
    endloop
  endfacet
  facet normal 0.956194 0.292732 0
    outer loop
      vertex 3.80278 137.551 30
      vertex 3.78135 137.621 21.5
      vertex 3.78135 137.621 30
    endloop
  endfacet
  facet normal 0.956194 0.292732 0
    outer loop
      vertex 3.78135 137.621 21.5
      vertex 3.80278 137.551 30
      vertex 3.80278 137.551 21.5
    endloop
  endfacet
  facet normal 0.966111 0.258128 0
    outer loop
      vertex 3.78135 137.621 30
      vertex 3.76238 137.692 21.5
      vertex 3.76238 137.692 30
    endloop
  endfacet
  facet normal 0.966111 0.258128 0
    outer loop
      vertex 3.76238 137.692 21.5
      vertex 3.78135 137.621 30
      vertex 3.78135 137.621 21.5
    endloop
  endfacet
  facet normal 0.919514 0.393058 0
    outer loop
      vertex 3.88155 137.346 30
      vertex 3.85291 137.413 21.5
      vertex 3.85291 137.413 30
    endloop
  endfacet
  facet normal 0.919514 0.393058 0
    outer loop
      vertex 3.85291 137.413 21.5
      vertex 3.88155 137.346 30
      vertex 3.88155 137.346 21.5
    endloop
  endfacet
  facet normal 0.934559 0.355809 0
    outer loop
      vertex 3.85291 137.413 30
      vertex 3.82664 137.482 21.5
      vertex 3.82664 137.482 30
    endloop
  endfacet
  facet normal 0.934559 0.355809 0
    outer loop
      vertex 3.82664 137.482 21.5
      vertex 3.85291 137.413 30
      vertex 3.85291 137.413 21.5
    endloop
  endfacet
  facet normal 0.981641 0.190738 0
    outer loop
      vertex 3.74589 137.763 30
      vertex 3.7319 137.835 21.5
      vertex 3.7319 137.835 30
    endloop
  endfacet
  facet normal 0.981641 0.190738 0
    outer loop
      vertex 3.7319 137.835 21.5
      vertex 3.74589 137.763 30
      vertex 3.74589 137.763 21.5
    endloop
  endfacet
  facet normal 0.998619 0.0525301 0
    outer loop
      vertex 3.70512 138.054 30
      vertex 3.70128 138.127 21.5
      vertex 3.70128 138.127 30
    endloop
  endfacet
  facet normal 0.998619 0.0525301 0
    outer loop
      vertex 3.70128 138.127 21.5
      vertex 3.70512 138.054 30
      vertex 3.70512 138.054 21.5
    endloop
  endfacet
  facet normal -0.545415 0.838166 0
    outer loop
      vertex 6.9743 136.459 21.5
      vertex 6.91283 136.419 30
      vertex 6.9743 136.459 30
    endloop
  endfacet
  facet normal -0.545415 0.838166 0
    outer loop
      vertex 6.91283 136.419 30
      vertex 6.9743 136.459 21.5
      vertex 6.91283 136.419 21.5
    endloop
  endfacet
  facet normal -0.299437 0.954116 0
    outer loop
      vertex 6.44894 136.203 21.5
      vertex 6.37884 136.181 30
      vertex 6.44894 136.203 30
    endloop
  endfacet
  facet normal -0.299437 0.954116 0
    outer loop
      vertex 6.37884 136.181 30
      vertex 6.44894 136.203 21.5
      vertex 6.37884 136.181 21.5
    endloop
  endfacet
  facet normal -0.259191 0.965826 0
    outer loop
      vertex 6.37884 136.181 21.5
      vertex 6.30804 136.162 30
      vertex 6.37884 136.181 30
    endloop
  endfacet
  facet normal -0.259191 0.965826 0
    outer loop
      vertex 6.30804 136.162 30
      vertex 6.37884 136.181 21.5
      vertex 6.30804 136.162 21.5
    endloop
  endfacet
  facet normal -0.163515 0.986541 0
    outer loop
      vertex 6.16466 136.132 21.5
      vertex 6.09226 136.12 30
      vertex 6.16466 136.132 30
    endloop
  endfacet
  facet normal -0.163515 0.986541 0
    outer loop
      vertex 6.09226 136.12 30
      vertex 6.16466 136.132 21.5
      vertex 6.09226 136.12 21.5
    endloop
  endfacet
  facet normal -0.655367 0.755311 0
    outer loop
      vertex 7.20517 136.639 21.5
      vertex 7.14985 136.591 30
      vertex 7.20517 136.639 30
    endloop
  endfacet
  facet normal -0.655367 0.755311 0
    outer loop
      vertex 7.14985 136.591 30
      vertex 7.20517 136.639 21.5
      vertex 7.14985 136.591 21.5
    endloop
  endfacet
  facet normal -0.708264 0.705948 0
    outer loop
      vertex 7.31061 136.741 21.5
      vertex 7.25878 136.689 30
      vertex 7.31061 136.741 30
    endloop
  endfacet
  facet normal -0.708264 0.705948 0
    outer loop
      vertex 7.25878 136.689 30
      vertex 7.31061 136.741 21.5
      vertex 7.25878 136.689 21.5
    endloop
  endfacet
  facet normal -0.628286 0.777982 0
    outer loop
      vertex 7.14985 136.591 21.5
      vertex 7.09289 136.545 30
      vertex 7.14985 136.591 30
    endloop
  endfacet
  facet normal -0.628286 0.777982 0
    outer loop
      vertex 7.09289 136.545 30
      vertex 7.14985 136.591 21.5
      vertex 7.09289 136.545 21.5
    endloop
  endfacet
  facet normal -0.974073 0.226232 0
    outer loop
      vertex 7.83762 137.692 21.5
      vertex 7.85411 137.763 30
      vertex 7.85411 137.763 21.5
    endloop
  endfacet
  facet normal -0.974073 0.226232 0
    outer loop
      vertex 7.85411 137.763 30
      vertex 7.83762 137.692 21.5
      vertex 7.83762 137.692 30
    endloop
  endfacet
  facet normal -0.919464 0.393174 0
    outer loop
      vertex 7.71844 137.346 21.5
      vertex 7.74709 137.413 30
      vertex 7.74709 137.413 21.5
    endloop
  endfacet
  facet normal -0.919464 0.393174 0
    outer loop
      vertex 7.74709 137.413 30
      vertex 7.71844 137.346 21.5
      vertex 7.71844 137.346 30
    endloop
  endfacet
  facet normal -0.907717 0.419582 0
    outer loop
      vertex 7.68747 137.279 21.5
      vertex 7.71844 137.346 30
      vertex 7.71844 137.346 21.5
    endloop
  endfacet
  facet normal -0.907717 0.419582 0
    outer loop
      vertex 7.71844 137.346 30
      vertex 7.68747 137.279 21.5
      vertex 7.68747 137.279 30
    endloop
  endfacet
  facet normal -0.945048 0.326932 0
    outer loop
      vertex 7.77335 137.482 21.5
      vertex 7.79722 137.551 30
      vertex 7.79722 137.551 21.5
    endloop
  endfacet
  facet normal -0.945048 0.326932 0
    outer loop
      vertex 7.79722 137.551 30
      vertex 7.77335 137.482 21.5
      vertex 7.77335 137.482 30
    endloop
  endfacet
  facet normal -0.956194 0.292732 0
    outer loop
      vertex 7.79722 137.551 21.5
      vertex 7.81865 137.621 30
      vertex 7.81865 137.621 21.5
    endloop
  endfacet
  facet normal -0.956194 0.292732 0
    outer loop
      vertex 7.81865 137.621 30
      vertex 7.79722 137.551 21.5
      vertex 7.79722 137.551 30
    endloop
  endfacet
  facet normal 0.0545634 0.99851 -0
    outer loop
      vertex 5.72671 136.101 21.5
      vertex 5.65351 136.105 30
      vertex 5.72671 136.101 30
    endloop
  endfacet
  facet normal 0.0545634 0.99851 0
    outer loop
      vertex 5.65351 136.105 30
      vertex 5.72671 136.101 21.5
      vertex 5.65351 136.105 21.5
    endloop
  endfacet
  facet normal 0.109307 0.994008 -0
    outer loop
      vertex 5.58049 136.112 21.5
      vertex 5.50774 136.12 30
      vertex 5.58049 136.112 30
    endloop
  endfacet
  facet normal 0.109307 0.994008 0
    outer loop
      vertex 5.50774 136.12 30
      vertex 5.58049 136.112 21.5
      vertex 5.50774 136.12 21.5
    endloop
  endfacet
  facet normal 0.545353 0.838207 -0
    outer loop
      vertex 4.68717 136.419 21.5
      vertex 4.62569 136.459 30
      vertex 4.68717 136.419 30
    endloop
  endfacet
  facet normal 0.545353 0.838207 0
    outer loop
      vertex 4.62569 136.459 30
      vertex 4.68717 136.419 21.5
      vertex 4.62569 136.459 21.5
    endloop
  endfacet
  facet normal 0.450981 0.892533 -0
    outer loop
      vertex 4.87942 136.313 21.5
      vertex 4.81411 136.346 30
      vertex 4.87942 136.313 30
    endloop
  endfacet
  facet normal 0.450981 0.892533 0
    outer loop
      vertex 4.81411 136.346 30
      vertex 4.87942 136.313 21.5
      vertex 4.81411 136.346 21.5
    endloop
  endfacet
  facet normal 0.655299 0.755369 -0
    outer loop
      vertex 4.45015 136.591 21.5
      vertex 4.39482 136.639 30
      vertex 4.45015 136.591 30
    endloop
  endfacet
  facet normal 0.655299 0.755369 0
    outer loop
      vertex 4.39482 136.639 30
      vertex 4.45015 136.591 21.5
      vertex 4.39482 136.639 21.5
    endloop
  endfacet
  facet normal 0.682124 0.731237 -0
    outer loop
      vertex 4.39482 136.639 21.5
      vertex 4.34122 136.689 30
      vertex 4.39482 136.639 30
    endloop
  endfacet
  facet normal 0.682124 0.731237 0
    outer loop
      vertex 4.34122 136.689 30
      vertex 4.39482 136.639 21.5
      vertex 4.34122 136.689 21.5
    endloop
  endfacet
  facet normal 0.890114 0.455738 0
    outer loop
      vertex 3.94581 137.214 30
      vertex 3.91253 137.279 21.5
      vertex 3.91253 137.279 30
    endloop
  endfacet
  facet normal 0.890114 0.455738 0
    outer loop
      vertex 3.91253 137.279 21.5
      vertex 3.94581 137.214 30
      vertex 3.94581 137.214 21.5
    endloop
  endfacet
  facet normal 0.836747 0.547589 0
    outer loop
      vertex 4.05902 137.026 30
      vertex 4.0191 137.087 21.5
      vertex 4.0191 137.087 30
    endloop
  endfacet
  facet normal 0.836747 0.547589 0
    outer loop
      vertex 4.0191 137.087 21.5
      vertex 4.05902 137.026 30
      vertex 4.05902 137.026 21.5
    endloop
  endfacet
  facet normal 0.818975 0.573829 0
    outer loop
      vertex 4.10106 136.966 30
      vertex 4.05902 137.026 21.5
      vertex 4.05902 137.026 30
    endloop
  endfacet
  facet normal 0.818975 0.573829 0
    outer loop
      vertex 4.05902 137.026 21.5
      vertex 4.10106 136.966 30
      vertex 4.10106 136.966 21.5
    endloop
  endfacet
  facet normal 0.996304 0.0858976 0
    outer loop
      vertex 3.7115 137.98 30
      vertex 3.70512 138.054 21.5
      vertex 3.70512 138.054 30
    endloop
  endfacet
  facet normal 0.996304 0.0858976 0
    outer loop
      vertex 3.70512 138.054 21.5
      vertex 3.7115 137.98 30
      vertex 3.7115 137.98 21.5
    endloop
  endfacet
  facet normal -0.479178 0.877718 0
    outer loop
      vertex 6.85 136.381 21.5
      vertex 6.78589 136.346 30
      vertex 6.85 136.381 30
    endloop
  endfacet
  facet normal -0.479178 0.877718 0
    outer loop
      vertex 6.78589 136.346 30
      vertex 6.85 136.381 21.5
      vertex 6.78589 136.346 21.5
    endloop
  endfacet
  facet normal -0.450981 0.892533 0
    outer loop
      vertex 6.78589 136.346 21.5
      vertex 6.72058 136.313 30
      vertex 6.78589 136.346 30
    endloop
  endfacet
  facet normal -0.450981 0.892533 0
    outer loop
      vertex 6.72058 136.313 30
      vertex 6.78589 136.346 21.5
      vertex 6.72058 136.313 21.5
    endloop
  endfacet
  facet normal -0.517517 0.855673 0
    outer loop
      vertex 6.91283 136.419 21.5
      vertex 6.85 136.381 30
      vertex 6.91283 136.419 30
    endloop
  endfacet
  facet normal -0.517517 0.855673 0
    outer loop
      vertex 6.85 136.381 30
      vertex 6.91283 136.419 21.5
      vertex 6.85 136.381 21.5
    endloop
  endfacet
  facet normal -0.218579 0.975819 0
    outer loop
      vertex 6.30804 136.162 21.5
      vertex 6.23661 136.146 30
      vertex 6.30804 136.162 30
    endloop
  endfacet
  facet normal -0.218579 0.975819 0
    outer loop
      vertex 6.23661 136.146 30
      vertex 6.30804 136.162 21.5
      vertex 6.23661 136.146 21.5
    endloop
  endfacet
  facet normal -0.190997 0.981591 0
    outer loop
      vertex 6.23661 136.146 21.5
      vertex 6.16466 136.132 30
      vertex 6.23661 136.146 30
    endloop
  endfacet
  facet normal -0.190997 0.981591 0
    outer loop
      vertex 6.16466 136.132 30
      vertex 6.23661 136.146 21.5
      vertex 6.16466 136.132 21.5
    endloop
  endfacet
  facet normal -0.836747 0.547589 0
    outer loop
      vertex 7.54098 137.026 21.5
      vertex 7.5809 137.087 30
      vertex 7.5809 137.087 21.5
    endloop
  endfacet
  facet normal -0.836747 0.547589 0
    outer loop
      vertex 7.5809 137.087 30
      vertex 7.54098 137.026 21.5
      vertex 7.54098 137.026 30
    endloop
  endfacet
  facet normal -0.800911 0.598783 0
    outer loop
      vertex 7.45482 136.907 21.5
      vertex 7.49893 136.966 30
      vertex 7.49893 136.966 21.5
    endloop
  endfacet
  facet normal -0.800911 0.598783 0
    outer loop
      vertex 7.49893 136.966 30
      vertex 7.45482 136.907 21.5
      vertex 7.45482 136.907 30
    endloop
  endfacet
  facet normal -0.818911 0.57392 0
    outer loop
      vertex 7.49893 136.966 21.5
      vertex 7.54098 137.026 30
      vertex 7.54098 137.026 21.5
    endloop
  endfacet
  facet normal -0.818911 0.57392 0
    outer loop
      vertex 7.54098 137.026 30
      vertex 7.49893 136.966 21.5
      vertex 7.49893 136.966 30
    endloop
  endfacet
  facet normal -0.752814 0.658233 0
    outer loop
      vertex 7.3606 136.795 21.5
      vertex 7.40869 136.85 30
      vertex 7.40869 136.85 21.5
    endloop
  endfacet
  facet normal -0.752814 0.658233 0
    outer loop
      vertex 7.40869 136.85 30
      vertex 7.3606 136.795 21.5
      vertex 7.3606 136.795 30
    endloop
  endfacet
  facet normal -0.733828 0.679335 0
    outer loop
      vertex 7.31061 136.741 21.5
      vertex 7.3606 136.795 30
      vertex 7.3606 136.795 21.5
    endloop
  endfacet
  facet normal -0.733828 0.679335 0
    outer loop
      vertex 7.3606 136.795 30
      vertex 7.31061 136.741 21.5
      vertex 7.31061 136.741 30
    endloop
  endfacet
  facet normal -0.682056 0.7313 0
    outer loop
      vertex 7.25878 136.689 21.5
      vertex 7.20517 136.639 30
      vertex 7.25878 136.689 30
    endloop
  endfacet
  facet normal -0.682056 0.7313 0
    outer loop
      vertex 7.20517 136.639 30
      vertex 7.25878 136.689 21.5
      vertex 7.20517 136.639 21.5
    endloop
  endfacet
  facet normal -0.573142 0.819456 0
    outer loop
      vertex 7.03435 136.501 21.5
      vertex 6.9743 136.459 30
      vertex 7.03435 136.501 30
    endloop
  endfacet
  facet normal -0.573142 0.819456 0
    outer loop
      vertex 6.9743 136.459 30
      vertex 7.03435 136.501 21.5
      vertex 6.9743 136.459 21.5
    endloop
  endfacet
  facet normal -0.890114 0.455738 0
    outer loop
      vertex 7.65419 137.214 21.5
      vertex 7.68747 137.279 30
      vertex 7.68747 137.279 21.5
    endloop
  endfacet
  facet normal -0.890114 0.455738 0
    outer loop
      vertex 7.68747 137.279 30
      vertex 7.65419 137.214 21.5
      vertex 7.65419 137.214 30
    endloop
  endfacet
  facet normal 0.0136432 0.999907 -0
    outer loop
      vertex 5.8 136.1 21.5
      vertex 5.72671 136.101 30
      vertex 5.8 136.1 30
    endloop
  endfacet
  facet normal 0.0136432 0.999907 0
    outer loop
      vertex 5.72671 136.101 30
      vertex 5.8 136.1 21.5
      vertex 5.72671 136.101 21.5
    endloop
  endfacet
  facet normal 0.0954267 0.995436 -0
    outer loop
      vertex 5.65351 136.105 21.5
      vertex 5.58049 136.112 30
      vertex 5.65351 136.105 30
    endloop
  endfacet
  facet normal 0.0954267 0.995436 0
    outer loop
      vertex 5.58049 136.112 30
      vertex 5.65351 136.105 21.5
      vertex 5.58049 136.112 21.5
    endloop
  endfacet
  facet normal 0.628286 0.777982 -0
    outer loop
      vertex 4.50711 136.545 21.5
      vertex 4.45015 136.591 30
      vertex 4.50711 136.545 30
    endloop
  endfacet
  facet normal 0.628286 0.777982 0
    outer loop
      vertex 4.45015 136.591 30
      vertex 4.50711 136.545 21.5
      vertex 4.45015 136.591 21.5
    endloop
  endfacet
  facet normal 0.259191 0.965826 -0
    outer loop
      vertex 5.29196 136.162 21.5
      vertex 5.22116 136.181 30
      vertex 5.29196 136.162 30
    endloop
  endfacet
  facet normal 0.259191 0.965826 0
    outer loop
      vertex 5.22116 136.181 30
      vertex 5.29196 136.162 21.5
      vertex 5.22116 136.181 21.5
    endloop
  endfacet
  facet normal 0.299437 0.954116 -0
    outer loop
      vertex 5.22116 136.181 21.5
      vertex 5.15106 136.203 30
      vertex 5.22116 136.181 30
    endloop
  endfacet
  facet normal 0.299437 0.954116 0
    outer loop
      vertex 5.15106 136.203 30
      vertex 5.22116 136.181 21.5
      vertex 5.15106 136.203 21.5
    endloop
  endfacet
  facet normal 0.190997 0.981591 -0
    outer loop
      vertex 5.43534 136.132 21.5
      vertex 5.36339 136.146 30
      vertex 5.43534 136.132 30
    endloop
  endfacet
  facet normal 0.190997 0.981591 0
    outer loop
      vertex 5.36339 136.146 30
      vertex 5.43534 136.132 21.5
      vertex 5.36339 136.146 21.5
    endloop
  endfacet
  facet normal 0.163515 0.986541 -0
    outer loop
      vertex 5.50774 136.12 21.5
      vertex 5.43534 136.132 30
      vertex 5.50774 136.12 30
    endloop
  endfacet
  facet normal 0.163515 0.986541 0
    outer loop
      vertex 5.43534 136.132 30
      vertex 5.50774 136.12 21.5
      vertex 5.43534 136.132 21.5
    endloop
  endfacet
  facet normal 0.708264 0.705948 -0
    outer loop
      vertex 4.34122 136.689 21.5
      vertex 4.28939 136.741 30
      vertex 4.34122 136.689 30
    endloop
  endfacet
  facet normal 0.708264 0.705948 0
    outer loop
      vertex 4.28939 136.741 30
      vertex 4.34122 136.689 21.5
      vertex 4.28939 136.741 21.5
    endloop
  endfacet
  facet normal 0.777331 0.629092 0
    outer loop
      vertex 4.19131 136.85 30
      vertex 4.14518 136.907 21.5
      vertex 4.14518 136.907 30
    endloop
  endfacet
  facet normal 0.777331 0.629092 0
    outer loop
      vertex 4.14518 136.907 21.5
      vertex 4.19131 136.85 30
      vertex 4.19131 136.85 21.5
    endloop
  endfacet
  facet normal 0.874247 0.485481 0
    outer loop
      vertex 3.98135 137.15 30
      vertex 3.94581 137.214 21.5
      vertex 3.94581 137.214 30
    endloop
  endfacet
  facet normal 0.874247 0.485481 0
    outer loop
      vertex 3.94581 137.214 21.5
      vertex 3.98135 137.15 30
      vertex 3.98135 137.15 21.5
    endloop
  endfacet
  facet normal 0.60083 0.799377 -0
    outer loop
      vertex 4.56565 136.501 21.5
      vertex 4.50711 136.545 30
      vertex 4.56565 136.501 30
    endloop
  endfacet
  facet normal 0.60083 0.799377 0
    outer loop
      vertex 4.50711 136.545 30
      vertex 4.56565 136.501 21.5
      vertex 4.50711 136.545 21.5
    endloop
  endfacet
  facet normal 0.479178 0.877718 -0
    outer loop
      vertex 4.81411 136.346 21.5
      vertex 4.75 136.381 30
      vertex 4.81411 136.346 30
    endloop
  endfacet
  facet normal 0.479178 0.877718 0
    outer loop
      vertex 4.75 136.381 30
      vertex 4.81411 136.346 21.5
      vertex 4.75 136.381 21.5
    endloop
  endfacet
  facet normal 0.422878 0.906187 -0
    outer loop
      vertex 4.94585 136.282 21.5
      vertex 4.87942 136.313 30
      vertex 4.94585 136.282 30
    endloop
  endfacet
  facet normal 0.422878 0.906187 0
    outer loop
      vertex 4.87942 136.313 30
      vertex 4.94585 136.282 21.5
      vertex 4.87942 136.313 21.5
    endloop
  endfacet
  facet normal 0.394839 0.91875 -0
    outer loop
      vertex 5.01333 136.253 21.5
      vertex 4.94585 136.282 30
      vertex 5.01333 136.253 30
    endloop
  endfacet
  facet normal 0.394839 0.91875 0
    outer loop
      vertex 4.94585 136.282 30
      vertex 5.01333 136.253 21.5
      vertex 4.94585 136.282 21.5
    endloop
  endfacet
  facet normal 0.573206 0.819411 -0
    outer loop
      vertex 4.62569 136.459 21.5
      vertex 4.56565 136.501 30
      vertex 4.62569 136.459 30
    endloop
  endfacet
  facet normal 0.573206 0.819411 0
    outer loop
      vertex 4.56565 136.501 30
      vertex 4.62569 136.459 21.5
      vertex 4.56565 136.501 21.5
    endloop
  endfacet
  facet normal 0.517517 0.855673 -0
    outer loop
      vertex 4.75 136.381 21.5
      vertex 4.68717 136.419 30
      vertex 4.75 136.381 30
    endloop
  endfacet
  facet normal 0.517517 0.855673 0
    outer loop
      vertex 4.68717 136.419 30
      vertex 4.75 136.381 21.5
      vertex 4.68717 136.419 21.5
    endloop
  endfacet
  facet normal -0.655502 -0.755193 0
    outer loop
      vertex 79.5499 139.809 21.5
      vertex 79.6052 139.761 30
      vertex 79.5499 139.809 30
    endloop
  endfacet
  facet normal -0.655502 -0.755193 -0
    outer loop
      vertex 79.6052 139.761 30
      vertex 79.5499 139.809 21.5
      vertex 79.6052 139.761 21.5
    endloop
  endfacet
  facet normal 0.395235 -0.91858 0
    outer loop
      vertex 77.3459 140.118 21.5
      vertex 77.4133 140.147 30
      vertex 77.3459 140.118 30
    endloop
  endfacet
  facet normal 0.395235 -0.91858 0
    outer loop
      vertex 77.4133 140.147 30
      vertex 77.3459 140.118 21.5
      vertex 77.4133 140.147 21.5
    endloop
  endfacet
  facet normal 0.919216 -0.393754 0
    outer loop
      vertex 76.2529 138.987 30
      vertex 76.2816 139.054 21.5
      vertex 76.2816 139.054 30
    endloop
  endfacet
  facet normal 0.919216 -0.393754 0
    outer loop
      vertex 76.2816 139.054 21.5
      vertex 76.2529 138.987 30
      vertex 76.2529 138.987 21.5
    endloop
  endfacet
  facet normal -0.955927 -0.293606 0
    outer loop
      vertex 80.2187 138.779 21.5
      vertex 80.1972 138.849 30
      vertex 80.1972 138.849 21.5
    endloop
  endfacet
  facet normal -0.955927 -0.293606 0
    outer loop
      vertex 80.1972 138.849 30
      vertex 80.2187 138.779 21.5
      vertex 80.2187 138.779 30
    endloop
  endfacet
  facet normal -0.908078 -0.4188 0
    outer loop
      vertex 80.1184 139.054 21.5
      vertex 80.0875 139.121 30
      vertex 80.0875 139.121 21.5
    endloop
  endfacet
  facet normal -0.908078 -0.4188 0
    outer loop
      vertex 80.0875 139.121 30
      vertex 80.1184 139.054 21.5
      vertex 80.1184 139.054 30
    endloop
  endfacet
  facet normal -0.35486 -0.934919 0
    outer loop
      vertex 78.9182 140.173 21.5
      vertex 78.9867 140.147 30
      vertex 78.9182 140.173 30
    endloop
  endfacet
  facet normal -0.35486 -0.934919 -0
    outer loop
      vertex 78.9867 140.147 30
      vertex 78.9182 140.173 21.5
      vertex 78.9867 140.147 21.5
    endloop
  endfacet
  facet normal 0.733761 -0.679408 0
    outer loop
      vertex 76.6394 139.605 30
      vertex 76.6894 139.659 21.5
      vertex 76.6894 139.659 30
    endloop
  endfacet
  facet normal 0.733761 -0.679408 0
    outer loop
      vertex 76.6894 139.659 21.5
      vertex 76.6394 139.605 30
      vertex 76.6394 139.605 21.5
    endloop
  endfacet
  facet normal 0.191125 -0.981566 0
    outer loop
      vertex 77.7634 140.254 21.5
      vertex 77.8353 140.268 30
      vertex 77.7634 140.254 30
    endloop
  endfacet
  facet normal 0.191125 -0.981566 0
    outer loop
      vertex 77.8353 140.268 30
      vertex 77.7634 140.254 21.5
      vertex 77.8353 140.268 21.5
    endloop
  endfacet
  facet normal -0.934423 0.356164 0
    outer loop
      vertex 80.1471 137.413 21.5
      vertex 80.1734 137.482 30
      vertex 80.1734 137.482 21.5
    endloop
  endfacet
  facet normal -0.934423 0.356164 0
    outer loop
      vertex 80.1734 137.482 30
      vertex 80.1471 137.413 21.5
      vertex 80.1471 137.413 30
    endloop
  endfacet
  facet normal 0.708468 0.705743 -0
    outer loop
      vertex 76.7412 136.689 21.5
      vertex 76.6894 136.741 30
      vertex 76.7412 136.689 30
    endloop
  endfacet
  facet normal 0.708468 0.705743 0
    outer loop
      vertex 76.6894 136.741 30
      vertex 76.7412 136.689 21.5
      vertex 76.6894 136.741 21.5
    endloop
  endfacet
  facet normal -0.992447 -0.122677 0
    outer loop
      vertex 80.2885 138.42 21.5
      vertex 80.2796 138.492 30
      vertex 80.2796 138.492 21.5
    endloop
  endfacet
  facet normal -0.992447 -0.122677 0
    outer loop
      vertex 80.2796 138.492 30
      vertex 80.2885 138.42 21.5
      vertex 80.2885 138.42 30
    endloop
  endfacet
  facet normal -0.981615 -0.19087 0
    outer loop
      vertex 80.2681 138.565 21.5
      vertex 80.2541 138.637 30
      vertex 80.2541 138.637 21.5
    endloop
  endfacet
  facet normal -0.981615 -0.19087 0
    outer loop
      vertex 80.2541 138.637 30
      vertex 80.2681 138.565 21.5
      vertex 80.2681 138.565 30
    endloop
  endfacet
  facet normal -0.81859 -0.574378 0
    outer loop
      vertex 79.941 139.374 21.5
      vertex 79.8989 139.434 30
      vertex 79.8989 139.434 21.5
    endloop
  endfacet
  facet normal -0.81859 -0.574378 0
    outer loop
      vertex 79.8989 139.434 30
      vertex 79.941 139.374 21.5
      vertex 79.941 139.374 30
    endloop
  endfacet
  facet normal -0.517698 -0.855564 0
    outer loop
      vertex 79.25 140.019 21.5
      vertex 79.3128 139.981 30
      vertex 79.25 140.019 30
    endloop
  endfacet
  facet normal -0.517698 -0.855564 -0
    outer loop
      vertex 79.3128 139.981 30
      vertex 79.25 140.019 21.5
      vertex 79.3128 139.981 21.5
    endloop
  endfacet
  facet normal -0.191125 -0.981566 0
    outer loop
      vertex 78.5647 140.268 21.5
      vertex 78.6366 140.254 30
      vertex 78.5647 140.268 30
    endloop
  endfacet
  facet normal -0.191125 -0.981566 -0
    outer loop
      vertex 78.6366 140.254 30
      vertex 78.5647 140.268 21.5
      vertex 78.6366 140.254 21.5
    endloop
  endfacet
  facet normal 0.974043 -0.226362 0
    outer loop
      vertex 76.1459 138.637 30
      vertex 76.1624 138.708 21.5
      vertex 76.1624 138.708 30
    endloop
  endfacet
  facet normal 0.974043 -0.226362 0
    outer loop
      vertex 76.1624 138.708 21.5
      vertex 76.1459 138.637 30
      vertex 76.1459 138.637 21.5
    endloop
  endfacet
  facet normal 0.81859 -0.574378 0
    outer loop
      vertex 76.459 139.374 30
      vertex 76.5011 139.434 21.5
      vertex 76.5011 139.434 30
    endloop
  endfacet
  facet normal 0.81859 -0.574378 0
    outer loop
      vertex 76.5011 139.434 21.5
      vertex 76.459 139.374 30
      vertex 76.459 139.374 21.5
    endloop
  endfacet
  facet normal 0.573462 -0.819232 0
    outer loop
      vertex 76.9657 139.899 21.5
      vertex 77.0257 139.941 30
      vertex 76.9657 139.899 30
    endloop
  endfacet
  facet normal 0.573462 -0.819232 0
    outer loop
      vertex 77.0257 139.941 30
      vertex 76.9657 139.899 21.5
      vertex 77.0257 139.941 21.5
    endloop
  endfacet
  facet normal 0.451036 -0.892506 0
    outer loop
      vertex 77.2141 140.054 21.5
      vertex 77.2794 140.087 30
      vertex 77.2141 140.054 30
    endloop
  endfacet
  facet normal 0.451036 -0.892506 0
    outer loop
      vertex 77.2794 140.087 30
      vertex 77.2141 140.054 21.5
      vertex 77.2794 140.087 21.5
    endloop
  endfacet
  facet normal -0.733761 0.679408 0
    outer loop
      vertex 79.7106 136.741 21.5
      vertex 79.7606 136.795 30
      vertex 79.7606 136.795 21.5
    endloop
  endfacet
  facet normal -0.733761 0.679408 0
    outer loop
      vertex 79.7606 136.795 30
      vertex 79.7106 136.741 21.5
      vertex 79.7106 136.741 30
    endloop
  endfacet
  facet normal 0.0545634 0.99851 -0
    outer loop
      vertex 78.1267 136.101 21.5
      vertex 78.0535 136.105 30
      vertex 78.1267 136.101 30
    endloop
  endfacet
  facet normal 0.0545634 0.99851 0
    outer loop
      vertex 78.0535 136.105 30
      vertex 78.1267 136.101 21.5
      vertex 78.0535 136.105 21.5
    endloop
  endfacet
  facet normal 0.987818 0.155615 0
    outer loop
      vertex 76.1319 137.835 30
      vertex 76.1204 137.908 21.5
      vertex 76.1204 137.908 30
    endloop
  endfacet
  facet normal 0.987818 0.155615 0
    outer loop
      vertex 76.1204 137.908 21.5
      vertex 76.1319 137.835 30
      vertex 76.1319 137.835 21.5
    endloop
  endfacet
  facet normal 0.934423 0.356164 0
    outer loop
      vertex 76.2529 137.413 30
      vertex 76.2266 137.482 21.5
      vertex 76.2266 137.482 30
    endloop
  endfacet
  facet normal 0.934423 0.356164 0
    outer loop
      vertex 76.2266 137.482 21.5
      vertex 76.2529 137.413 30
      vertex 76.2529 137.413 21.5
    endloop
  endfacet
  facet normal 0.857493 0.514496 0
    outer loop
      vertex 76.4191 137.087 30
      vertex 76.3813 137.15 21.5
      vertex 76.3813 137.15 30
    endloop
  endfacet
  facet normal 0.857493 0.514496 0
    outer loop
      vertex 76.3813 137.15 21.5
      vertex 76.4191 137.087 30
      vertex 76.4191 137.087 21.5
    endloop
  endfacet
  facet normal -0.996281 -0.0861648 0
    outer loop
      vertex 80.2949 138.346 21.5
      vertex 80.2885 138.42 30
      vertex 80.2885 138.42 21.5
    endloop
  endfacet
  facet normal -0.996281 -0.0861648 0
    outer loop
      vertex 80.2885 138.42 30
      vertex 80.2949 138.346 21.5
      vertex 80.2949 138.346 30
    endloop
  endfacet
  facet normal -0.987818 -0.155615 0
    outer loop
      vertex 80.2796 138.492 21.5
      vertex 80.2681 138.565 30
      vertex 80.2681 138.565 21.5
    endloop
  endfacet
  facet normal -0.987818 -0.155615 0
    outer loop
      vertex 80.2681 138.565 30
      vertex 80.2796 138.492 21.5
      vertex 80.2796 138.492 30
    endloop
  endfacet
  facet normal -0.945344 -0.326075 0
    outer loop
      vertex 80.1972 138.849 21.5
      vertex 80.1734 138.918 30
      vertex 80.1734 138.918 21.5
    endloop
  endfacet
  facet normal -0.945344 -0.326075 0
    outer loop
      vertex 80.1734 138.918 30
      vertex 80.1972 138.849 21.5
      vertex 80.1972 138.849 30
    endloop
  endfacet
  facet normal -0.874479 -0.485063 0
    outer loop
      vertex 80.0542 139.186 21.5
      vertex 80.0187 139.25 30
      vertex 80.0187 139.25 21.5
    endloop
  endfacet
  facet normal -0.874479 -0.485063 0
    outer loop
      vertex 80.0187 139.25 30
      vertex 80.0542 139.186 21.5
      vertex 80.0542 139.186 30
    endloop
  endfacet
  facet normal -0.857493 -0.514496 0
    outer loop
      vertex 80.0187 139.25 21.5
      vertex 79.9809 139.313 30
      vertex 79.9809 139.313 21.5
    endloop
  endfacet
  facet normal -0.857493 -0.514496 0
    outer loop
      vertex 79.9809 139.313 30
      vertex 80.0187 139.25 21.5
      vertex 80.0187 139.25 30
    endloop
  endfacet
  facet normal -0.733761 -0.679408 0
    outer loop
      vertex 79.7606 139.605 21.5
      vertex 79.7106 139.659 30
      vertex 79.7106 139.659 21.5
    endloop
  endfacet
  facet normal -0.733761 -0.679408 0
    outer loop
      vertex 79.7106 139.659 30
      vertex 79.7606 139.605 21.5
      vertex 79.7606 139.605 30
    endloop
  endfacet
  facet normal -0.800976 -0.598696 0
    outer loop
      vertex 79.8989 139.434 21.5
      vertex 79.8548 139.493 30
      vertex 79.8548 139.493 21.5
    endloop
  endfacet
  facet normal -0.800976 -0.598696 0
    outer loop
      vertex 79.8548 139.493 30
      vertex 79.8989 139.434 21.5
      vertex 79.8989 139.434 30
    endloop
  endfacet
  facet normal -0.600437 -0.799672 0
    outer loop
      vertex 79.4343 139.899 21.5
      vertex 79.4929 139.855 30
      vertex 79.4343 139.899 30
    endloop
  endfacet
  facet normal -0.600437 -0.799672 -0
    outer loop
      vertex 79.4929 139.855 30
      vertex 79.4343 139.899 21.5
      vertex 79.4929 139.855 21.5
    endloop
  endfacet
  facet normal -0.109233 -0.994016 0
    outer loop
      vertex 78.4195 140.288 21.5
      vertex 78.4923 140.28 30
      vertex 78.4195 140.288 30
    endloop
  endfacet
  facet normal -0.109233 -0.994016 -0
    outer loop
      vertex 78.4923 140.28 30
      vertex 78.4195 140.288 21.5
      vertex 78.4923 140.28 21.5
    endloop
  endfacet
  facet normal -0.573462 -0.819232 0
    outer loop
      vertex 79.3743 139.941 21.5
      vertex 79.4343 139.899 30
      vertex 79.3743 139.941 30
    endloop
  endfacet
  facet normal -0.573462 -0.819232 -0
    outer loop
      vertex 79.4343 139.899 30
      vertex 79.3743 139.941 21.5
      vertex 79.4343 139.899 21.5
    endloop
  endfacet
  facet normal -0.395235 -0.91858 0
    outer loop
      vertex 78.9867 140.147 21.5
      vertex 79.0541 140.118 30
      vertex 78.9867 140.147 30
    endloop
  endfacet
  facet normal -0.395235 -0.91858 -0
    outer loop
      vertex 79.0541 140.118 30
      vertex 78.9867 140.147 21.5
      vertex 79.0541 140.118 21.5
    endloop
  endfacet
  facet normal -0.479236 -0.877686 0
    outer loop
      vertex 79.1859 140.054 21.5
      vertex 79.25 140.019 30
      vertex 79.1859 140.054 30
    endloop
  endfacet
  facet normal -0.479236 -0.877686 -0
    outer loop
      vertex 79.25 140.019 30
      vertex 79.1859 140.054 21.5
      vertex 79.25 140.019 21.5
    endloop
  endfacet
  facet normal -0.299437 -0.954116 0
    outer loop
      vertex 78.7788 140.219 21.5
      vertex 78.8489 140.197 30
      vertex 78.7788 140.219 30
    endloop
  endfacet
  facet normal -0.299437 -0.954116 -0
    outer loop
      vertex 78.8489 140.197 30
      vertex 78.7788 140.219 21.5
      vertex 78.8489 140.197 21.5
    endloop
  endfacet
  facet normal -0.327251 -0.944937 0
    outer loop
      vertex 78.8489 140.197 21.5
      vertex 78.9182 140.173 30
      vertex 78.8489 140.197 30
    endloop
  endfacet
  facet normal -0.327251 -0.944937 -0
    outer loop
      vertex 78.9182 140.173 30
      vertex 78.8489 140.197 21.5
      vertex 78.9182 140.173 21.5
    endloop
  endfacet
  facet normal -0.0954526 -0.995434 0
    outer loop
      vertex 78.3465 140.295 21.5
      vertex 78.4195 140.288 30
      vertex 78.3465 140.295 30
    endloop
  endfacet
  facet normal -0.0954526 -0.995434 -0
    outer loop
      vertex 78.4195 140.288 30
      vertex 78.3465 140.295 21.5
      vertex 78.4195 140.288 21.5
    endloop
  endfacet
  facet normal -0.0545634 -0.99851 0
    outer loop
      vertex 78.2733 140.299 21.5
      vertex 78.3465 140.295 30
      vertex 78.2733 140.299 30
    endloop
  endfacet
  facet normal -0.0545634 -0.99851 -0
    outer loop
      vertex 78.3465 140.295 30
      vertex 78.2733 140.299 21.5
      vertex 78.3465 140.295 21.5
    endloop
  endfacet
  facet normal -0.259191 -0.965826 0
    outer loop
      vertex 78.708 140.238 21.5
      vertex 78.7788 140.219 30
      vertex 78.708 140.238 30
    endloop
  endfacet
  facet normal -0.259191 -0.965826 -0
    outer loop
      vertex 78.7788 140.219 30
      vertex 78.708 140.238 21.5
      vertex 78.7788 140.219 21.5
    endloop
  endfacet
  facet normal 0.987818 -0.155615 0
    outer loop
      vertex 76.1204 138.492 30
      vertex 76.1319 138.565 21.5
      vertex 76.1319 138.565 30
    endloop
  endfacet
  facet normal 0.987818 -0.155615 0
    outer loop
      vertex 76.1319 138.565 21.5
      vertex 76.1204 138.492 30
      vertex 76.1204 138.492 21.5
    endloop
  endfacet
  facet normal 0.956309 -0.292357 0
    outer loop
      vertex 76.1814 138.779 30
      vertex 76.2028 138.849 21.5
      vertex 76.2028 138.849 30
    endloop
  endfacet
  facet normal 0.956309 -0.292357 0
    outer loop
      vertex 76.2028 138.849 21.5
      vertex 76.1814 138.779 30
      vertex 76.1814 138.779 21.5
    endloop
  endfacet
  facet normal 0.992447 -0.122677 0
    outer loop
      vertex 76.1115 138.42 30
      vertex 76.1204 138.492 21.5
      vertex 76.1204 138.492 30
    endloop
  endfacet
  facet normal 0.992447 -0.122677 0
    outer loop
      vertex 76.1204 138.492 21.5
      vertex 76.1115 138.42 30
      vertex 76.1115 138.42 21.5
    endloop
  endfacet
  facet normal 0.996281 -0.0861648 0
    outer loop
      vertex 76.1051 138.346 30
      vertex 76.1115 138.42 21.5
      vertex 76.1115 138.42 30
    endloop
  endfacet
  facet normal 0.996281 -0.0861648 0
    outer loop
      vertex 76.1115 138.42 21.5
      vertex 76.1051 138.346 30
      vertex 76.1051 138.346 21.5
    endloop
  endfacet
  facet normal 0.966009 -0.258509 0
    outer loop
      vertex 76.1624 138.708 30
      vertex 76.1814 138.779 21.5
      vertex 76.1814 138.779 30
    endloop
  endfacet
  facet normal 0.966009 -0.258509 0
    outer loop
      vertex 76.1814 138.779 21.5
      vertex 76.1624 138.708 30
      vertex 76.1624 138.708 21.5
    endloop
  endfacet
  facet normal 0.874479 -0.485063 0
    outer loop
      vertex 76.3458 139.186 30
      vertex 76.3813 139.25 21.5
      vertex 76.3813 139.25 30
    endloop
  endfacet
  facet normal 0.874479 -0.485063 0
    outer loop
      vertex 76.3813 139.25 21.5
      vertex 76.3458 139.186 30
      vertex 76.3458 139.186 21.5
    endloop
  endfacet
  facet normal 0.857493 -0.514496 0
    outer loop
      vertex 76.3813 139.25 30
      vertex 76.4191 139.313 21.5
      vertex 76.4191 139.313 30
    endloop
  endfacet
  facet normal 0.857493 -0.514496 0
    outer loop
      vertex 76.4191 139.313 21.5
      vertex 76.3813 139.25 30
      vertex 76.3813 139.25 21.5
    endloop
  endfacet
  facet normal 0.752746 -0.658311 0
    outer loop
      vertex 76.5913 139.55 30
      vertex 76.6394 139.605 21.5
      vertex 76.6394 139.605 30
    endloop
  endfacet
  facet normal 0.752746 -0.658311 0
    outer loop
      vertex 76.6394 139.605 21.5
      vertex 76.5913 139.55 30
      vertex 76.5913 139.55 21.5
    endloop
  endfacet
  facet normal 0.777531 -0.628845 0
    outer loop
      vertex 76.5452 139.493 30
      vertex 76.5913 139.55 21.5
      vertex 76.5913 139.55 30
    endloop
  endfacet
  facet normal 0.777531 -0.628845 0
    outer loop
      vertex 76.5913 139.55 21.5
      vertex 76.5452 139.493 30
      vertex 76.5452 139.493 21.5
    endloop
  endfacet
  facet normal 0.259191 -0.965826 0
    outer loop
      vertex 77.6212 140.219 21.5
      vertex 77.692 140.238 30
      vertex 77.6212 140.219 30
    endloop
  endfacet
  facet normal 0.259191 -0.965826 0
    outer loop
      vertex 77.692 140.238 30
      vertex 77.6212 140.219 21.5
      vertex 77.692 140.238 21.5
    endloop
  endfacet
  facet normal 0.327251 -0.944937 0
    outer loop
      vertex 77.4818 140.173 21.5
      vertex 77.5511 140.197 30
      vertex 77.4818 140.173 30
    endloop
  endfacet
  facet normal 0.327251 -0.944937 0
    outer loop
      vertex 77.5511 140.197 30
      vertex 77.4818 140.173 21.5
      vertex 77.5511 140.197 21.5
    endloop
  endfacet
  facet normal 0.0954526 -0.995434 0
    outer loop
      vertex 77.9805 140.288 21.5
      vertex 78.0535 140.295 30
      vertex 77.9805 140.288 30
    endloop
  endfacet
  facet normal 0.0954526 -0.995434 0
    outer loop
      vertex 78.0535 140.295 30
      vertex 77.9805 140.288 21.5
      vertex 78.0535 140.295 21.5
    endloop
  endfacet
  facet normal 0.109233 -0.994016 0
    outer loop
      vertex 77.9077 140.28 21.5
      vertex 77.9805 140.288 30
      vertex 77.9077 140.28 30
    endloop
  endfacet
  facet normal 0.109233 -0.994016 0
    outer loop
      vertex 77.9805 140.288 30
      vertex 77.9077 140.28 21.5
      vertex 77.9805 140.288 21.5
    endloop
  endfacet
  facet normal 0.545228 -0.838288 0
    outer loop
      vertex 77.0257 139.941 21.5
      vertex 77.0872 139.981 30
      vertex 77.0257 139.941 30
    endloop
  endfacet
  facet normal 0.545228 -0.838288 0
    outer loop
      vertex 77.0872 139.981 30
      vertex 77.0257 139.941 21.5
      vertex 77.0872 139.981 21.5
    endloop
  endfacet
  facet normal 0.422512 -0.906357 0
    outer loop
      vertex 77.2794 140.087 21.5
      vertex 77.3459 140.118 30
      vertex 77.2794 140.087 30
    endloop
  endfacet
  facet normal 0.422512 -0.906357 0
    outer loop
      vertex 77.3459 140.118 30
      vertex 77.2794 140.087 21.5
      vertex 77.3459 140.118 21.5
    endloop
  endfacet
  facet normal 0.628019 -0.778198 0
    outer loop
      vertex 76.8501 139.809 21.5
      vertex 76.9071 139.855 30
      vertex 76.8501 139.809 30
    endloop
  endfacet
  facet normal 0.628019 -0.778198 0
    outer loop
      vertex 76.9071 139.855 30
      vertex 76.8501 139.809 21.5
      vertex 76.9071 139.855 21.5
    endloop
  endfacet
  facet normal 0.655502 -0.755193 0
    outer loop
      vertex 76.7948 139.761 21.5
      vertex 76.8501 139.809 30
      vertex 76.7948 139.761 30
    endloop
  endfacet
  facet normal 0.655502 -0.755193 0
    outer loop
      vertex 76.8501 139.809 30
      vertex 76.7948 139.761 21.5
      vertex 76.8501 139.809 21.5
    endloop
  endfacet
  facet normal 0.600437 -0.799672 0
    outer loop
      vertex 76.9071 139.855 21.5
      vertex 76.9657 139.899 30
      vertex 76.9071 139.855 30
    endloop
  endfacet
  facet normal 0.600437 -0.799672 0
    outer loop
      vertex 76.9657 139.899 30
      vertex 76.9071 139.855 21.5
      vertex 76.9657 139.899 21.5
    endloop
  endfacet
  facet normal 0.708468 -0.705743 0
    outer loop
      vertex 76.6894 139.659 30
      vertex 76.7412 139.711 21.5
      vertex 76.7412 139.711 30
    endloop
  endfacet
  facet normal 0.708468 -0.705743 0
    outer loop
      vertex 76.7412 139.711 21.5
      vertex 76.6894 139.659 30
      vertex 76.6894 139.659 21.5
    endloop
  endfacet
  facet normal -0.999841 0.0178054 0
    outer loop
      vertex 80.2987 138.127 21.5
      vertex 80.3 138.2 30
      vertex 80.3 138.2 21.5
    endloop
  endfacet
  facet normal -0.999841 0.0178054 0
    outer loop
      vertex 80.3 138.2 30
      vertex 80.2987 138.127 21.5
      vertex 80.2987 138.127 30
    endloop
  endfacet
  facet normal -0.992447 0.122677 0
    outer loop
      vertex 80.2796 137.908 21.5
      vertex 80.2885 137.98 30
      vertex 80.2885 137.98 21.5
    endloop
  endfacet
  facet normal -0.992447 0.122677 0
    outer loop
      vertex 80.2885 137.98 30
      vertex 80.2796 137.908 21.5
      vertex 80.2796 137.908 30
    endloop
  endfacet
  facet normal -0.945344 0.326075 0
    outer loop
      vertex 80.1734 137.482 21.5
      vertex 80.1972 137.551 30
      vertex 80.1972 137.551 21.5
    endloop
  endfacet
  facet normal -0.945344 0.326075 0
    outer loop
      vertex 80.1972 137.551 30
      vertex 80.1734 137.482 21.5
      vertex 80.1734 137.482 30
    endloop
  endfacet
  facet normal -0.0954526 0.995434 0
    outer loop
      vertex 78.4195 136.112 21.5
      vertex 78.3465 136.105 30
      vertex 78.4195 136.112 30
    endloop
  endfacet
  facet normal -0.0954526 0.995434 0
    outer loop
      vertex 78.3465 136.105 30
      vertex 78.4195 136.112 21.5
      vertex 78.3465 136.105 21.5
    endloop
  endfacet
  facet normal -0.109233 0.994016 0
    outer loop
      vertex 78.4923 136.12 21.5
      vertex 78.4195 136.112 30
      vertex 78.4923 136.12 30
    endloop
  endfacet
  facet normal -0.109233 0.994016 0
    outer loop
      vertex 78.4195 136.112 30
      vertex 78.4923 136.12 21.5
      vertex 78.4195 136.112 21.5
    endloop
  endfacet
  facet normal -0.299437 0.954116 0
    outer loop
      vertex 78.8489 136.203 21.5
      vertex 78.7788 136.181 30
      vertex 78.8489 136.203 30
    endloop
  endfacet
  facet normal -0.299437 0.954116 0
    outer loop
      vertex 78.7788 136.181 30
      vertex 78.8489 136.203 21.5
      vertex 78.7788 136.181 21.5
    endloop
  endfacet
  facet normal -0.628019 0.778198 0
    outer loop
      vertex 79.5499 136.591 21.5
      vertex 79.4929 136.545 30
      vertex 79.5499 136.591 30
    endloop
  endfacet
  facet normal -0.628019 0.778198 0
    outer loop
      vertex 79.4929 136.545 30
      vertex 79.5499 136.591 21.5
      vertex 79.4929 136.545 21.5
    endloop
  endfacet
  facet normal -0.655502 0.755193 0
    outer loop
      vertex 79.6052 136.639 21.5
      vertex 79.5499 136.591 30
      vertex 79.6052 136.639 30
    endloop
  endfacet
  facet normal -0.655502 0.755193 0
    outer loop
      vertex 79.5499 136.591 30
      vertex 79.6052 136.639 21.5
      vertex 79.5499 136.591 21.5
    endloop
  endfacet
  facet normal -0.517698 0.855564 0
    outer loop
      vertex 79.3128 136.419 21.5
      vertex 79.25 136.381 30
      vertex 79.3128 136.419 30
    endloop
  endfacet
  facet normal -0.517698 0.855564 0
    outer loop
      vertex 79.25 136.381 30
      vertex 79.3128 136.419 21.5
      vertex 79.25 136.381 21.5
    endloop
  endfacet
  facet normal -0.545228 0.838288 0
    outer loop
      vertex 79.3743 136.459 21.5
      vertex 79.3128 136.419 30
      vertex 79.3743 136.459 30
    endloop
  endfacet
  facet normal -0.545228 0.838288 0
    outer loop
      vertex 79.3128 136.419 30
      vertex 79.3743 136.459 21.5
      vertex 79.3128 136.419 21.5
    endloop
  endfacet
  facet normal 0.109233 0.994016 -0
    outer loop
      vertex 77.9805 136.112 21.5
      vertex 77.9077 136.12 30
      vertex 77.9805 136.112 30
    endloop
  endfacet
  facet normal 0.109233 0.994016 0
    outer loop
      vertex 77.9077 136.12 30
      vertex 77.9805 136.112 21.5
      vertex 77.9077 136.12 21.5
    endloop
  endfacet
  facet normal 0.35486 0.934919 -0
    outer loop
      vertex 77.4818 136.227 21.5
      vertex 77.4133 136.253 30
      vertex 77.4818 136.227 30
    endloop
  endfacet
  facet normal 0.35486 0.934919 0
    outer loop
      vertex 77.4133 136.253 30
      vertex 77.4818 136.227 21.5
      vertex 77.4133 136.253 21.5
    endloop
  endfacet
  facet normal 0.0954526 0.995434 -0
    outer loop
      vertex 78.0535 136.105 21.5
      vertex 77.9805 136.112 30
      vertex 78.0535 136.105 30
    endloop
  endfacet
  facet normal 0.0954526 0.995434 0
    outer loop
      vertex 77.9805 136.112 30
      vertex 78.0535 136.105 21.5
      vertex 77.9805 136.112 21.5
    endloop
  endfacet
  facet normal 0.299437 0.954116 -0
    outer loop
      vertex 77.6212 136.181 21.5
      vertex 77.5511 136.203 30
      vertex 77.6212 136.181 30
    endloop
  endfacet
  facet normal 0.299437 0.954116 0
    outer loop
      vertex 77.5511 136.203 30
      vertex 77.6212 136.181 21.5
      vertex 77.5511 136.203 21.5
    endloop
  endfacet
  facet normal 0.479236 0.877686 -0
    outer loop
      vertex 77.2141 136.346 21.5
      vertex 77.15 136.381 30
      vertex 77.2141 136.346 30
    endloop
  endfacet
  facet normal 0.479236 0.877686 0
    outer loop
      vertex 77.15 136.381 30
      vertex 77.2141 136.346 21.5
      vertex 77.15 136.381 21.5
    endloop
  endfacet
  facet normal 0.451036 0.892506 -0
    outer loop
      vertex 77.2794 136.313 21.5
      vertex 77.2141 136.346 30
      vertex 77.2794 136.313 30
    endloop
  endfacet
  facet normal 0.451036 0.892506 0
    outer loop
      vertex 77.2141 136.346 30
      vertex 77.2794 136.313 21.5
      vertex 77.2141 136.346 21.5
    endloop
  endfacet
  facet normal 0.628019 0.778198 -0
    outer loop
      vertex 76.9071 136.545 21.5
      vertex 76.8501 136.591 30
      vertex 76.9071 136.545 30
    endloop
  endfacet
  facet normal 0.628019 0.778198 0
    outer loop
      vertex 76.8501 136.591 30
      vertex 76.9071 136.545 21.5
      vertex 76.8501 136.591 21.5
    endloop
  endfacet
  facet normal 0.600437 0.799672 -0
    outer loop
      vertex 76.9657 136.501 21.5
      vertex 76.9071 136.545 30
      vertex 76.9657 136.501 30
    endloop
  endfacet
  facet normal 0.600437 0.799672 0
    outer loop
      vertex 76.9071 136.545 30
      vertex 76.9657 136.501 21.5
      vertex 76.9071 136.545 21.5
    endloop
  endfacet
  facet normal 0.974043 0.226362 0
    outer loop
      vertex 76.1624 137.692 30
      vertex 76.1459 137.763 21.5
      vertex 76.1459 137.763 30
    endloop
  endfacet
  facet normal 0.974043 0.226362 0
    outer loop
      vertex 76.1459 137.763 21.5
      vertex 76.1624 137.692 30
      vertex 76.1624 137.692 21.5
    endloop
  endfacet
  facet normal 0.945344 0.326075 0
    outer loop
      vertex 76.2266 137.482 30
      vertex 76.2028 137.551 21.5
      vertex 76.2028 137.551 30
    endloop
  endfacet
  facet normal 0.945344 0.326075 0
    outer loop
      vertex 76.2028 137.551 21.5
      vertex 76.2266 137.482 30
      vertex 76.2266 137.482 21.5
    endloop
  endfacet
  facet normal 0.992447 0.122677 0
    outer loop
      vertex 76.1204 137.908 30
      vertex 76.1115 137.98 21.5
      vertex 76.1115 137.98 30
    endloop
  endfacet
  facet normal 0.992447 0.122677 0
    outer loop
      vertex 76.1115 137.98 21.5
      vertex 76.1204 137.908 30
      vertex 76.1204 137.908 21.5
    endloop
  endfacet
  facet normal 0 0 1
    outer loop
      vertex 80.2987 138.273 21.5
      vertex 80.2987 138.127 21.5
      vertex 80.3 138.2 21.5
    endloop
  endfacet
  facet normal 0 0 1
    outer loop
      vertex 80.2949 138.346 21.5
      vertex 80.2987 138.127 21.5
      vertex 80.2987 138.273 21.5
    endloop
  endfacet
  facet normal 0 0 1
    outer loop
      vertex 80.2949 138.346 21.5
      vertex 80.2949 138.054 21.5
      vertex 80.2987 138.127 21.5
    endloop
  endfacet
  facet normal 0 0 1
    outer loop
      vertex 80.2885 138.42 21.5
      vertex 80.2949 138.054 21.5
      vertex 80.2949 138.346 21.5
    endloop
  endfacet
  facet normal 0 0 1
    outer loop
      vertex 80.2885 138.42 21.5
      vertex 80.2885 137.98 21.5
      vertex 80.2949 138.054 21.5
    endloop
  endfacet
  facet normal 0 0 1
    outer loop
      vertex 80.2796 138.492 21.5
      vertex 80.2885 137.98 21.5
      vertex 80.2885 138.42 21.5
    endloop
  endfacet
  facet normal 0 0 1
    outer loop
      vertex 80.2796 138.492 21.5
      vertex 80.2796 137.908 21.5
      vertex 80.2885 137.98 21.5
    endloop
  endfacet
  facet normal 0 0 1
    outer loop
      vertex 80.2681 138.565 21.5
      vertex 80.2796 137.908 21.5
      vertex 80.2796 138.492 21.5
    endloop
  endfacet
  facet normal 0 0 1
    outer loop
      vertex 80.2681 138.565 21.5
      vertex 80.2681 137.835 21.5
      vertex 80.2796 137.908 21.5
    endloop
  endfacet
  facet normal 0 0 1
    outer loop
      vertex 80.2541 138.637 21.5
      vertex 80.2681 137.835 21.5
      vertex 80.2681 138.565 21.5
    endloop
  endfacet
  facet normal 0 0 1
    outer loop
      vertex 80.2541 138.637 21.5
      vertex 80.2541 137.763 21.5
      vertex 80.2681 137.835 21.5
    endloop
  endfacet
  facet normal 0 0 1
    outer loop
      vertex 80.2376 138.708 21.5
      vertex 80.2541 137.763 21.5
      vertex 80.2541 138.637 21.5
    endloop
  endfacet
  facet normal 0 0 1
    outer loop
      vertex 80.2376 138.708 21.5
      vertex 80.2376 137.692 21.5
      vertex 80.2541 137.763 21.5
    endloop
  endfacet
  facet normal 0 0 1
    outer loop
      vertex 80.2187 138.779 21.5
      vertex 80.2376 137.692 21.5
      vertex 80.2376 138.708 21.5
    endloop
  endfacet
  facet normal 0 0 1
    outer loop
      vertex 80.2187 138.779 21.5
      vertex 80.2187 137.621 21.5
      vertex 80.2376 137.692 21.5
    endloop
  endfacet
  facet normal 0 0 1
    outer loop
      vertex 80.1972 138.849 21.5
      vertex 80.2187 137.621 21.5
      vertex 80.2187 138.779 21.5
    endloop
  endfacet
  facet normal 0 0 1
    outer loop
      vertex 80.1972 138.849 21.5
      vertex 80.1972 137.551 21.5
      vertex 80.2187 137.621 21.5
    endloop
  endfacet
  facet normal 0 0 1
    outer loop
      vertex 80.1734 138.918 21.5
      vertex 80.1972 137.551 21.5
      vertex 80.1972 138.849 21.5
    endloop
  endfacet
  facet normal 0 0 1
    outer loop
      vertex 80.1734 138.918 21.5
      vertex 80.1734 137.482 21.5
      vertex 80.1972 137.551 21.5
    endloop
  endfacet
  facet normal 0 0 1
    outer loop
      vertex 80.1471 138.987 21.5
      vertex 80.1734 137.482 21.5
      vertex 80.1734 138.918 21.5
    endloop
  endfacet
  facet normal 0 0 1
    outer loop
      vertex 80.1471 138.987 21.5
      vertex 80.1471 137.413 21.5
      vertex 80.1734 137.482 21.5
    endloop
  endfacet
  facet normal 0 0 1
    outer loop
      vertex 80.1184 139.054 21.5
      vertex 80.1471 137.413 21.5
      vertex 80.1471 138.987 21.5
    endloop
  endfacet
  facet normal 0 0 1
    outer loop
      vertex 80.1184 139.054 21.5
      vertex 80.1184 137.346 21.5
      vertex 80.1471 137.413 21.5
    endloop
  endfacet
  facet normal 0 0 1
    outer loop
      vertex 80.0875 139.121 21.5
      vertex 80.1184 137.346 21.5
      vertex 80.1184 139.054 21.5
    endloop
  endfacet
  facet normal 0 0 1
    outer loop
      vertex 80.0875 139.121 21.5
      vertex 80.0875 137.279 21.5
      vertex 80.1184 137.346 21.5
    endloop
  endfacet
  facet normal 0 0 1
    outer loop
      vertex 80.0542 139.186 21.5
      vertex 80.0875 137.279 21.5
      vertex 80.0875 139.121 21.5
    endloop
  endfacet
  facet normal 0 0 1
    outer loop
      vertex 80.0542 139.186 21.5
      vertex 80.0542 137.214 21.5
      vertex 80.0875 137.279 21.5
    endloop
  endfacet
  facet normal 0 0 1
    outer loop
      vertex 80.0187 139.25 21.5
      vertex 80.0542 137.214 21.5
      vertex 80.0542 139.186 21.5
    endloop
  endfacet
  facet normal 0 0 1
    outer loop
      vertex 80.0187 139.25 21.5
      vertex 80.0187 137.15 21.5
      vertex 80.0542 137.214 21.5
    endloop
  endfacet
  facet normal 0 0 1
    outer loop
      vertex 79.9809 139.313 21.5
      vertex 80.0187 137.15 21.5
      vertex 80.0187 139.25 21.5
    endloop
  endfacet
  facet normal 0 0 1
    outer loop
      vertex 79.9809 139.313 21.5
      vertex 79.9809 137.087 21.5
      vertex 80.0187 137.15 21.5
    endloop
  endfacet
  facet normal 0 0 1
    outer loop
      vertex 79.941 139.374 21.5
      vertex 79.9809 137.087 21.5
      vertex 79.9809 139.313 21.5
    endloop
  endfacet
  facet normal 0 0 1
    outer loop
      vertex 79.941 139.374 21.5
      vertex 79.941 137.026 21.5
      vertex 79.9809 137.087 21.5
    endloop
  endfacet
  facet normal 0 0 1
    outer loop
      vertex 79.8989 139.434 21.5
      vertex 79.941 137.026 21.5
      vertex 79.941 139.374 21.5
    endloop
  endfacet
  facet normal 0 0 1
    outer loop
      vertex 79.8989 139.434 21.5
      vertex 79.8989 136.966 21.5
      vertex 79.941 137.026 21.5
    endloop
  endfacet
  facet normal 0 0 1
    outer loop
      vertex 79.8548 139.493 21.5
      vertex 79.8989 136.966 21.5
      vertex 79.8989 139.434 21.5
    endloop
  endfacet
  facet normal 0 0 1
    outer loop
      vertex 79.8548 139.493 21.5
      vertex 79.8548 136.907 21.5
      vertex 79.8989 136.966 21.5
    endloop
  endfacet
  facet normal 0 0 1
    outer loop
      vertex 79.8087 139.55 21.5
      vertex 79.8548 136.907 21.5
      vertex 79.8548 139.493 21.5
    endloop
  endfacet
  facet normal 0 0 1
    outer loop
      vertex 79.8087 139.55 21.5
      vertex 79.8087 136.85 21.5
      vertex 79.8548 136.907 21.5
    endloop
  endfacet
  facet normal 0 0 1
    outer loop
      vertex 79.7606 139.605 21.5
      vertex 79.8087 136.85 21.5
      vertex 79.8087 139.55 21.5
    endloop
  endfacet
  facet normal 0 0 1
    outer loop
      vertex 79.7606 139.605 21.5
      vertex 79.7606 136.795 21.5
      vertex 79.8087 136.85 21.5
    endloop
  endfacet
  facet normal 0 0 1
    outer loop
      vertex 79.7106 139.659 21.5
      vertex 79.7606 136.795 21.5
      vertex 79.7606 139.605 21.5
    endloop
  endfacet
  facet normal 0 0 1
    outer loop
      vertex 79.7106 139.659 21.5
      vertex 79.7106 136.741 21.5
      vertex 79.7606 136.795 21.5
    endloop
  endfacet
  facet normal 0 0 1
    outer loop
      vertex 79.6588 139.711 21.5
      vertex 79.7106 136.741 21.5
      vertex 79.7106 139.659 21.5
    endloop
  endfacet
  facet normal 0 0 1
    outer loop
      vertex 79.6588 139.711 21.5
      vertex 79.6588 136.689 21.5
      vertex 79.7106 136.741 21.5
    endloop
  endfacet
  facet normal 0 0 1
    outer loop
      vertex 79.6052 139.761 21.5
      vertex 79.6588 136.689 21.5
      vertex 79.6588 139.711 21.5
    endloop
  endfacet
  facet normal 0 0 1
    outer loop
      vertex 79.6052 139.761 21.5
      vertex 79.6052 136.639 21.5
      vertex 79.6588 136.689 21.5
    endloop
  endfacet
  facet normal 0 0 1
    outer loop
      vertex 79.5499 139.809 21.5
      vertex 79.6052 136.639 21.5
      vertex 79.6052 139.761 21.5
    endloop
  endfacet
  facet normal 0 0 1
    outer loop
      vertex 79.5499 139.809 21.5
      vertex 79.5499 136.591 21.5
      vertex 79.6052 136.639 21.5
    endloop
  endfacet
  facet normal 0 0 1
    outer loop
      vertex 79.4929 139.855 21.5
      vertex 79.5499 136.591 21.5
      vertex 79.5499 139.809 21.5
    endloop
  endfacet
  facet normal 0 0 1
    outer loop
      vertex 79.4929 139.855 21.5
      vertex 79.4929 136.545 21.5
      vertex 79.5499 136.591 21.5
    endloop
  endfacet
  facet normal 0 0 1
    outer loop
      vertex 79.4343 139.899 21.5
      vertex 79.4929 136.545 21.5
      vertex 79.4929 139.855 21.5
    endloop
  endfacet
  facet normal 0 0 1
    outer loop
      vertex 79.4343 139.899 21.5
      vertex 79.4343 136.501 21.5
      vertex 79.4929 136.545 21.5
    endloop
  endfacet
  facet normal 0 0 1
    outer loop
      vertex 79.3743 139.941 21.5
      vertex 79.4343 136.501 21.5
      vertex 79.4343 139.899 21.5
    endloop
  endfacet
  facet normal 0 0 1
    outer loop
      vertex 79.3743 139.941 21.5
      vertex 79.3743 136.459 21.5
      vertex 79.4343 136.501 21.5
    endloop
  endfacet
  facet normal 0 0 1
    outer loop
      vertex 79.3128 139.981 21.5
      vertex 79.3743 136.459 21.5
      vertex 79.3743 139.941 21.5
    endloop
  endfacet
  facet normal 0 0 1
    outer loop
      vertex 79.3128 139.981 21.5
      vertex 79.3128 136.419 21.5
      vertex 79.3743 136.459 21.5
    endloop
  endfacet
  facet normal 0 0 1
    outer loop
      vertex 79.25 140.019 21.5
      vertex 79.3128 136.419 21.5
      vertex 79.3128 139.981 21.5
    endloop
  endfacet
  facet normal 0 0 1
    outer loop
      vertex 79.25 140.019 21.5
      vertex 79.25 136.381 21.5
      vertex 79.3128 136.419 21.5
    endloop
  endfacet
  facet normal 0 0 1
    outer loop
      vertex 79.1859 140.054 21.5
      vertex 79.25 136.381 21.5
      vertex 79.25 140.019 21.5
    endloop
  endfacet
  facet normal 0 0 1
    outer loop
      vertex 79.1859 140.054 21.5
      vertex 79.1859 136.346 21.5
      vertex 79.25 136.381 21.5
    endloop
  endfacet
  facet normal 0 0 1
    outer loop
      vertex 79.1206 140.087 21.5
      vertex 79.1859 136.346 21.5
      vertex 79.1859 140.054 21.5
    endloop
  endfacet
  facet normal 0 0 1
    outer loop
      vertex 79.1206 140.087 21.5
      vertex 79.1206 136.313 21.5
      vertex 79.1859 136.346 21.5
    endloop
  endfacet
  facet normal 0 0 1
    outer loop
      vertex 79.0541 140.118 21.5
      vertex 79.1206 136.313 21.5
      vertex 79.1206 140.087 21.5
    endloop
  endfacet
  facet normal 0 0 1
    outer loop
      vertex 79.0541 140.118 21.5
      vertex 79.0541 136.282 21.5
      vertex 79.1206 136.313 21.5
    endloop
  endfacet
  facet normal 0 0 1
    outer loop
      vertex 78.9867 140.147 21.5
      vertex 79.0541 136.282 21.5
      vertex 79.0541 140.118 21.5
    endloop
  endfacet
  facet normal 0 0 1
    outer loop
      vertex 78.9867 140.147 21.5
      vertex 78.9867 136.253 21.5
      vertex 79.0541 136.282 21.5
    endloop
  endfacet
  facet normal 0 0 1
    outer loop
      vertex 78.9182 140.173 21.5
      vertex 78.9867 136.253 21.5
      vertex 78.9867 140.147 21.5
    endloop
  endfacet
  facet normal 0 0 1
    outer loop
      vertex 78.9182 140.173 21.5
      vertex 78.9182 136.227 21.5
      vertex 78.9867 136.253 21.5
    endloop
  endfacet
  facet normal 0 0 1
    outer loop
      vertex 78.8489 140.197 21.5
      vertex 78.9182 136.227 21.5
      vertex 78.9182 140.173 21.5
    endloop
  endfacet
  facet normal 0 0 1
    outer loop
      vertex 78.8489 140.197 21.5
      vertex 78.8489 136.203 21.5
      vertex 78.9182 136.227 21.5
    endloop
  endfacet
  facet normal 0 0 1
    outer loop
      vertex 78.7788 140.219 21.5
      vertex 78.8489 136.203 21.5
      vertex 78.8489 140.197 21.5
    endloop
  endfacet
  facet normal 0 0 1
    outer loop
      vertex 78.7788 140.219 21.5
      vertex 78.7788 136.181 21.5
      vertex 78.8489 136.203 21.5
    endloop
  endfacet
  facet normal 0 0 1
    outer loop
      vertex 78.708 140.238 21.5
      vertex 78.7788 136.181 21.5
      vertex 78.7788 140.219 21.5
    endloop
  endfacet
  facet normal 0 0 1
    outer loop
      vertex 78.708 140.238 21.5
      vertex 78.708 136.162 21.5
      vertex 78.7788 136.181 21.5
    endloop
  endfacet
  facet normal 0 0 1
    outer loop
      vertex 78.6366 140.254 21.5
      vertex 78.708 136.162 21.5
      vertex 78.708 140.238 21.5
    endloop
  endfacet
  facet normal 0 0 1
    outer loop
      vertex 78.6366 140.254 21.5
      vertex 78.6366 136.146 21.5
      vertex 78.708 136.162 21.5
    endloop
  endfacet
  facet normal 0 0 1
    outer loop
      vertex 78.5647 140.268 21.5
      vertex 78.6366 136.146 21.5
      vertex 78.6366 140.254 21.5
    endloop
  endfacet
  facet normal 0 0 1
    outer loop
      vertex 78.5647 140.268 21.5
      vertex 78.5647 136.132 21.5
      vertex 78.6366 136.146 21.5
    endloop
  endfacet
  facet normal 0 0 1
    outer loop
      vertex 78.4923 140.28 21.5
      vertex 78.5647 136.132 21.5
      vertex 78.5647 140.268 21.5
    endloop
  endfacet
  facet normal 0 0 1
    outer loop
      vertex 78.4923 140.28 21.5
      vertex 78.4923 136.12 21.5
      vertex 78.5647 136.132 21.5
    endloop
  endfacet
  facet normal 0 0 1
    outer loop
      vertex 78.4195 140.288 21.5
      vertex 78.4923 136.12 21.5
      vertex 78.4923 140.28 21.5
    endloop
  endfacet
  facet normal 0 0 1
    outer loop
      vertex 78.4195 140.288 21.5
      vertex 78.4195 136.112 21.5
      vertex 78.4923 136.12 21.5
    endloop
  endfacet
  facet normal 0 0 1
    outer loop
      vertex 78.3465 140.295 21.5
      vertex 78.4195 136.112 21.5
      vertex 78.4195 140.288 21.5
    endloop
  endfacet
  facet normal 0 0 1
    outer loop
      vertex 78.3465 140.295 21.5
      vertex 78.3465 136.105 21.5
      vertex 78.4195 136.112 21.5
    endloop
  endfacet
  facet normal 0 0 1
    outer loop
      vertex 78.2733 140.299 21.5
      vertex 78.3465 136.105 21.5
      vertex 78.3465 140.295 21.5
    endloop
  endfacet
  facet normal 0 0 1
    outer loop
      vertex 78.2733 140.299 21.5
      vertex 78.2733 136.101 21.5
      vertex 78.3465 136.105 21.5
    endloop
  endfacet
  facet normal 0 0 1
    outer loop
      vertex 78.2 140.3 21.5
      vertex 78.2733 136.101 21.5
      vertex 78.2733 140.299 21.5
    endloop
  endfacet
  facet normal 0 0 1
    outer loop
      vertex 78.2 140.3 21.5
      vertex 78.2 136.1 21.5
      vertex 78.2733 136.101 21.5
    endloop
  endfacet
  facet normal -0 0 1
    outer loop
      vertex 78.1267 140.299 21.5
      vertex 78.2 136.1 21.5
      vertex 78.2 140.3 21.5
    endloop
  endfacet
  facet normal 0 0 1
    outer loop
      vertex 78.1267 140.299 21.5
      vertex 78.1267 136.101 21.5
      vertex 78.2 136.1 21.5
    endloop
  endfacet
  facet normal -0 0 1
    outer loop
      vertex 78.0535 140.295 21.5
      vertex 78.1267 136.101 21.5
      vertex 78.1267 140.299 21.5
    endloop
  endfacet
  facet normal 0 0 1
    outer loop
      vertex 78.0535 140.295 21.5
      vertex 78.0535 136.105 21.5
      vertex 78.1267 136.101 21.5
    endloop
  endfacet
  facet normal -0 0 1
    outer loop
      vertex 77.9805 140.288 21.5
      vertex 78.0535 136.105 21.5
      vertex 78.0535 140.295 21.5
    endloop
  endfacet
  facet normal 0 0 1
    outer loop
      vertex 77.9805 140.288 21.5
      vertex 77.9805 136.112 21.5
      vertex 78.0535 136.105 21.5
    endloop
  endfacet
  facet normal -0 0 1
    outer loop
      vertex 77.9077 140.28 21.5
      vertex 77.9805 136.112 21.5
      vertex 77.9805 140.288 21.5
    endloop
  endfacet
  facet normal 0 0 1
    outer loop
      vertex 77.9077 140.28 21.5
      vertex 77.9077 136.12 21.5
      vertex 77.9805 136.112 21.5
    endloop
  endfacet
  facet normal -0 0 1
    outer loop
      vertex 77.8353 140.268 21.5
      vertex 77.9077 136.12 21.5
      vertex 77.9077 140.28 21.5
    endloop
  endfacet
  facet normal 0 0 1
    outer loop
      vertex 77.8353 140.268 21.5
      vertex 77.8353 136.132 21.5
      vertex 77.9077 136.12 21.5
    endloop
  endfacet
  facet normal -0 0 1
    outer loop
      vertex 77.7634 140.254 21.5
      vertex 77.8353 136.132 21.5
      vertex 77.8353 140.268 21.5
    endloop
  endfacet
  facet normal 0 0 1
    outer loop
      vertex 77.7634 140.254 21.5
      vertex 77.7634 136.146 21.5
      vertex 77.8353 136.132 21.5
    endloop
  endfacet
  facet normal -0 0 1
    outer loop
      vertex 77.692 140.238 21.5
      vertex 77.7634 136.146 21.5
      vertex 77.7634 140.254 21.5
    endloop
  endfacet
  facet normal 0 0 1
    outer loop
      vertex 77.692 140.238 21.5
      vertex 77.692 136.162 21.5
      vertex 77.7634 136.146 21.5
    endloop
  endfacet
  facet normal -0 0 1
    outer loop
      vertex 77.6212 140.219 21.5
      vertex 77.692 136.162 21.5
      vertex 77.692 140.238 21.5
    endloop
  endfacet
  facet normal 0 0 1
    outer loop
      vertex 77.6212 140.219 21.5
      vertex 77.6212 136.181 21.5
      vertex 77.692 136.162 21.5
    endloop
  endfacet
  facet normal -0 0 1
    outer loop
      vertex 77.5511 140.197 21.5
      vertex 77.6212 136.181 21.5
      vertex 77.6212 140.219 21.5
    endloop
  endfacet
  facet normal 0 0 1
    outer loop
      vertex 77.5511 140.197 21.5
      vertex 77.5511 136.203 21.5
      vertex 77.6212 136.181 21.5
    endloop
  endfacet
  facet normal -0 0 1
    outer loop
      vertex 77.4818 140.173 21.5
      vertex 77.5511 136.203 21.5
      vertex 77.5511 140.197 21.5
    endloop
  endfacet
  facet normal 0 0 1
    outer loop
      vertex 77.4818 140.173 21.5
      vertex 77.4818 136.227 21.5
      vertex 77.5511 136.203 21.5
    endloop
  endfacet
  facet normal -0 0 1
    outer loop
      vertex 77.4133 140.147 21.5
      vertex 77.4818 136.227 21.5
      vertex 77.4818 140.173 21.5
    endloop
  endfacet
  facet normal 0 0 1
    outer loop
      vertex 77.4133 140.147 21.5
      vertex 77.4133 136.253 21.5
      vertex 77.4818 136.227 21.5
    endloop
  endfacet
  facet normal -0 0 1
    outer loop
      vertex 77.3459 140.118 21.5
      vertex 77.4133 136.253 21.5
      vertex 77.4133 140.147 21.5
    endloop
  endfacet
  facet normal 0 0 1
    outer loop
      vertex 77.3459 140.118 21.5
      vertex 77.3459 136.282 21.5
      vertex 77.4133 136.253 21.5
    endloop
  endfacet
  facet normal -0 0 1
    outer loop
      vertex 77.2794 140.087 21.5
      vertex 77.3459 136.282 21.5
      vertex 77.3459 140.118 21.5
    endloop
  endfacet
  facet normal 0 0 1
    outer loop
      vertex 77.2794 140.087 21.5
      vertex 77.2794 136.313 21.5
      vertex 77.3459 136.282 21.5
    endloop
  endfacet
  facet normal -0 0 1
    outer loop
      vertex 77.2141 140.054 21.5
      vertex 77.2794 136.313 21.5
      vertex 77.2794 140.087 21.5
    endloop
  endfacet
  facet normal 0 0 1
    outer loop
      vertex 77.2141 140.054 21.5
      vertex 77.2141 136.346 21.5
      vertex 77.2794 136.313 21.5
    endloop
  endfacet
  facet normal -0 0 1
    outer loop
      vertex 77.15 140.019 21.5
      vertex 77.2141 136.346 21.5
      vertex 77.2141 140.054 21.5
    endloop
  endfacet
  facet normal 0 0 1
    outer loop
      vertex 77.15 140.019 21.5
      vertex 77.15 136.381 21.5
      vertex 77.2141 136.346 21.5
    endloop
  endfacet
  facet normal -0 0 1
    outer loop
      vertex 77.0872 139.981 21.5
      vertex 77.15 136.381 21.5
      vertex 77.15 140.019 21.5
    endloop
  endfacet
  facet normal 0 0 1
    outer loop
      vertex 77.0872 139.981 21.5
      vertex 77.0872 136.419 21.5
      vertex 77.15 136.381 21.5
    endloop
  endfacet
  facet normal -0 0 1
    outer loop
      vertex 77.0257 139.941 21.5
      vertex 77.0872 136.419 21.5
      vertex 77.0872 139.981 21.5
    endloop
  endfacet
  facet normal 0 0 1
    outer loop
      vertex 77.0257 139.941 21.5
      vertex 77.0257 136.459 21.5
      vertex 77.0872 136.419 21.5
    endloop
  endfacet
  facet normal -0 0 1
    outer loop
      vertex 76.9657 139.899 21.5
      vertex 77.0257 136.459 21.5
      vertex 77.0257 139.941 21.5
    endloop
  endfacet
  facet normal 0 0 1
    outer loop
      vertex 76.9657 139.899 21.5
      vertex 76.9657 136.501 21.5
      vertex 77.0257 136.459 21.5
    endloop
  endfacet
  facet normal -0 0 1
    outer loop
      vertex 76.9071 139.855 21.5
      vertex 76.9657 136.501 21.5
      vertex 76.9657 139.899 21.5
    endloop
  endfacet
  facet normal 0 0 1
    outer loop
      vertex 76.9071 139.855 21.5
      vertex 76.9071 136.545 21.5
      vertex 76.9657 136.501 21.5
    endloop
  endfacet
  facet normal -0 0 1
    outer loop
      vertex 76.8501 139.809 21.5
      vertex 76.9071 136.545 21.5
      vertex 76.9071 139.855 21.5
    endloop
  endfacet
  facet normal 0 0 1
    outer loop
      vertex 76.8501 139.809 21.5
      vertex 76.8501 136.591 21.5
      vertex 76.9071 136.545 21.5
    endloop
  endfacet
  facet normal -0 0 1
    outer loop
      vertex 76.7948 139.761 21.5
      vertex 76.8501 136.591 21.5
      vertex 76.8501 139.809 21.5
    endloop
  endfacet
  facet normal 0 0 1
    outer loop
      vertex 76.7948 139.761 21.5
      vertex 76.7948 136.639 21.5
      vertex 76.8501 136.591 21.5
    endloop
  endfacet
  facet normal -0 0 1
    outer loop
      vertex 76.7412 139.711 21.5
      vertex 76.7948 136.639 21.5
      vertex 76.7948 139.761 21.5
    endloop
  endfacet
  facet normal 0 0 1
    outer loop
      vertex 76.7412 139.711 21.5
      vertex 76.7412 136.689 21.5
      vertex 76.7948 136.639 21.5
    endloop
  endfacet
  facet normal -0 0 1
    outer loop
      vertex 76.6894 139.659 21.5
      vertex 76.7412 136.689 21.5
      vertex 76.7412 139.711 21.5
    endloop
  endfacet
  facet normal 0 0 1
    outer loop
      vertex 76.6894 139.659 21.5
      vertex 76.6894 136.741 21.5
      vertex 76.7412 136.689 21.5
    endloop
  endfacet
  facet normal -0 0 1
    outer loop
      vertex 76.6394 139.605 21.5
      vertex 76.6894 136.741 21.5
      vertex 76.6894 139.659 21.5
    endloop
  endfacet
  facet normal 0 0 1
    outer loop
      vertex 76.6394 139.605 21.5
      vertex 76.6394 136.795 21.5
      vertex 76.6894 136.741 21.5
    endloop
  endfacet
  facet normal -0 0 1
    outer loop
      vertex 76.5913 139.55 21.5
      vertex 76.6394 136.795 21.5
      vertex 76.6394 139.605 21.5
    endloop
  endfacet
  facet normal 0 0 1
    outer loop
      vertex 76.5913 139.55 21.5
      vertex 76.5913 136.85 21.5
      vertex 76.6394 136.795 21.5
    endloop
  endfacet
  facet normal -0 0 1
    outer loop
      vertex 76.5452 139.493 21.5
      vertex 76.5913 136.85 21.5
      vertex 76.5913 139.55 21.5
    endloop
  endfacet
  facet normal 0 0 1
    outer loop
      vertex 76.5452 139.493 21.5
      vertex 76.5452 136.907 21.5
      vertex 76.5913 136.85 21.5
    endloop
  endfacet
  facet normal -0 0 1
    outer loop
      vertex 76.5011 139.434 21.5
      vertex 76.5452 136.907 21.5
      vertex 76.5452 139.493 21.5
    endloop
  endfacet
  facet normal 0 0 1
    outer loop
      vertex 76.5011 139.434 21.5
      vertex 76.5011 136.966 21.5
      vertex 76.5452 136.907 21.5
    endloop
  endfacet
  facet normal -0 0 1
    outer loop
      vertex 76.459 139.374 21.5
      vertex 76.5011 136.966 21.5
      vertex 76.5011 139.434 21.5
    endloop
  endfacet
  facet normal 0 0 1
    outer loop
      vertex 76.459 139.374 21.5
      vertex 76.459 137.026 21.5
      vertex 76.5011 136.966 21.5
    endloop
  endfacet
  facet normal -0 0 1
    outer loop
      vertex 76.4191 139.313 21.5
      vertex 76.459 137.026 21.5
      vertex 76.459 139.374 21.5
    endloop
  endfacet
  facet normal 0 0 1
    outer loop
      vertex 76.4191 139.313 21.5
      vertex 76.4191 137.087 21.5
      vertex 76.459 137.026 21.5
    endloop
  endfacet
  facet normal -0 0 1
    outer loop
      vertex 76.3813 139.25 21.5
      vertex 76.4191 137.087 21.5
      vertex 76.4191 139.313 21.5
    endloop
  endfacet
  facet normal 0 0 1
    outer loop
      vertex 76.3813 139.25 21.5
      vertex 76.3813 137.15 21.5
      vertex 76.4191 137.087 21.5
    endloop
  endfacet
  facet normal -0 0 1
    outer loop
      vertex 76.3458 139.186 21.5
      vertex 76.3813 137.15 21.5
      vertex 76.3813 139.25 21.5
    endloop
  endfacet
  facet normal 0 0 1
    outer loop
      vertex 76.3458 139.186 21.5
      vertex 76.3458 137.214 21.5
      vertex 76.3813 137.15 21.5
    endloop
  endfacet
  facet normal -0 0 1
    outer loop
      vertex 76.3125 139.121 21.5
      vertex 76.3458 137.214 21.5
      vertex 76.3458 139.186 21.5
    endloop
  endfacet
  facet normal 0 0 1
    outer loop
      vertex 76.3125 139.121 21.5
      vertex 76.3125 137.279 21.5
      vertex 76.3458 137.214 21.5
    endloop
  endfacet
  facet normal -0 0 1
    outer loop
      vertex 76.2816 139.054 21.5
      vertex 76.3125 137.279 21.5
      vertex 76.3125 139.121 21.5
    endloop
  endfacet
  facet normal 0 0 1
    outer loop
      vertex 76.2816 139.054 21.5
      vertex 76.2816 137.346 21.5
      vertex 76.3125 137.279 21.5
    endloop
  endfacet
  facet normal -0 0 1
    outer loop
      vertex 76.2529 138.987 21.5
      vertex 76.2816 137.346 21.5
      vertex 76.2816 139.054 21.5
    endloop
  endfacet
  facet normal 0 0 1
    outer loop
      vertex 76.2529 138.987 21.5
      vertex 76.2529 137.413 21.5
      vertex 76.2816 137.346 21.5
    endloop
  endfacet
  facet normal -0 0 1
    outer loop
      vertex 76.2266 138.918 21.5
      vertex 76.2529 137.413 21.5
      vertex 76.2529 138.987 21.5
    endloop
  endfacet
  facet normal 0 0 1
    outer loop
      vertex 76.2266 138.918 21.5
      vertex 76.2266 137.482 21.5
      vertex 76.2529 137.413 21.5
    endloop
  endfacet
  facet normal -0 0 1
    outer loop
      vertex 76.2028 138.849 21.5
      vertex 76.2266 137.482 21.5
      vertex 76.2266 138.918 21.5
    endloop
  endfacet
  facet normal 0 0 1
    outer loop
      vertex 76.2028 138.849 21.5
      vertex 76.2028 137.551 21.5
      vertex 76.2266 137.482 21.5
    endloop
  endfacet
  facet normal -0 0 1
    outer loop
      vertex 76.1814 138.779 21.5
      vertex 76.2028 137.551 21.5
      vertex 76.2028 138.849 21.5
    endloop
  endfacet
  facet normal 0 0 1
    outer loop
      vertex 76.1814 138.779 21.5
      vertex 76.1814 137.621 21.5
      vertex 76.2028 137.551 21.5
    endloop
  endfacet
  facet normal -0 0 1
    outer loop
      vertex 76.1624 138.708 21.5
      vertex 76.1814 137.621 21.5
      vertex 76.1814 138.779 21.5
    endloop
  endfacet
  facet normal 0 0 1
    outer loop
      vertex 76.1624 138.708 21.5
      vertex 76.1624 137.692 21.5
      vertex 76.1814 137.621 21.5
    endloop
  endfacet
  facet normal -0 0 1
    outer loop
      vertex 76.1459 138.637 21.5
      vertex 76.1624 137.692 21.5
      vertex 76.1624 138.708 21.5
    endloop
  endfacet
  facet normal 0 0 1
    outer loop
      vertex 76.1459 138.637 21.5
      vertex 76.1459 137.763 21.5
      vertex 76.1624 137.692 21.5
    endloop
  endfacet
  facet normal -0 0 1
    outer loop
      vertex 76.1319 138.565 21.5
      vertex 76.1459 137.763 21.5
      vertex 76.1459 138.637 21.5
    endloop
  endfacet
  facet normal 0 0 1
    outer loop
      vertex 76.1319 138.565 21.5
      vertex 76.1319 137.835 21.5
      vertex 76.1459 137.763 21.5
    endloop
  endfacet
  facet normal -0 0 1
    outer loop
      vertex 76.1204 138.492 21.5
      vertex 76.1319 137.835 21.5
      vertex 76.1319 138.565 21.5
    endloop
  endfacet
  facet normal 0 0 1
    outer loop
      vertex 76.1204 138.492 21.5
      vertex 76.1204 137.908 21.5
      vertex 76.1319 137.835 21.5
    endloop
  endfacet
  facet normal -0 0 1
    outer loop
      vertex 76.1115 138.42 21.5
      vertex 76.1204 137.908 21.5
      vertex 76.1204 138.492 21.5
    endloop
  endfacet
  facet normal 0 0 1
    outer loop
      vertex 76.1115 138.42 21.5
      vertex 76.1115 137.98 21.5
      vertex 76.1204 137.908 21.5
    endloop
  endfacet
  facet normal -0 0 1
    outer loop
      vertex 76.1051 138.346 21.5
      vertex 76.1115 137.98 21.5
      vertex 76.1115 138.42 21.5
    endloop
  endfacet
  facet normal 0 0 1
    outer loop
      vertex 76.1051 138.346 21.5
      vertex 76.1051 138.054 21.5
      vertex 76.1115 137.98 21.5
    endloop
  endfacet
  facet normal -0 0 1
    outer loop
      vertex 76.1013 138.273 21.5
      vertex 76.1051 138.054 21.5
      vertex 76.1051 138.346 21.5
    endloop
  endfacet
  facet normal 0 0 1
    outer loop
      vertex 76.1013 138.273 21.5
      vertex 76.1013 138.127 21.5
      vertex 76.1051 138.054 21.5
    endloop
  endfacet
  facet normal 0 -0 1
    outer loop
      vertex 76.1013 138.127 21.5
      vertex 76.1013 138.273 21.5
      vertex 76.1 138.2 21.5
    endloop
  endfacet
  facet normal 0.996281 0.0861648 0
    outer loop
      vertex 76.1115 137.98 30
      vertex 76.1051 138.054 21.5
      vertex 76.1051 138.054 30
    endloop
  endfacet
  facet normal 0.996281 0.0861648 0
    outer loop
      vertex 76.1051 138.054 21.5
      vertex 76.1115 137.98 30
      vertex 76.1115 137.98 21.5
    endloop
  endfacet
  facet normal 0.919216 0.393754 0
    outer loop
      vertex 76.2816 137.346 30
      vertex 76.2529 137.413 21.5
      vertex 76.2529 137.413 30
    endloop
  endfacet
  facet normal 0.919216 0.393754 0
    outer loop
      vertex 76.2529 137.413 21.5
      vertex 76.2816 137.346 30
      vertex 76.2816 137.346 21.5
    endloop
  endfacet
  facet normal 0.836873 0.547397 0
    outer loop
      vertex 76.459 137.026 30
      vertex 76.4191 137.087 21.5
      vertex 76.4191 137.087 30
    endloop
  endfacet
  facet normal 0.836873 0.547397 0
    outer loop
      vertex 76.4191 137.087 21.5
      vertex 76.459 137.026 30
      vertex 76.459 137.026 21.5
    endloop
  endfacet
  facet normal 0.777531 0.628845 0
    outer loop
      vertex 76.5913 136.85 30
      vertex 76.5452 136.907 21.5
      vertex 76.5452 136.907 30
    endloop
  endfacet
  facet normal 0.777531 0.628845 0
    outer loop
      vertex 76.5452 136.907 21.5
      vertex 76.5913 136.85 30
      vertex 76.5913 136.85 21.5
    endloop
  endfacet
  facet normal -0.998648 -0.0519844 0
    outer loop
      vertex 80.2987 138.273 21.5
      vertex 80.2949 138.346 30
      vertex 80.2949 138.346 21.5
    endloop
  endfacet
  facet normal -0.998648 -0.0519844 0
    outer loop
      vertex 80.2949 138.346 30
      vertex 80.2987 138.273 21.5
      vertex 80.2987 138.273 30
    endloop
  endfacet
  facet normal -0.919216 -0.393754 0
    outer loop
      vertex 80.1471 138.987 21.5
      vertex 80.1184 139.054 30
      vertex 80.1184 139.054 21.5
    endloop
  endfacet
  facet normal -0.919216 -0.393754 0
    outer loop
      vertex 80.1184 139.054 30
      vertex 80.1471 138.987 21.5
      vertex 80.1471 138.987 30
    endloop
  endfacet
  facet normal -0.934423 -0.356164 0
    outer loop
      vertex 80.1734 138.918 21.5
      vertex 80.1471 138.987 30
      vertex 80.1471 138.987 21.5
    endloop
  endfacet
  facet normal -0.934423 -0.356164 0
    outer loop
      vertex 80.1471 138.987 30
      vertex 80.1734 138.918 21.5
      vertex 80.1734 138.918 30
    endloop
  endfacet
  facet normal -0.966348 -0.257239 0
    outer loop
      vertex 80.2376 138.708 21.5
      vertex 80.2187 138.779 30
      vertex 80.2187 138.779 21.5
    endloop
  endfacet
  facet normal -0.966348 -0.257239 0
    outer loop
      vertex 80.2187 138.779 30
      vertex 80.2376 138.708 21.5
      vertex 80.2376 138.708 30
    endloop
  endfacet
  facet normal -0.974043 -0.226362 0
    outer loop
      vertex 80.2541 138.637 21.5
      vertex 80.2376 138.708 30
      vertex 80.2376 138.708 21.5
    endloop
  endfacet
  facet normal -0.974043 -0.226362 0
    outer loop
      vertex 80.2376 138.708 30
      vertex 80.2541 138.637 21.5
      vertex 80.2541 138.637 30
    endloop
  endfacet
  facet normal -0.890003 -0.455955 0
    outer loop
      vertex 80.0875 139.121 21.5
      vertex 80.0542 139.186 30
      vertex 80.0542 139.186 21.5
    endloop
  endfacet
  facet normal -0.890003 -0.455955 0
    outer loop
      vertex 80.0542 139.186 30
      vertex 80.0875 139.121 21.5
      vertex 80.0875 139.121 30
    endloop
  endfacet
  facet normal -0.836873 -0.547397 0
    outer loop
      vertex 79.9809 139.313 21.5
      vertex 79.941 139.374 30
      vertex 79.941 139.374 21.5
    endloop
  endfacet
  facet normal -0.836873 -0.547397 0
    outer loop
      vertex 79.941 139.374 30
      vertex 79.9809 139.313 21.5
      vertex 79.9809 139.313 30
    endloop
  endfacet
  facet normal -0.752746 -0.658311 0
    outer loop
      vertex 79.8087 139.55 21.5
      vertex 79.7606 139.605 30
      vertex 79.7606 139.605 21.5
    endloop
  endfacet
  facet normal -0.752746 -0.658311 0
    outer loop
      vertex 79.7606 139.605 30
      vertex 79.8087 139.55 21.5
      vertex 79.8087 139.55 30
    endloop
  endfacet
  facet normal -0.777531 -0.628845 0
    outer loop
      vertex 79.8548 139.493 21.5
      vertex 79.8087 139.55 30
      vertex 79.8087 139.55 21.5
    endloop
  endfacet
  facet normal -0.777531 -0.628845 0
    outer loop
      vertex 79.8087 139.55 30
      vertex 79.8548 139.493 21.5
      vertex 79.8548 139.493 30
    endloop
  endfacet
  facet normal -0.708468 -0.705743 0
    outer loop
      vertex 79.7106 139.659 21.5
      vertex 79.6588 139.711 30
      vertex 79.6588 139.711 21.5
    endloop
  endfacet
  facet normal -0.708468 -0.705743 0
    outer loop
      vertex 79.6588 139.711 30
      vertex 79.7106 139.659 21.5
      vertex 79.7106 139.659 30
    endloop
  endfacet
  facet normal -0.682124 -0.731237 0
    outer loop
      vertex 79.6052 139.761 21.5
      vertex 79.6588 139.711 30
      vertex 79.6052 139.761 30
    endloop
  endfacet
  facet normal -0.682124 -0.731237 -0
    outer loop
      vertex 79.6588 139.711 30
      vertex 79.6052 139.761 21.5
      vertex 79.6588 139.711 21.5
    endloop
  endfacet
  facet normal -0.628019 -0.778198 0
    outer loop
      vertex 79.4929 139.855 21.5
      vertex 79.5499 139.809 30
      vertex 79.4929 139.855 30
    endloop
  endfacet
  facet normal -0.628019 -0.778198 -0
    outer loop
      vertex 79.5499 139.809 30
      vertex 79.4929 139.855 21.5
      vertex 79.5499 139.809 21.5
    endloop
  endfacet
  facet normal 0.0136413 -0.999907 0
    outer loop
      vertex 78.1267 140.299 21.5
      vertex 78.2 140.3 30
      vertex 78.1267 140.299 30
    endloop
  endfacet
  facet normal 0.0136413 -0.999907 0
    outer loop
      vertex 78.2 140.3 30
      vertex 78.1267 140.299 21.5
      vertex 78.2 140.3 21.5
    endloop
  endfacet
  facet normal -0.545228 -0.838288 0
    outer loop
      vertex 79.3128 139.981 21.5
      vertex 79.3743 139.941 30
      vertex 79.3128 139.981 30
    endloop
  endfacet
  facet normal -0.545228 -0.838288 -0
    outer loop
      vertex 79.3743 139.941 30
      vertex 79.3128 139.981 21.5
      vertex 79.3743 139.941 21.5
    endloop
  endfacet
  facet normal -0.422512 -0.906357 0
    outer loop
      vertex 79.0541 140.118 21.5
      vertex 79.1206 140.087 30
      vertex 79.0541 140.118 30
    endloop
  endfacet
  facet normal -0.422512 -0.906357 -0
    outer loop
      vertex 79.1206 140.087 30
      vertex 79.0541 140.118 21.5
      vertex 79.1206 140.087 21.5
    endloop
  endfacet
  facet normal -0.451036 -0.892506 0
    outer loop
      vertex 79.1206 140.087 21.5
      vertex 79.1859 140.054 30
      vertex 79.1206 140.087 30
    endloop
  endfacet
  facet normal -0.451036 -0.892506 -0
    outer loop
      vertex 79.1859 140.054 30
      vertex 79.1206 140.087 21.5
      vertex 79.1859 140.054 21.5
    endloop
  endfacet
  facet normal -0.163515 -0.986541 0
    outer loop
      vertex 78.4923 140.28 21.5
      vertex 78.5647 140.268 30
      vertex 78.4923 140.28 30
    endloop
  endfacet
  facet normal -0.163515 -0.986541 -0
    outer loop
      vertex 78.5647 140.268 30
      vertex 78.4923 140.28 21.5
      vertex 78.5647 140.268 21.5
    endloop
  endfacet
  facet normal -0.0136413 -0.999907 0
    outer loop
      vertex 78.2 140.3 21.5
      vertex 78.2733 140.299 30
      vertex 78.2 140.3 30
    endloop
  endfacet
  facet normal -0.0136413 -0.999907 -0
    outer loop
      vertex 78.2733 140.299 30
      vertex 78.2 140.3 21.5
      vertex 78.2733 140.299 21.5
    endloop
  endfacet
  facet normal -0.218667 -0.9758 0
    outer loop
      vertex 78.6366 140.254 21.5
      vertex 78.708 140.238 30
      vertex 78.6366 140.254 30
    endloop
  endfacet
  facet normal -0.218667 -0.9758 -0
    outer loop
      vertex 78.708 140.238 30
      vertex 78.6366 140.254 21.5
      vertex 78.708 140.238 21.5
    endloop
  endfacet
  facet normal 0.999841 -0.0178054 0
    outer loop
      vertex 76.1 138.2 30
      vertex 76.1013 138.273 21.5
      vertex 76.1013 138.273 30
    endloop
  endfacet
  facet normal 0.999841 -0.0178054 0
    outer loop
      vertex 76.1013 138.273 21.5
      vertex 76.1 138.2 30
      vertex 76.1 138.2 21.5
    endloop
  endfacet
  facet normal 0.945344 -0.326075 0
    outer loop
      vertex 76.2028 138.849 30
      vertex 76.2266 138.918 21.5
      vertex 76.2266 138.918 30
    endloop
  endfacet
  facet normal 0.945344 -0.326075 0
    outer loop
      vertex 76.2266 138.918 21.5
      vertex 76.2028 138.849 30
      vertex 76.2028 138.849 21.5
    endloop
  endfacet
  facet normal 0.934423 -0.356164 0
    outer loop
      vertex 76.2266 138.918 30
      vertex 76.2529 138.987 21.5
      vertex 76.2529 138.987 30
    endloop
  endfacet
  facet normal 0.934423 -0.356164 0
    outer loop
      vertex 76.2529 138.987 21.5
      vertex 76.2266 138.918 30
      vertex 76.2266 138.918 21.5
    endloop
  endfacet
  facet normal 0.981615 -0.19087 0
    outer loop
      vertex 76.1319 138.565 30
      vertex 76.1459 138.637 21.5
      vertex 76.1459 138.637 30
    endloop
  endfacet
  facet normal 0.981615 -0.19087 0
    outer loop
      vertex 76.1459 138.637 21.5
      vertex 76.1319 138.565 30
      vertex 76.1319 138.565 21.5
    endloop
  endfacet
  facet normal 0.998648 -0.0519844 0
    outer loop
      vertex 76.1013 138.273 30
      vertex 76.1051 138.346 21.5
      vertex 76.1051 138.346 30
    endloop
  endfacet
  facet normal 0.998648 -0.0519844 0
    outer loop
      vertex 76.1051 138.346 21.5
      vertex 76.1013 138.273 30
      vertex 76.1013 138.273 21.5
    endloop
  endfacet
  facet normal 0.836873 -0.547397 0
    outer loop
      vertex 76.4191 139.313 30
      vertex 76.459 139.374 21.5
      vertex 76.459 139.374 30
    endloop
  endfacet
  facet normal 0.836873 -0.547397 0
    outer loop
      vertex 76.459 139.374 21.5
      vertex 76.4191 139.313 30
      vertex 76.4191 139.313 21.5
    endloop
  endfacet
  facet normal 0.890003 -0.455955 0
    outer loop
      vertex 76.3125 139.121 30
      vertex 76.3458 139.186 21.5
      vertex 76.3458 139.186 30
    endloop
  endfacet
  facet normal 0.890003 -0.455955 0
    outer loop
      vertex 76.3458 139.186 21.5
      vertex 76.3125 139.121 30
      vertex 76.3125 139.121 21.5
    endloop
  endfacet
  facet normal 0.908078 -0.4188 0
    outer loop
      vertex 76.2816 139.054 30
      vertex 76.3125 139.121 21.5
      vertex 76.3125 139.121 30
    endloop
  endfacet
  facet normal 0.908078 -0.4188 0
    outer loop
      vertex 76.3125 139.121 21.5
      vertex 76.2816 139.054 30
      vertex 76.2816 139.054 21.5
    endloop
  endfacet
  facet normal 0.800976 -0.598696 0
    outer loop
      vertex 76.5011 139.434 30
      vertex 76.5452 139.493 21.5
      vertex 76.5452 139.493 30
    endloop
  endfacet
  facet normal 0.800976 -0.598696 0
    outer loop
      vertex 76.5452 139.493 21.5
      vertex 76.5011 139.434 30
      vertex 76.5011 139.434 21.5
    endloop
  endfacet
  facet normal 0.218667 -0.9758 0
    outer loop
      vertex 77.692 140.238 21.5
      vertex 77.7634 140.254 30
      vertex 77.692 140.238 30
    endloop
  endfacet
  facet normal 0.218667 -0.9758 0
    outer loop
      vertex 77.7634 140.254 30
      vertex 77.692 140.238 21.5
      vertex 77.7634 140.254 21.5
    endloop
  endfacet
  facet normal 0.299437 -0.954116 0
    outer loop
      vertex 77.5511 140.197 21.5
      vertex 77.6212 140.219 30
      vertex 77.5511 140.197 30
    endloop
  endfacet
  facet normal 0.299437 -0.954116 0
    outer loop
      vertex 77.6212 140.219 30
      vertex 77.5511 140.197 21.5
      vertex 77.6212 140.219 21.5
    endloop
  endfacet
  facet normal 0.35486 -0.934919 0
    outer loop
      vertex 77.4133 140.147 21.5
      vertex 77.4818 140.173 30
      vertex 77.4133 140.147 30
    endloop
  endfacet
  facet normal 0.35486 -0.934919 0
    outer loop
      vertex 77.4818 140.173 30
      vertex 77.4133 140.147 21.5
      vertex 77.4818 140.173 21.5
    endloop
  endfacet
  facet normal 0.163515 -0.986541 0
    outer loop
      vertex 77.8353 140.268 21.5
      vertex 77.9077 140.28 30
      vertex 77.8353 140.268 30
    endloop
  endfacet
  facet normal 0.163515 -0.986541 0
    outer loop
      vertex 77.9077 140.28 30
      vertex 77.8353 140.268 21.5
      vertex 77.9077 140.28 21.5
    endloop
  endfacet
  facet normal 0.0545634 -0.99851 0
    outer loop
      vertex 78.0535 140.295 21.5
      vertex 78.1267 140.299 30
      vertex 78.0535 140.295 30
    endloop
  endfacet
  facet normal 0.0545634 -0.99851 0
    outer loop
      vertex 78.1267 140.299 30
      vertex 78.0535 140.295 21.5
      vertex 78.1267 140.299 21.5
    endloop
  endfacet
  facet normal 0.517698 -0.855564 0
    outer loop
      vertex 77.0872 139.981 21.5
      vertex 77.15 140.019 30
      vertex 77.0872 139.981 30
    endloop
  endfacet
  facet normal 0.517698 -0.855564 0
    outer loop
      vertex 77.15 140.019 30
      vertex 77.0872 139.981 21.5
      vertex 77.15 140.019 21.5
    endloop
  endfacet
  facet normal 0.479236 -0.877686 0
    outer loop
      vertex 77.15 140.019 21.5
      vertex 77.2141 140.054 30
      vertex 77.15 140.019 30
    endloop
  endfacet
  facet normal 0.479236 -0.877686 0
    outer loop
      vertex 77.2141 140.054 30
      vertex 77.15 140.019 21.5
      vertex 77.2141 140.054 21.5
    endloop
  endfacet
  facet normal 0.682124 -0.731237 0
    outer loop
      vertex 76.7412 139.711 21.5
      vertex 76.7948 139.761 30
      vertex 76.7412 139.711 30
    endloop
  endfacet
  facet normal 0.682124 -0.731237 0
    outer loop
      vertex 76.7948 139.761 30
      vertex 76.7412 139.711 21.5
      vertex 76.7948 139.761 21.5
    endloop
  endfacet
  facet normal -0.999841 -0.0178054 0
    outer loop
      vertex 80.3 138.2 21.5
      vertex 80.2987 138.273 30
      vertex 80.2987 138.273 21.5
    endloop
  endfacet
  facet normal -0.999841 -0.0178054 0
    outer loop
      vertex 80.2987 138.273 30
      vertex 80.3 138.2 21.5
      vertex 80.3 138.2 30
    endloop
  endfacet
  facet normal -0.996281 0.0861648 0
    outer loop
      vertex 80.2885 137.98 21.5
      vertex 80.2949 138.054 30
      vertex 80.2949 138.054 21.5
    endloop
  endfacet
  facet normal -0.996281 0.0861648 0
    outer loop
      vertex 80.2949 138.054 30
      vertex 80.2885 137.98 21.5
      vertex 80.2885 137.98 30
    endloop
  endfacet
  facet normal -0.998648 0.0519844 0
    outer loop
      vertex 80.2949 138.054 21.5
      vertex 80.2987 138.127 30
      vertex 80.2987 138.127 21.5
    endloop
  endfacet
  facet normal -0.998648 0.0519844 0
    outer loop
      vertex 80.2987 138.127 30
      vertex 80.2949 138.054 21.5
      vertex 80.2949 138.054 30
    endloop
  endfacet
  facet normal -0.0136413 0.999907 0
    outer loop
      vertex 78.2733 136.101 21.5
      vertex 78.2 136.1 30
      vertex 78.2733 136.101 30
    endloop
  endfacet
  facet normal -0.0136413 0.999907 0
    outer loop
      vertex 78.2 136.1 30
      vertex 78.2733 136.101 21.5
      vertex 78.2 136.1 21.5
    endloop
  endfacet
  facet normal -0.974043 0.226362 0
    outer loop
      vertex 80.2376 137.692 21.5
      vertex 80.2541 137.763 30
      vertex 80.2541 137.763 21.5
    endloop
  endfacet
  facet normal -0.974043 0.226362 0
    outer loop
      vertex 80.2541 137.763 30
      vertex 80.2376 137.692 21.5
      vertex 80.2376 137.692 30
    endloop
  endfacet
  facet normal -0.955927 0.293606 0
    outer loop
      vertex 80.1972 137.551 21.5
      vertex 80.2187 137.621 30
      vertex 80.2187 137.621 21.5
    endloop
  endfacet
  facet normal -0.955927 0.293606 0
    outer loop
      vertex 80.2187 137.621 30
      vertex 80.1972 137.551 21.5
      vertex 80.1972 137.551 30
    endloop
  endfacet
  facet normal -0.966348 0.257239 0
    outer loop
      vertex 80.2187 137.621 21.5
      vertex 80.2376 137.692 30
      vertex 80.2376 137.692 21.5
    endloop
  endfacet
  facet normal -0.966348 0.257239 0
    outer loop
      vertex 80.2376 137.692 30
      vertex 80.2187 137.621 21.5
      vertex 80.2187 137.621 30
    endloop
  endfacet
  facet normal -0.908078 0.4188 0
    outer loop
      vertex 80.0875 137.279 21.5
      vertex 80.1184 137.346 30
      vertex 80.1184 137.346 21.5
    endloop
  endfacet
  facet normal -0.908078 0.4188 0
    outer loop
      vertex 80.1184 137.346 30
      vertex 80.0875 137.279 21.5
      vertex 80.0875 137.279 30
    endloop
  endfacet
  facet normal -0.800976 0.598696 0
    outer loop
      vertex 79.8548 136.907 21.5
      vertex 79.8989 136.966 30
      vertex 79.8989 136.966 21.5
    endloop
  endfacet
  facet normal -0.800976 0.598696 0
    outer loop
      vertex 79.8989 136.966 30
      vertex 79.8548 136.907 21.5
      vertex 79.8548 136.907 30
    endloop
  endfacet
  facet normal -0.777531 0.628845 0
    outer loop
      vertex 79.8087 136.85 21.5
      vertex 79.8548 136.907 30
      vertex 79.8548 136.907 21.5
    endloop
  endfacet
  facet normal -0.777531 0.628845 0
    outer loop
      vertex 79.8548 136.907 30
      vertex 79.8087 136.85 21.5
      vertex 79.8087 136.85 30
    endloop
  endfacet
  facet normal -0.0545634 0.99851 0
    outer loop
      vertex 78.3465 136.105 21.5
      vertex 78.2733 136.101 30
      vertex 78.3465 136.105 30
    endloop
  endfacet
  facet normal -0.0545634 0.99851 0
    outer loop
      vertex 78.2733 136.101 30
      vertex 78.3465 136.105 21.5
      vertex 78.2733 136.101 21.5
    endloop
  endfacet
  facet normal -0.163515 0.986541 0
    outer loop
      vertex 78.5647 136.132 21.5
      vertex 78.4923 136.12 30
      vertex 78.5647 136.132 30
    endloop
  endfacet
  facet normal -0.163515 0.986541 0
    outer loop
      vertex 78.4923 136.12 30
      vertex 78.5647 136.132 21.5
      vertex 78.4923 136.12 21.5
    endloop
  endfacet
  facet normal -0.191125 0.981566 0
    outer loop
      vertex 78.6366 136.146 21.5
      vertex 78.5647 136.132 30
      vertex 78.6366 136.146 30
    endloop
  endfacet
  facet normal -0.191125 0.981566 0
    outer loop
      vertex 78.5647 136.132 30
      vertex 78.6366 136.146 21.5
      vertex 78.5647 136.132 21.5
    endloop
  endfacet
  facet normal -0.327251 0.944937 0
    outer loop
      vertex 78.9182 136.227 21.5
      vertex 78.8489 136.203 30
      vertex 78.9182 136.227 30
    endloop
  endfacet
  facet normal -0.327251 0.944937 0
    outer loop
      vertex 78.8489 136.203 30
      vertex 78.9182 136.227 21.5
      vertex 78.8489 136.203 21.5
    endloop
  endfacet
  facet normal -0.395235 0.91858 0
    outer loop
      vertex 79.0541 136.282 21.5
      vertex 78.9867 136.253 30
      vertex 79.0541 136.282 30
    endloop
  endfacet
  facet normal -0.395235 0.91858 0
    outer loop
      vertex 78.9867 136.253 30
      vertex 79.0541 136.282 21.5
      vertex 78.9867 136.253 21.5
    endloop
  endfacet
  facet normal -0.218667 0.9758 0
    outer loop
      vertex 78.708 136.162 21.5
      vertex 78.6366 136.146 30
      vertex 78.708 136.162 30
    endloop
  endfacet
  facet normal -0.218667 0.9758 0
    outer loop
      vertex 78.6366 136.146 30
      vertex 78.708 136.162 21.5
      vertex 78.6366 136.146 21.5
    endloop
  endfacet
  facet normal -0.573462 0.819232 0
    outer loop
      vertex 79.4343 136.501 21.5
      vertex 79.3743 136.459 30
      vertex 79.4343 136.501 30
    endloop
  endfacet
  facet normal -0.573462 0.819232 0
    outer loop
      vertex 79.3743 136.459 30
      vertex 79.4343 136.501 21.5
      vertex 79.3743 136.459 21.5
    endloop
  endfacet
  facet normal -0.600437 0.799672 0
    outer loop
      vertex 79.4929 136.545 21.5
      vertex 79.4343 136.501 30
      vertex 79.4929 136.545 30
    endloop
  endfacet
  facet normal -0.600437 0.799672 0
    outer loop
      vertex 79.4343 136.501 30
      vertex 79.4929 136.545 21.5
      vertex 79.4343 136.501 21.5
    endloop
  endfacet
  facet normal -0.682124 0.731237 0
    outer loop
      vertex 79.6588 136.689 21.5
      vertex 79.6052 136.639 30
      vertex 79.6588 136.689 30
    endloop
  endfacet
  facet normal -0.682124 0.731237 0
    outer loop
      vertex 79.6052 136.639 30
      vertex 79.6588 136.689 21.5
      vertex 79.6052 136.639 21.5
    endloop
  endfacet
  facet normal -0.479236 0.877686 0
    outer loop
      vertex 79.25 136.381 21.5
      vertex 79.1859 136.346 30
      vertex 79.25 136.381 30
    endloop
  endfacet
  facet normal -0.479236 0.877686 0
    outer loop
      vertex 79.1859 136.346 30
      vertex 79.25 136.381 21.5
      vertex 79.1859 136.346 21.5
    endloop
  endfacet
  facet normal -0.422512 0.906357 0
    outer loop
      vertex 79.1206 136.313 21.5
      vertex 79.0541 136.282 30
      vertex 79.1206 136.313 30
    endloop
  endfacet
  facet normal -0.422512 0.906357 0
    outer loop
      vertex 79.0541 136.282 30
      vertex 79.1206 136.313 21.5
      vertex 79.0541 136.282 21.5
    endloop
  endfacet
  facet normal 0.0136413 0.999907 -0
    outer loop
      vertex 78.2 136.1 21.5
      vertex 78.1267 136.101 30
      vertex 78.2 136.1 30
    endloop
  endfacet
  facet normal 0.0136413 0.999907 0
    outer loop
      vertex 78.1267 136.101 30
      vertex 78.2 136.1 21.5
      vertex 78.1267 136.101 21.5
    endloop
  endfacet
  facet normal 0.191125 0.981566 -0
    outer loop
      vertex 77.8353 136.132 21.5
      vertex 77.7634 136.146 30
      vertex 77.8353 136.132 30
    endloop
  endfacet
  facet normal 0.191125 0.981566 0
    outer loop
      vertex 77.7634 136.146 30
      vertex 77.8353 136.132 21.5
      vertex 77.7634 136.146 21.5
    endloop
  endfacet
  facet normal 0.163515 0.986541 -0
    outer loop
      vertex 77.9077 136.12 21.5
      vertex 77.8353 136.132 30
      vertex 77.9077 136.12 30
    endloop
  endfacet
  facet normal 0.163515 0.986541 0
    outer loop
      vertex 77.8353 136.132 30
      vertex 77.9077 136.12 21.5
      vertex 77.8353 136.132 21.5
    endloop
  endfacet
  facet normal 0.327251 0.944937 -0
    outer loop
      vertex 77.5511 136.203 21.5
      vertex 77.4818 136.227 30
      vertex 77.5511 136.203 30
    endloop
  endfacet
  facet normal 0.327251 0.944937 0
    outer loop
      vertex 77.4818 136.227 30
      vertex 77.5511 136.203 21.5
      vertex 77.4818 136.227 21.5
    endloop
  endfacet
  facet normal 0.218667 0.9758 -0
    outer loop
      vertex 77.7634 136.146 21.5
      vertex 77.692 136.162 30
      vertex 77.7634 136.146 30
    endloop
  endfacet
  facet normal 0.218667 0.9758 0
    outer loop
      vertex 77.692 136.162 30
      vertex 77.7634 136.146 21.5
      vertex 77.692 136.162 21.5
    endloop
  endfacet
  facet normal 0.545228 0.838288 -0
    outer loop
      vertex 77.0872 136.419 21.5
      vertex 77.0257 136.459 30
      vertex 77.0872 136.419 30
    endloop
  endfacet
  facet normal 0.545228 0.838288 0
    outer loop
      vertex 77.0257 136.459 30
      vertex 77.0872 136.419 21.5
      vertex 77.0257 136.459 21.5
    endloop
  endfacet
  facet normal 0.517698 0.855564 -0
    outer loop
      vertex 77.15 136.381 21.5
      vertex 77.0872 136.419 30
      vertex 77.15 136.381 30
    endloop
  endfacet
  facet normal 0.517698 0.855564 0
    outer loop
      vertex 77.0872 136.419 30
      vertex 77.15 136.381 21.5
      vertex 77.0872 136.419 21.5
    endloop
  endfacet
  facet normal 0.422512 0.906357 -0
    outer loop
      vertex 77.3459 136.282 21.5
      vertex 77.2794 136.313 30
      vertex 77.3459 136.282 30
    endloop
  endfacet
  facet normal 0.422512 0.906357 0
    outer loop
      vertex 77.2794 136.313 30
      vertex 77.3459 136.282 21.5
      vertex 77.2794 136.313 21.5
    endloop
  endfacet
  facet normal 0.573462 0.819232 -0
    outer loop
      vertex 77.0257 136.459 21.5
      vertex 76.9657 136.501 30
      vertex 77.0257 136.459 30
    endloop
  endfacet
  facet normal 0.573462 0.819232 0
    outer loop
      vertex 76.9657 136.501 30
      vertex 77.0257 136.459 21.5
      vertex 76.9657 136.501 21.5
    endloop
  endfacet
  facet normal 0.682124 0.731237 -0
    outer loop
      vertex 76.7948 136.639 21.5
      vertex 76.7412 136.689 30
      vertex 76.7948 136.639 30
    endloop
  endfacet
  facet normal 0.682124 0.731237 0
    outer loop
      vertex 76.7412 136.689 30
      vertex 76.7948 136.639 21.5
      vertex 76.7412 136.689 21.5
    endloop
  endfacet
  facet normal 0.966009 0.258509 0
    outer loop
      vertex 76.1814 137.621 30
      vertex 76.1624 137.692 21.5
      vertex 76.1624 137.692 30
    endloop
  endfacet
  facet normal 0.966009 0.258509 0
    outer loop
      vertex 76.1624 137.692 21.5
      vertex 76.1814 137.621 30
      vertex 76.1814 137.621 21.5
    endloop
  endfacet
  facet normal 0.981615 0.19087 0
    outer loop
      vertex 76.1459 137.763 30
      vertex 76.1319 137.835 21.5
      vertex 76.1319 137.835 30
    endloop
  endfacet
  facet normal 0.981615 0.19087 0
    outer loop
      vertex 76.1319 137.835 21.5
      vertex 76.1459 137.763 30
      vertex 76.1459 137.763 21.5
    endloop
  endfacet
  facet normal 0.999841 0.0178054 0
    outer loop
      vertex 76.1013 138.127 30
      vertex 76.1 138.2 21.5
      vertex 76.1 138.2 30
    endloop
  endfacet
  facet normal 0.999841 0.0178054 0
    outer loop
      vertex 76.1 138.2 21.5
      vertex 76.1013 138.127 30
      vertex 76.1013 138.127 21.5
    endloop
  endfacet
  facet normal 0.890003 0.455955 0
    outer loop
      vertex 76.3458 137.214 30
      vertex 76.3125 137.279 21.5
      vertex 76.3125 137.279 30
    endloop
  endfacet
  facet normal 0.890003 0.455955 0
    outer loop
      vertex 76.3125 137.279 21.5
      vertex 76.3458 137.214 30
      vertex 76.3458 137.214 21.5
    endloop
  endfacet
  facet normal 0.908078 0.4188 0
    outer loop
      vertex 76.3125 137.279 30
      vertex 76.2816 137.346 21.5
      vertex 76.2816 137.346 30
    endloop
  endfacet
  facet normal 0.908078 0.4188 0
    outer loop
      vertex 76.2816 137.346 21.5
      vertex 76.3125 137.279 30
      vertex 76.3125 137.279 21.5
    endloop
  endfacet
  facet normal 0.81859 0.574378 0
    outer loop
      vertex 76.5011 136.966 30
      vertex 76.459 137.026 21.5
      vertex 76.459 137.026 30
    endloop
  endfacet
  facet normal 0.81859 0.574378 0
    outer loop
      vertex 76.459 137.026 21.5
      vertex 76.5011 136.966 30
      vertex 76.5011 136.966 21.5
    endloop
  endfacet
  facet normal 0.752746 0.658311 0
    outer loop
      vertex 76.6394 136.795 30
      vertex 76.5913 136.85 21.5
      vertex 76.5913 136.85 30
    endloop
  endfacet
  facet normal 0.752746 0.658311 0
    outer loop
      vertex 76.5913 136.85 21.5
      vertex 76.6394 136.795 30
      vertex 76.6394 136.795 21.5
    endloop
  endfacet
  facet normal -0.987818 0.155615 0
    outer loop
      vertex 80.2681 137.835 21.5
      vertex 80.2796 137.908 30
      vertex 80.2796 137.908 21.5
    endloop
  endfacet
  facet normal -0.987818 0.155615 0
    outer loop
      vertex 80.2796 137.908 30
      vertex 80.2681 137.835 21.5
      vertex 80.2681 137.835 30
    endloop
  endfacet
  facet normal -0.981615 0.19087 0
    outer loop
      vertex 80.2541 137.763 21.5
      vertex 80.2681 137.835 30
      vertex 80.2681 137.835 21.5
    endloop
  endfacet
  facet normal -0.981615 0.19087 0
    outer loop
      vertex 80.2681 137.835 30
      vertex 80.2541 137.763 21.5
      vertex 80.2541 137.763 30
    endloop
  endfacet
  facet normal -0.919216 0.393754 0
    outer loop
      vertex 80.1184 137.346 21.5
      vertex 80.1471 137.413 30
      vertex 80.1471 137.413 21.5
    endloop
  endfacet
  facet normal -0.919216 0.393754 0
    outer loop
      vertex 80.1471 137.413 30
      vertex 80.1184 137.346 21.5
      vertex 80.1184 137.346 30
    endloop
  endfacet
  facet normal -0.35486 0.934919 0
    outer loop
      vertex 78.9867 136.253 21.5
      vertex 78.9182 136.227 30
      vertex 78.9867 136.253 30
    endloop
  endfacet
  facet normal -0.35486 0.934919 0
    outer loop
      vertex 78.9182 136.227 30
      vertex 78.9867 136.253 21.5
      vertex 78.9182 136.227 21.5
    endloop
  endfacet
  facet normal -0.259191 0.965826 0
    outer loop
      vertex 78.7788 136.181 21.5
      vertex 78.708 136.162 30
      vertex 78.7788 136.181 30
    endloop
  endfacet
  facet normal -0.259191 0.965826 0
    outer loop
      vertex 78.708 136.162 30
      vertex 78.7788 136.181 21.5
      vertex 78.708 136.162 21.5
    endloop
  endfacet
  facet normal -0.708468 0.705743 0
    outer loop
      vertex 79.7106 136.741 21.5
      vertex 79.6588 136.689 30
      vertex 79.7106 136.741 30
    endloop
  endfacet
  facet normal -0.708468 0.705743 0
    outer loop
      vertex 79.6588 136.689 30
      vertex 79.7106 136.741 21.5
      vertex 79.6588 136.689 21.5
    endloop
  endfacet
  facet normal -0.451036 0.892506 0
    outer loop
      vertex 79.1859 136.346 21.5
      vertex 79.1206 136.313 30
      vertex 79.1859 136.346 30
    endloop
  endfacet
  facet normal -0.451036 0.892506 0
    outer loop
      vertex 79.1206 136.313 30
      vertex 79.1859 136.346 21.5
      vertex 79.1206 136.313 21.5
    endloop
  endfacet
  facet normal 0.259191 0.965826 -0
    outer loop
      vertex 77.692 136.162 21.5
      vertex 77.6212 136.181 30
      vertex 77.692 136.162 30
    endloop
  endfacet
  facet normal 0.259191 0.965826 0
    outer loop
      vertex 77.6212 136.181 30
      vertex 77.692 136.162 21.5
      vertex 77.6212 136.181 21.5
    endloop
  endfacet
  facet normal 0.395235 0.91858 -0
    outer loop
      vertex 77.4133 136.253 21.5
      vertex 77.3459 136.282 30
      vertex 77.4133 136.253 30
    endloop
  endfacet
  facet normal 0.395235 0.91858 0
    outer loop
      vertex 77.3459 136.282 30
      vertex 77.4133 136.253 21.5
      vertex 77.3459 136.282 21.5
    endloop
  endfacet
  facet normal 0.655502 0.755193 -0
    outer loop
      vertex 76.8501 136.591 21.5
      vertex 76.7948 136.639 30
      vertex 76.8501 136.591 30
    endloop
  endfacet
  facet normal 0.655502 0.755193 0
    outer loop
      vertex 76.7948 136.639 30
      vertex 76.8501 136.591 21.5
      vertex 76.7948 136.639 21.5
    endloop
  endfacet
  facet normal 0.956309 0.292357 0
    outer loop
      vertex 76.2028 137.551 30
      vertex 76.1814 137.621 21.5
      vertex 76.1814 137.621 30
    endloop
  endfacet
  facet normal 0.956309 0.292357 0
    outer loop
      vertex 76.1814 137.621 21.5
      vertex 76.2028 137.551 30
      vertex 76.2028 137.551 21.5
    endloop
  endfacet
  facet normal 0.998648 0.0519844 0
    outer loop
      vertex 76.1051 138.054 30
      vertex 76.1013 138.127 21.5
      vertex 76.1013 138.127 30
    endloop
  endfacet
  facet normal 0.998648 0.0519844 0
    outer loop
      vertex 76.1013 138.127 21.5
      vertex 76.1051 138.054 30
      vertex 76.1051 138.054 21.5
    endloop
  endfacet
  facet normal 0.874479 0.485063 0
    outer loop
      vertex 76.3813 137.15 30
      vertex 76.3458 137.214 21.5
      vertex 76.3458 137.214 30
    endloop
  endfacet
  facet normal 0.874479 0.485063 0
    outer loop
      vertex 76.3458 137.214 21.5
      vertex 76.3813 137.15 30
      vertex 76.3813 137.15 21.5
    endloop
  endfacet
  facet normal 0.800976 0.598696 0
    outer loop
      vertex 76.5452 136.907 30
      vertex 76.5011 136.966 21.5
      vertex 76.5011 136.966 30
    endloop
  endfacet
  facet normal 0.800976 0.598696 0
    outer loop
      vertex 76.5011 136.966 21.5
      vertex 76.5452 136.907 30
      vertex 76.5452 136.907 21.5
    endloop
  endfacet
  facet normal 0.733761 0.679408 0
    outer loop
      vertex 76.6894 136.741 30
      vertex 76.6394 136.795 21.5
      vertex 76.6394 136.795 30
    endloop
  endfacet
  facet normal 0.733761 0.679408 0
    outer loop
      vertex 76.6394 136.795 21.5
      vertex 76.6894 136.741 30
      vertex 76.6894 136.741 21.5
    endloop
  endfacet
  facet normal -0.857493 0.514496 0
    outer loop
      vertex 79.9809 137.087 21.5
      vertex 80.0187 137.15 30
      vertex 80.0187 137.15 21.5
    endloop
  endfacet
  facet normal -0.857493 0.514496 0
    outer loop
      vertex 80.0187 137.15 30
      vertex 79.9809 137.087 21.5
      vertex 79.9809 137.087 30
    endloop
  endfacet
  facet normal -0.890003 0.455955 0
    outer loop
      vertex 80.0542 137.214 21.5
      vertex 80.0875 137.279 30
      vertex 80.0875 137.279 21.5
    endloop
  endfacet
  facet normal -0.890003 0.455955 0
    outer loop
      vertex 80.0875 137.279 30
      vertex 80.0542 137.214 21.5
      vertex 80.0542 137.214 30
    endloop
  endfacet
  facet normal -0.81859 0.574378 0
    outer loop
      vertex 79.8989 136.966 21.5
      vertex 79.941 137.026 30
      vertex 79.941 137.026 21.5
    endloop
  endfacet
  facet normal -0.81859 0.574378 0
    outer loop
      vertex 79.941 137.026 30
      vertex 79.8989 136.966 21.5
      vertex 79.8989 136.966 30
    endloop
  endfacet
  facet normal -0.874479 0.485063 0
    outer loop
      vertex 80.0187 137.15 21.5
      vertex 80.0542 137.214 30
      vertex 80.0542 137.214 21.5
    endloop
  endfacet
  facet normal -0.874479 0.485063 0
    outer loop
      vertex 80.0542 137.214 30
      vertex 80.0187 137.15 21.5
      vertex 80.0187 137.15 30
    endloop
  endfacet
  facet normal -0.752746 0.658311 0
    outer loop
      vertex 79.7606 136.795 21.5
      vertex 79.8087 136.85 30
      vertex 79.8087 136.85 21.5
    endloop
  endfacet
  facet normal -0.752746 0.658311 0
    outer loop
      vertex 79.8087 136.85 30
      vertex 79.7606 136.795 21.5
      vertex 79.7606 136.795 30
    endloop
  endfacet
  facet normal -0.836873 0.547397 0
    outer loop
      vertex 79.941 137.026 21.5
      vertex 79.9809 137.087 30
      vertex 79.9809 137.087 21.5
    endloop
  endfacet
  facet normal -0.836873 0.547397 0
    outer loop
      vertex 79.9809 137.087 30
      vertex 79.941 137.026 21.5
      vertex 79.941 137.026 30
    endloop
  endfacet
endsolid OpenSCAD_Model
